record_date,branch_name,total_patient_tally,item_name,beginning_stock,quantity_used,stock_received,ending_stock,animal_bite_cases,vaccinations_administered,minimum_stock_level
14/11/2025,Cainta,86,SPEEDA,50.0,13.4,161.2,197.8,48,50,70
14/11/2025,Cainta,86,ABHAYRAB,20.0,4.3,0.0,15.7,37,31,50
14/11/2025,Cainta,86,VAXIRAB,15.0,4.4,0.0,10.6,51,59,50
14/11/2025,Cainta,86,CHIRORAB,12.0,4.5,0.0,7.5,45,55,50
14/11/2025,Cainta,86,ERIG,45.0,3.4,0.0,41.6,25,31,50
14/11/2025,Cainta,86,HRIG,5.0,1.7,0.0,3.3,55,51,50
14/11/2025,Cainta,86,"ATS 1,500 ""IU""",10.0,1.7,0.0,8.3,48,63,50
14/11/2025,Cainta,86,"ATS 3000 ""IU""",8.0,1.7,11.9,18.2,49,59,50
14/11/2025,Cainta,86,"ATS 5,000 ""IU""",8.0,1.7,0.0,6.3,26,22,50
14/11/2025,Cainta,86,HTIG,6.0,0.9,0.0,5.1,37,39,50
14/11/2025,Cainta,86,TOXOID BETT,400.0,8.4,0.0,391.6,34,43,50
14/11/2025,Cainta,86,TOXOID ABHAYTOX,35.0,1.7,0.0,33.3,53,52,50
14/11/2025,Cainta,86,PPD,2.0,0.4,0.0,1.6,44,45,50
14/11/2025,Cainta,86,HEPA B,25.0,1.7,0.0,23.3,50,59,50
14/11/2025,Cainta,86,HEPA BIG,45.0,1.7,0.0,43.3,37,31,50
14/11/2025,Cainta,86,FLU,8.0,0.9,0.0,7.1,29,40,50
14/11/2025,Cainta,86,AMOXICILLIN 500MG,200.0,22.2,0.0,177.8,41,37,140
14/11/2025,Cainta,86,CEFALEXIN 500 MG,180.0,17.7,0.0,162.3,24,20,100
14/11/2025,Cainta,86,MEFENAMIC 500 MG,170.0,19.3,0.0,150.7,50,40,120
14/11/2025,Cainta,86,INSULIN,1100.0,20.9,0.0,1079.1,43,45,150
14/11/2025,Cainta,86,1CC/3CC,150.0,9.3,0.0,140.7,48,64,50
14/11/2025,Cainta,86,5CC/10CC,550.0,8.5,0.0,541.5,34,44,50
14/11/2025,Cainta,86,CETIRIZINE,650.0,17.3,0.0,632.7,55,74,100
14/11/2025,Cainta,86,G23,350.0,4.1,0.0,345.9,52,58,50
14/11/2025,Cainta,86,G27,350.0,4.2,0.0,345.8,48,51,50
14/11/2025,Cainta,86,GAUZE PAD,30.0,8.6,0.0,21.4,28,29,50
14/11/2025,Cainta,86,COTTON BALLS,2000.0,34.2,0.0,1965.8,38,31,240
14/11/2025,Cainta,86,BETADINE,1.0,0.4,0.0,0.6,23,31,50
14/11/2025,Cainta,86,ALCOHOL,1.0,0.4,0.0,0.6,27,30,50
14/11/2025,Cainta,86,FACEMASK,200.0,16.7,0.0,183.3,45,48,100
14/11/2025,Cainta,86,GLOVES,200.0,16.2,188.3,372.1,47,52,100
14/11/2025,Cainta,86,MICROPRE,50.0,4.5,21.7,67.2,55,70,50
14/11/2025,Cainta,86,STERILE WATER,20.0,2.6,0.0,17.4,33,31,50
14/11/2025,Cainta,86,REF THERMOMETER,5.0,0.9,0.0,4.1,34,42,50
14/11/2025,Cainta,86,ACRYLIC CONTAINERS,15.0,1.7,0.0,13.3,38,47,50
14/11/2025,Cainta,86,COOLER,3.0,0.4,0.0,2.6,28,37,50
14/11/2025,Cainta,86,KIDNEY BASIN,10.0,1.7,0.0,8.3,26,21,50
14/11/2025,Cainta,86,WEIGHING SCALE,2.0,0.4,0.0,1.6,38,34,50
14/11/2025,Cainta,86,FORCEPS,15.0,1.7,0.0,13.3,29,31,50
14/11/2025,Cainta,86,BETADINE CONTAINER,4.0,0.9,0.0,3.1,45,59,50
14/11/2025,Cainta,86,ALCOHOL PUMP CONTAINER,4.0,0.9,0.0,3.1,37,51,50
15/11/2025,Cainta,17,SPEEDA,197.8,2.6,0.0,195.2,10,12,70
15/11/2025,Cainta,17,ABHAYRAB,15.7,0.8,0.0,14.9,9,8,50
15/11/2025,Cainta,17,VAXIRAB,10.6,0.8,0.0,9.8,6,5,50
15/11/2025,Cainta,17,CHIRORAB,7.5,0.8,0.0,6.7,10,12,50
15/11/2025,Cainta,17,ERIG,41.6,0.7,0.0,40.9,10,9,50
15/11/2025,Cainta,17,HRIG,3.3,0.3,0.0,3.0,7,8,50
15/11/2025,Cainta,17,"ATS 1,500 ""IU""",8.3,0.3,0.0,8.0,6,8,50
15/11/2025,Cainta,17,"ATS 3000 ""IU""",18.2,0.3,0.0,17.9,9,9,50
15/11/2025,Cainta,17,"ATS 5,000 ""IU""",6.3,0.3,0.0,6.0,5,5,50
15/11/2025,Cainta,17,HTIG,5.1,0.2,0.0,4.9,6,5,50
15/11/2025,Cainta,17,TOXOID BETT,391.6,1.7,0.0,389.9,4,4,50
15/11/2025,Cainta,17,TOXOID ABHAYTOX,33.3,0.3,0.0,33.0,10,12,50
15/11/2025,Cainta,17,PPD,1.6,0.1,0.0,1.5,9,9,50
15/11/2025,Cainta,17,HEPA B,23.3,0.3,0.0,23.0,9,8,50
15/11/2025,Cainta,17,HEPA BIG,43.3,0.3,0.0,43.0,10,9,50
15/11/2025,Cainta,17,FLU,7.1,0.2,0.0,6.9,7,6,50
15/11/2025,Cainta,17,AMOXICILLIN 500MG,177.8,4.9,0.0,172.9,8,10,140
15/11/2025,Cainta,17,CEFALEXIN 500 MG,162.3,3.5,0.0,158.8,5,6,100
15/11/2025,Cainta,17,MEFENAMIC 500 MG,150.7,4.8,0.0,145.9,5,6,120
15/11/2025,Cainta,17,INSULIN,1079.1,4.7,173.3,1247.7,9,10,150
15/11/2025,Cainta,17,1CC/3CC,140.7,1.7,0.0,139.0,7,6,50
15/11/2025,Cainta,17,5CC/10CC,541.5,1.6,0.0,539.9,8,9,50
15/11/2025,Cainta,17,CETIRIZINE,632.7,3.0,282.6,912.3,9,8,100
15/11/2025,Cainta,17,G23,345.9,0.9,0.0,345.0,9,12,50
15/11/2025,Cainta,17,G27,345.8,0.9,0.0,344.9,8,7,50
15/11/2025,Cainta,17,GAUZE PAD,21.4,1.7,0.0,19.7,8,8,50
15/11/2025,Cainta,17,COTTON BALLS,1965.8,10.4,0.0,1955.4,6,5,240
15/11/2025,Cainta,17,BETADINE,0.6,0.1,0.0,0.5,4,5,50
15/11/2025,Cainta,17,ALCOHOL,0.6,0.1,0.0,0.5,7,6,50
15/11/2025,Cainta,17,FACEMASK,183.3,3.5,70.9,250.7,6,8,100
15/11/2025,Cainta,17,GLOVES,372.1,4.0,0.0,368.1,7,6,100
15/11/2025,Cainta,17,MICROPRE,67.2,0.8,0.0,66.4,10,13,50
15/11/2025,Cainta,17,STERILE WATER,17.4,0.5,0.0,16.9,6,7,50
15/11/2025,Cainta,17,REF THERMOMETER,4.1,0.2,0.0,3.9,5,5,50
15/11/2025,Cainta,17,ACRYLIC CONTAINERS,13.3,0.3,0.0,13.0,6,6,50
15/11/2025,Cainta,17,COOLER,2.6,0.1,0.0,2.5,6,6,50
15/11/2025,Cainta,17,KIDNEY BASIN,8.3,0.3,0.0,8.0,9,12,50
15/11/2025,Cainta,17,WEIGHING SCALE,1.6,0.1,0.0,1.5,8,11,50
15/11/2025,Cainta,17,FORCEPS,13.3,0.3,0.0,13.0,10,9,50
15/11/2025,Cainta,17,BETADINE CONTAINER,3.1,0.2,0.0,2.9,9,9,50
15/11/2025,Cainta,17,ALCOHOL PUMP CONTAINER,3.1,0.2,0.0,2.9,7,7,50
16/11/2025,Cainta,24,SPEEDA,195.2,4.1,0.0,191.1,14,12,70
16/11/2025,Cainta,24,ABHAYRAB,14.9,1.2,0.0,13.7,8,10,50
16/11/2025,Cainta,24,VAXIRAB,9.8,1.2,0.0,8.6,6,6,50
16/11/2025,Cainta,24,CHIRORAB,6.7,1.2,25.3,30.8,7,7,50
16/11/2025,Cainta,24,ERIG,40.9,1.0,0.0,39.9,13,17,50
16/11/2025,Cainta,24,HRIG,3.0,0.5,0.0,2.5,10,12,50
16/11/2025,Cainta,24,"ATS 1,500 ""IU""",8.0,0.5,0.0,7.5,8,10,50
16/11/2025,Cainta,24,"ATS 3000 ""IU""",17.9,0.5,0.0,17.4,11,9,50
16/11/2025,Cainta,24,"ATS 5,000 ""IU""",6.0,0.5,24.4,29.9,7,9,50
16/11/2025,Cainta,24,HTIG,4.9,0.2,0.0,4.7,13,15,50
16/11/2025,Cainta,24,TOXOID BETT,389.9,2.3,0.0,387.6,10,11,50
16/11/2025,Cainta,24,TOXOID ABHAYTOX,33.0,0.5,0.0,32.5,10,8,50
16/11/2025,Cainta,24,PPD,1.5,0.1,0.0,1.4,9,12,50
16/11/2025,Cainta,24,HEPA B,23.0,0.5,0.0,22.5,12,14,50
16/11/2025,Cainta,24,HEPA BIG,43.0,0.5,0.0,42.5,9,12,50
16/11/2025,Cainta,24,FLU,6.9,0.2,0.0,6.7,7,8,50
16/11/2025,Cainta,24,AMOXICILLIN 500MG,172.9,7.2,0.0,165.7,7,9,140
16/11/2025,Cainta,24,CEFALEXIN 500 MG,158.8,4.7,0.0,154.1,15,18,100
16/11/2025,Cainta,24,MEFENAMIC 500 MG,145.9,5.1,0.0,140.8,15,20,120
16/11/2025,Cainta,24,INSULIN,1247.7,6.8,0.0,1240.9,13,12,150
16/11/2025,Cainta,24,1CC/3CC,139.0,2.4,0.0,136.6,9,8,50
16/11/2025,Cainta,24,5CC/10CC,539.9,2.3,0.0,537.6,15,18,50
16/11/2025,Cainta,24,CETIRIZINE,912.3,4.7,0.0,907.6,13,14,100
16/11/2025,Cainta,24,G23,345.0,1.2,0.0,343.8,13,15,50
16/11/2025,Cainta,24,G27,344.9,1.3,0.0,343.6,10,12,50
16/11/2025,Cainta,24,GAUZE PAD,19.7,2.4,0.0,17.3,9,10,50
16/11/2025,Cainta,24,COTTON BALLS,1955.4,12.6,405.0,2347.8,7,9,240
16/11/2025,Cainta,24,BETADINE,0.5,0.1,0.0,0.4,15,15,50
16/11/2025,Cainta,24,ALCOHOL,0.5,0.1,0.0,0.4,10,13,50
16/11/2025,Cainta,24,FACEMASK,250.7,4.8,0.0,245.9,8,7,100
16/11/2025,Cainta,24,GLOVES,368.1,4.8,98.6,461.9,9,11,100
16/11/2025,Cainta,24,MICROPRE,66.4,1.3,47.2,112.3,12,16,50
16/11/2025,Cainta,24,STERILE WATER,16.9,0.7,0.0,16.2,8,8,50
16/11/2025,Cainta,24,REF THERMOMETER,3.9,0.2,0.0,3.7,14,14,50
16/11/2025,Cainta,24,ACRYLIC CONTAINERS,13.0,0.5,0.0,12.5,13,13,50
16/11/2025,Cainta,24,COOLER,2.5,0.1,0.0,2.4,13,15,50
16/11/2025,Cainta,24,KIDNEY BASIN,8.0,0.5,0.0,7.5,10,10,50
16/11/2025,Cainta,24,WEIGHING SCALE,1.5,0.1,0.0,1.4,12,10,50
16/11/2025,Cainta,24,FORCEPS,13.0,0.5,0.0,12.5,12,16,50
16/11/2025,Cainta,24,BETADINE CONTAINER,2.9,0.2,0.0,2.7,12,11,50
16/11/2025,Cainta,24,ALCOHOL PUMP CONTAINER,2.9,0.2,0.0,2.7,7,8,50
17/11/2025,Cainta,73,SPEEDA,191.1,9.8,0.0,181.3,30,35,70
17/11/2025,Cainta,73,ABHAYRAB,13.7,3.7,0.0,10.0,19,16,50
17/11/2025,Cainta,73,VAXIRAB,8.6,3.9,0.0,4.7,33,28,50
17/11/2025,Cainta,73,CHIRORAB,30.8,3.5,0.0,27.3,28,39,50
17/11/2025,Cainta,73,ERIG,39.9,2.9,0.0,37.0,22,26,50
17/11/2025,Cainta,73,HRIG,2.5,1.5,0.0,1.0,21,17,50
17/11/2025,Cainta,73,"ATS 1,500 ""IU""",7.5,1.5,0.0,6.0,35,45,50
17/11/2025,Cainta,73,"ATS 3000 ""IU""",17.4,1.4,0.0,16.0,23,25,50
17/11/2025,Cainta,73,"ATS 5,000 ""IU""",29.9,1.5,0.0,28.4,45,38,50
17/11/2025,Cainta,73,HTIG,4.7,0.7,0.0,4.0,35,42,50
17/11/2025,Cainta,73,TOXOID BETT,387.6,7.5,0.0,380.1,28,31,50
17/11/2025,Cainta,73,TOXOID ABHAYTOX,32.5,1.4,0.0,31.1,36,33,50
17/11/2025,Cainta,73,PPD,1.4,0.4,0.0,1.0,19,25,50
17/11/2025,Cainta,73,HEPA B,22.5,1.4,0.0,21.1,46,45,50
17/11/2025,Cainta,73,HEPA BIG,42.5,1.5,0.0,41.0,32,31,50
17/11/2025,Cainta,73,FLU,6.7,0.7,0.0,6.0,41,40,50
17/11/2025,Cainta,73,AMOXICILLIN 500MG,165.7,18.2,189.9,337.4,21,26,140
17/11/2025,Cainta,73,CEFALEXIN 500 MG,154.1,14.9,0.0,139.2,32,39,100
17/11/2025,Cainta,73,MEFENAMIC 500 MG,140.8,21.3,0.0,119.5,33,44,120
17/11/2025,Cainta,73,INSULIN,1240.9,17.2,0.0,1223.7,46,43,150
17/11/2025,Cainta,73,1CC/3CC,136.6,7.4,0.0,129.2,35,45,50
17/11/2025,Cainta,73,5CC/10CC,537.6,7.4,144.7,674.9,32,37,50
17/11/2025,Cainta,73,CETIRIZINE,907.6,15.8,0.0,891.8,26,26,100
17/11/2025,Cainta,73,G23,343.8,3.5,0.0,340.3,28,23,50
17/11/2025,Cainta,73,G27,343.6,3.5,0.0,340.1,33,43,50
17/11/2025,Cainta,73,GAUZE PAD,17.3,7.5,19.5,29.3,31,29,50
17/11/2025,Cainta,73,COTTON BALLS,2347.8,38.7,0.0,2309.1,19,22,240
17/11/2025,Cainta,73,BETADINE,0.4,0.4,0.0,0.0,42,47,50
17/11/2025,Cainta,73,ALCOHOL,0.4,0.4,0.0,0.0,44,35,50
17/11/2025,Cainta,73,FACEMASK,245.9,13.6,0.0,232.3,22,31,100
17/11/2025,Cainta,73,GLOVES,461.9,14.9,0.0,447.0,34,44,100
17/11/2025,Cainta,73,MICROPRE,112.3,3.7,0.0,108.6,21,23,50
17/11/2025,Cainta,73,STERILE WATER,16.2,2.2,0.0,14.0,38,46,50
17/11/2025,Cainta,73,REF THERMOMETER,3.7,0.7,0.0,3.0,26,28,50
17/11/2025,Cainta,73,ACRYLIC CONTAINERS,12.5,1.5,0.0,11.0,38,47,50
17/11/2025,Cainta,73,COOLER,2.4,0.4,0.0,2.0,39,34,50
17/11/2025,Cainta,73,KIDNEY BASIN,7.5,1.5,0.0,6.0,41,44,50
17/11/2025,Cainta,73,WEIGHING SCALE,1.4,0.4,0.0,1.0,21,21,50
17/11/2025,Cainta,73,FORCEPS,12.5,1.5,0.0,11.0,45,48,50
17/11/2025,Cainta,73,BETADINE CONTAINER,2.7,0.7,0.0,2.0,25,27,50
17/11/2025,Cainta,73,ALCOHOL PUMP CONTAINER,2.7,0.7,0.0,2.0,19,17,50
18/11/2025,Cainta,87,SPEEDA,181.3,14.1,110.4,277.6,41,57,70
18/11/2025,Cainta,87,ABHAYRAB,10.0,4.4,0.0,5.6,35,28,50
18/11/2025,Cainta,87,VAXIRAB,4.7,4.5,0.0,0.2,51,41,50
18/11/2025,Cainta,87,CHIRORAB,27.3,4.6,0.0,22.7,50,51,50
18/11/2025,Cainta,87,ERIG,37.0,3.5,0.0,33.5,33,39,50
18/11/2025,Cainta,87,HRIG,1.0,1.7,18.7,18.0,55,50,50
18/11/2025,Cainta,87,"ATS 1,500 ""IU""",6.0,1.7,0.0,4.3,32,36,50
18/11/2025,Cainta,87,"ATS 3000 ""IU""",16.0,1.7,0.0,14.3,40,49,50
18/11/2025,Cainta,87,"ATS 5,000 ""IU""",28.4,1.7,0.0,26.7,31,27,50
18/11/2025,Cainta,87,HTIG,4.0,0.9,0.0,3.1,54,75,50
18/11/2025,Cainta,87,TOXOID BETT,380.1,8.8,0.0,371.3,27,27,50
18/11/2025,Cainta,87,TOXOID ABHAYTOX,31.1,1.8,0.0,29.3,23,27,50
18/11/2025,Cainta,87,PPD,1.0,0.4,0.0,0.6,37,32,50
18/11/2025,Cainta,87,HEPA B,21.1,1.8,0.0,19.3,56,69,50
18/11/2025,Cainta,87,HEPA BIG,41.0,1.7,0.0,39.3,53,69,50
18/11/2025,Cainta,87,FLU,6.0,0.9,10.9,16.0,48,41,50
18/11/2025,Cainta,87,AMOXICILLIN 500MG,337.4,28.7,0.0,308.7,53,46,140
18/11/2025,Cainta,87,CEFALEXIN 500 MG,139.2,16.0,0.0,123.2,53,51,100
18/11/2025,Cainta,87,MEFENAMIC 500 MG,119.5,19.1,0.0,100.4,40,32,120
18/11/2025,Cainta,87,INSULIN,1223.7,28.1,0.0,1195.6,33,46,150
18/11/2025,Cainta,87,1CC/3CC,129.2,8.6,0.0,120.6,49,57,50
18/11/2025,Cainta,87,5CC/10CC,674.9,9.0,0.0,665.9,45,52,50
18/11/2025,Cainta,87,CETIRIZINE,891.8,18.2,0.0,873.6,35,48,100
18/11/2025,Cainta,87,G23,340.3,4.3,89.0,425.0,25,32,50
18/11/2025,Cainta,87,G27,340.1,4.2,0.0,335.9,48,62,50
18/11/2025,Cainta,87,GAUZE PAD,29.3,8.1,0.0,21.2,31,31,50
18/11/2025,Cainta,87,COTTON BALLS,2309.1,39.8,0.0,2269.3,54,54,240
18/11/2025,Cainta,87,BETADINE,0.0,0.4,20.4,20.0,30,29,50
18/11/2025,Cainta,87,ALCOHOL,0.0,0.4,14.4,14.0,26,26,50
18/11/2025,Cainta,87,FACEMASK,232.3,15.4,0.0,216.9,51,52,100
18/11/2025,Cainta,87,GLOVES,447.0,17.7,160.4,589.7,27,24,100
18/11/2025,Cainta,87,MICROPRE,108.6,4.4,22.5,126.7,28,28,50
18/11/2025,Cainta,87,STERILE WATER,14.0,2.6,19.5,30.9,43,46,50
18/11/2025,Cainta,87,REF THERMOMETER,3.0,0.9,0.0,2.1,52,51,50
18/11/2025,Cainta,87,ACRYLIC CONTAINERS,11.0,1.7,0.0,9.3,29,26,50
18/11/2025,Cainta,87,COOLER,2.0,0.4,0.0,1.6,33,34,50
18/11/2025,Cainta,87,KIDNEY BASIN,6.0,1.7,0.0,4.3,49,53,50
18/11/2025,Cainta,87,WEIGHING SCALE,1.0,0.4,0.0,0.6,56,69,50
18/11/2025,Cainta,87,FORCEPS,11.0,1.8,0.0,9.2,39,48,50
18/11/2025,Cainta,87,BETADINE CONTAINER,2.0,0.9,0.0,1.1,27,25,50
18/11/2025,Cainta,87,ALCOHOL PUMP CONTAINER,2.0,0.9,0.0,1.1,22,18,50
19/11/2025,Cainta,56,SPEEDA,277.6,7.8,183.5,453.3,19,19,70
19/11/2025,Cainta,56,ABHAYRAB,5.6,2.8,0.0,2.8,17,15,50
19/11/2025,Cainta,56,VAXIRAB,0.2,2.8,9.6,7.0,29,30,50
19/11/2025,Cainta,56,CHIRORAB,22.7,2.8,0.0,19.9,17,24,50
19/11/2025,Cainta,56,ERIG,33.5,2.4,0.0,31.1,25,23,50
19/11/2025,Cainta,56,HRIG,18.0,1.1,0.0,16.9,30,30,50
19/11/2025,Cainta,56,"ATS 1,500 ""IU""",4.3,1.1,0.0,3.2,27,33,50
19/11/2025,Cainta,56,"ATS 3000 ""IU""",14.3,1.1,0.0,13.2,18,20,50
19/11/2025,Cainta,56,"ATS 5,000 ""IU""",26.7,1.1,0.0,25.6,32,26,50
19/11/2025,Cainta,56,HTIG,3.1,0.6,0.0,2.5,30,27,50
19/11/2025,Cainta,56,TOXOID BETT,371.3,5.8,0.0,365.5,31,42,50
19/11/2025,Cainta,56,TOXOID ABHAYTOX,29.3,1.1,0.0,28.2,17,15,50
19/11/2025,Cainta,56,PPD,0.6,0.3,0.0,0.3,17,20,50
19/11/2025,Cainta,56,HEPA B,19.3,1.1,0.0,18.2,35,45,50
19/11/2025,Cainta,56,HEPA BIG,39.3,1.1,0.0,38.2,23,22,50
19/11/2025,Cainta,56,FLU,16.0,0.6,0.0,15.4,21,26,50
19/11/2025,Cainta,56,AMOXICILLIN 500MG,308.7,12.7,0.0,296.0,25,23,140
19/11/2025,Cainta,56,CEFALEXIN 500 MG,123.2,12.0,0.0,111.2,29,28,100
19/11/2025,Cainta,56,MEFENAMIC 500 MG,100.4,11.5,0.0,88.9,35,35,120
19/11/2025,Cainta,56,INSULIN,1195.6,15.7,82.0,1261.9,20,28,150
19/11/2025,Cainta,56,1CC/3CC,120.6,5.9,0.0,114.7,35,33,50
19/11/2025,Cainta,56,5CC/10CC,665.9,5.6,0.0,660.3,15,13,50
19/11/2025,Cainta,56,CETIRIZINE,873.6,10.1,0.0,863.5,26,35,100
19/11/2025,Cainta,56,G23,425.0,2.7,0.0,422.3,28,25,50
19/11/2025,Cainta,56,G27,335.9,2.9,0.0,333.0,16,21,50
19/11/2025,Cainta,56,GAUZE PAD,21.2,5.4,43.3,59.1,17,20,50
19/11/2025,Cainta,56,COTTON BALLS,2269.3,29.2,0.0,2240.1,23,26,240
19/11/2025,Cainta,56,BETADINE,20.0,0.3,0.0,19.7,36,45,50
19/11/2025,Cainta,56,ALCOHOL,14.0,0.3,0.0,13.7,27,33,50
19/11/2025,Cainta,56,FACEMASK,216.9,13.9,0.0,203.0,35,30,100
19/11/2025,Cainta,56,GLOVES,589.7,11.9,172.6,750.4,32,45,100
19/11/2025,Cainta,56,MICROPRE,126.7,2.6,0.0,124.1,24,33,50
19/11/2025,Cainta,56,STERILE WATER,30.9,1.7,0.0,29.2,32,43,50
19/11/2025,Cainta,56,REF THERMOMETER,2.1,0.6,0.0,1.5,14,16,50
19/11/2025,Cainta,56,ACRYLIC CONTAINERS,9.3,1.1,0.0,8.2,16,18,50
19/11/2025,Cainta,56,COOLER,1.6,0.3,0.0,1.3,33,37,50
19/11/2025,Cainta,56,KIDNEY BASIN,4.3,1.1,0.0,3.2,32,26,50
19/11/2025,Cainta,56,WEIGHING SCALE,0.6,0.3,0.0,0.3,19,21,50
19/11/2025,Cainta,56,FORCEPS,9.2,1.1,0.0,8.1,26,31,50
19/11/2025,Cainta,56,BETADINE CONTAINER,1.1,0.6,0.0,0.5,28,33,50
19/11/2025,Cainta,56,ALCOHOL PUMP CONTAINER,1.1,0.6,0.0,0.5,33,33,50
20/11/2025,Cainta,31,SPEEDA,453.3,4.5,0.0,448.8,15,16,70
20/11/2025,Cainta,31,ABHAYRAB,2.8,1.5,0.0,1.3,13,15,50
20/11/2025,Cainta,31,VAXIRAB,7.0,1.6,0.0,5.4,12,13,50
20/11/2025,Cainta,31,CHIRORAB,19.9,1.6,0.0,18.3,13,18,50
20/11/2025,Cainta,31,ERIG,31.1,1.2,0.0,29.9,16,20,50
20/11/2025,Cainta,31,HRIG,16.9,0.6,0.0,16.3,19,15,50
20/11/2025,Cainta,31,"ATS 1,500 ""IU""",3.2,0.6,0.0,2.6,13,11,50
20/11/2025,Cainta,31,"ATS 3000 ""IU""",13.2,0.6,0.0,12.6,11,13,50
20/11/2025,Cainta,31,"ATS 5,000 ""IU""",25.6,0.6,16.7,41.7,11,12,50
20/11/2025,Cainta,31,HTIG,2.5,0.3,0.0,2.2,17,22,50
20/11/2025,Cainta,31,TOXOID BETT,365.5,3.3,0.0,362.2,18,16,50
20/11/2025,Cainta,31,TOXOID ABHAYTOX,28.2,0.6,0.0,27.6,9,7,50
20/11/2025,Cainta,31,PPD,0.3,0.2,0.0,0.1,9,9,50
20/11/2025,Cainta,31,HEPA B,18.2,0.6,0.0,17.6,15,19,50
20/11/2025,Cainta,31,HEPA BIG,38.2,0.6,0.0,37.6,10,14,50
20/11/2025,Cainta,31,FLU,15.4,0.3,0.0,15.1,18,24,50
20/11/2025,Cainta,31,AMOXICILLIN 500MG,296.0,5.7,0.0,290.3,12,13,140
20/11/2025,Cainta,31,CEFALEXIN 500 MG,111.2,5.6,0.0,105.6,10,13,100
20/11/2025,Cainta,31,MEFENAMIC 500 MG,88.9,7.5,110.8,192.2,19,16,120
20/11/2025,Cainta,31,INSULIN,1261.9,7.7,0.0,1254.2,10,11,150
20/11/2025,Cainta,31,1CC/3CC,114.7,3.4,0.0,111.3,11,15,50
20/11/2025,Cainta,31,5CC/10CC,660.3,2.9,0.0,657.4,10,10,50
20/11/2025,Cainta,31,CETIRIZINE,863.5,5.9,172.9,1030.5,9,12,100
20/11/2025,Cainta,31,G23,422.3,1.6,0.0,420.7,8,7,50
20/11/2025,Cainta,31,G27,333.0,1.6,0.0,331.4,8,7,50
20/11/2025,Cainta,31,GAUZE PAD,59.1,2.9,24.3,80.5,10,11,50
20/11/2025,Cainta,31,COTTON BALLS,2240.1,19.6,0.0,2220.5,8,11,240
20/11/2025,Cainta,31,BETADINE,19.7,0.2,0.0,19.5,15,15,50
20/11/2025,Cainta,31,ALCOHOL,13.7,0.2,0.0,13.5,16,20,50
20/11/2025,Cainta,31,FACEMASK,203.0,6.5,0.0,196.5,13,12,100
20/11/2025,Cainta,31,GLOVES,750.4,6.3,0.0,744.1,12,15,100
20/11/2025,Cainta,31,MICROPRE,124.1,1.5,0.0,122.6,14,16,50
20/11/2025,Cainta,31,STERILE WATER,29.2,0.9,0.0,28.3,19,17,50
20/11/2025,Cainta,31,REF THERMOMETER,1.5,0.3,0.0,1.2,18,22,50
20/11/2025,Cainta,31,ACRYLIC CONTAINERS,8.2,0.6,0.0,7.6,8,10,50
20/11/2025,Cainta,31,COOLER,1.3,0.2,0.0,1.1,10,11,50
20/11/2025,Cainta,31,KIDNEY BASIN,3.2,0.6,0.0,2.6,11,10,50
20/11/2025,Cainta,31,WEIGHING SCALE,0.3,0.2,0.0,0.1,11,10,50
20/11/2025,Cainta,31,FORCEPS,8.1,0.6,0.0,7.5,15,21,50
20/11/2025,Cainta,31,BETADINE CONTAINER,0.5,0.3,0.0,0.2,13,16,50
20/11/2025,Cainta,31,ALCOHOL PUMP CONTAINER,0.5,0.3,0.0,0.2,8,10,50
21/11/2025,Cainta,57,SPEEDA,448.8,9.0,0.0,439.8,23,28,70
21/11/2025,Cainta,57,ABHAYRAB,1.3,2.9,13.6,12.0,26,34,50
21/11/2025,Cainta,57,VAXIRAB,5.4,2.8,0.0,2.6,17,15,50
21/11/2025,Cainta,57,CHIRORAB,18.3,2.8,0.0,15.5,33,36,50
21/11/2025,Cainta,57,ERIG,29.9,2.3,0.0,27.6,15,18,50
21/11/2025,Cainta,57,HRIG,16.3,1.1,0.0,15.2,35,30,50
21/11/2025,Cainta,57,"ATS 1,500 ""IU""",2.6,1.1,0.0,1.5,17,15,50
21/11/2025,Cainta,57,"ATS 3000 ""IU""",12.6,1.1,0.0,11.5,33,39,50
21/11/2025,Cainta,57,"ATS 5,000 ""IU""",41.7,1.1,0.0,40.6,35,46,50
21/11/2025,Cainta,57,HTIG,2.2,0.6,0.0,1.6,37,44,50
21/11/2025,Cainta,57,TOXOID BETT,362.2,5.8,0.0,356.4,33,27,50
21/11/2025,Cainta,57,TOXOID ABHAYTOX,27.6,1.1,0.0,26.5,32,44,50
21/11/2025,Cainta,57,PPD,0.1,0.3,5.2,5.0,29,26,50
21/11/2025,Cainta,57,HEPA B,17.6,1.1,0.0,16.5,32,30,50
21/11/2025,Cainta,57,HEPA BIG,37.6,1.1,0.0,36.5,17,24,50
21/11/2025,Cainta,57,FLU,15.1,0.6,0.0,14.5,26,33,50
21/11/2025,Cainta,57,AMOXICILLIN 500MG,290.3,18.7,409.3,680.9,26,35,140
21/11/2025,Cainta,57,CEFALEXIN 500 MG,105.6,11.4,0.0,94.2,34,44,100
21/11/2025,Cainta,57,MEFENAMIC 500 MG,192.2,14.5,0.0,177.7,25,30,120
21/11/2025,Cainta,57,INSULIN,1254.2,20.7,0.0,1233.5,23,22,150
21/11/2025,Cainta,57,1CC/3CC,111.3,5.5,0.0,105.8,29,29,50
21/11/2025,Cainta,57,5CC/10CC,657.4,5.9,0.0,651.5,20,27,50
21/11/2025,Cainta,57,CETIRIZINE,1030.5,11.2,275.4,1294.7,17,22,100
21/11/2025,Cainta,57,G23,420.7,2.8,0.0,417.9,25,25,50
21/11/2025,Cainta,57,G27,331.4,2.9,0.0,328.5,24,25,50
21/11/2025,Cainta,57,GAUZE PAD,80.5,5.9,0.0,74.6,20,20,50
21/11/2025,Cainta,57,COTTON BALLS,2220.5,33.5,338.6,2525.6,23,23,240
21/11/2025,Cainta,57,BETADINE,19.5,0.3,0.0,19.2,23,30,50
21/11/2025,Cainta,57,ALCOHOL,13.5,0.3,0.0,13.2,22,18,50
21/11/2025,Cainta,57,FACEMASK,196.5,12.2,0.0,184.3,23,24,100
21/11/2025,Cainta,57,GLOVES,744.1,11.1,0.0,733.0,30,41,100
21/11/2025,Cainta,57,MICROPRE,122.6,2.9,0.0,119.7,21,24,50
21/11/2025,Cainta,57,STERILE WATER,28.3,1.7,0.0,26.6,36,39,50
21/11/2025,Cainta,57,REF THERMOMETER,1.2,0.6,0.0,0.6,35,35,50
21/11/2025,Cainta,57,ACRYLIC CONTAINERS,7.6,1.1,18.7,25.2,25,21,50
21/11/2025,Cainta,57,COOLER,1.1,0.3,0.0,0.8,22,21,50
21/11/2025,Cainta,57,KIDNEY BASIN,2.6,1.2,0.0,1.4,26,22,50
21/11/2025,Cainta,57,WEIGHING SCALE,0.1,0.3,11.2,11.0,34,30,50
21/11/2025,Cainta,57,FORCEPS,7.5,1.1,0.0,6.4,29,26,50
21/11/2025,Cainta,57,BETADINE CONTAINER,0.2,0.6,15.4,15.0,33,32,50
21/11/2025,Cainta,57,ALCOHOL PUMP CONTAINER,0.2,0.6,8.4,8.0,26,21,50
22/11/2025,Cainta,97,SPEEDA,439.8,15.3,0.0,424.5,49,67,70
22/11/2025,Cainta,97,ABHAYRAB,12.0,4.9,0.0,7.1,35,31,50
22/11/2025,Cainta,97,VAXIRAB,2.6,4.8,17.2,15.0,53,55,50
22/11/2025,Cainta,97,CHIRORAB,15.5,4.7,0.0,10.8,32,42,50
22/11/2025,Cainta,97,ERIG,27.6,3.9,0.0,23.7,51,44,50
22/11/2025,Cainta,97,HRIG,15.2,1.9,0.0,13.3,58,63,50
22/11/2025,Cainta,97,"ATS 1,500 ""IU""",1.5,2.0,17.5,17.0,29,38,50
22/11/2025,Cainta,97,"ATS 3000 ""IU""",11.5,1.9,0.0,9.6,48,54,50
22/11/2025,Cainta,97,"ATS 5,000 ""IU""",40.6,1.9,0.0,38.7,28,26,50
22/11/2025,Cainta,97,HTIG,1.6,1.0,0.0,0.6,52,65,50
22/11/2025,Cainta,97,TOXOID BETT,356.4,9.9,0.0,346.5,28,34,50
22/11/2025,Cainta,97,TOXOID ABHAYTOX,26.5,1.9,0.0,24.6,61,62,50
22/11/2025,Cainta,97,PPD,5.0,0.5,6.4,10.9,30,25,50
22/11/2025,Cainta,97,HEPA B,16.5,1.9,0.0,14.6,61,49,50
22/11/2025,Cainta,97,HEPA BIG,36.5,1.9,0.0,34.6,55,71,50
22/11/2025,Cainta,97,FLU,14.5,1.0,0.0,13.5,47,47,50
22/11/2025,Cainta,97,AMOXICILLIN 500MG,680.9,27.1,0.0,653.8,55,49,140
22/11/2025,Cainta,97,CEFALEXIN 500 MG,94.2,19.9,0.0,74.3,55,61,100
22/11/2025,Cainta,97,MEFENAMIC 500 MG,177.7,20.4,0.0,157.3,61,83,120
22/11/2025,Cainta,97,INSULIN,1233.5,23.6,0.0,1209.9,34,27,150
22/11/2025,Cainta,97,1CC/3CC,105.8,9.4,0.0,96.4,47,39,50
22/11/2025,Cainta,97,5CC/10CC,651.5,9.6,0.0,641.9,28,29,50
22/11/2025,Cainta,97,CETIRIZINE,1294.7,20.0,0.0,1274.7,48,58,100
22/11/2025,Cainta,97,G23,417.9,5.1,101.5,514.3,31,34,50
22/11/2025,Cainta,97,G27,328.5,5.0,0.0,323.5,46,62,50
22/11/2025,Cainta,97,GAUZE PAD,74.6,9.6,0.0,65.0,46,38,50
22/11/2025,Cainta,97,COTTON BALLS,2525.6,48.3,0.0,2477.3,42,42,240
22/11/2025,Cainta,97,BETADINE,19.2,0.5,0.0,18.7,45,45,50
22/11/2025,Cainta,97,ALCOHOL,13.2,0.5,0.0,12.7,54,54,50
22/11/2025,Cainta,97,FACEMASK,184.3,18.8,0.0,165.5,55,60,100
22/11/2025,Cainta,97,GLOVES,733.0,20.0,0.0,713.0,43,55,100
22/11/2025,Cainta,97,MICROPRE,119.7,4.7,19.8,134.8,48,48,50
22/11/2025,Cainta,97,STERILE WATER,26.6,2.9,0.0,23.7,60,75,50
22/11/2025,Cainta,97,REF THERMOMETER,0.6,1.0,7.4,7.0,29,26,50
22/11/2025,Cainta,97,ACRYLIC CONTAINERS,25.2,1.9,0.0,23.3,29,33,50
22/11/2025,Cainta,97,COOLER,0.8,0.5,0.0,0.3,28,29,50
22/11/2025,Cainta,97,KIDNEY BASIN,1.4,2.0,17.6,17.0,50,56,50
22/11/2025,Cainta,97,WEIGHING SCALE,11.0,0.5,0.0,10.5,40,35,50
22/11/2025,Cainta,97,FORCEPS,6.4,1.9,0.0,4.5,54,74,50
22/11/2025,Cainta,97,BETADINE CONTAINER,15.0,1.0,0.0,14.0,50,67,50
22/11/2025,Cainta,97,ALCOHOL PUMP CONTAINER,8.0,1.0,4.3,11.3,37,48,50
23/11/2025,Cainta,18,SPEEDA,424.5,2.5,0.0,422.0,11,15,70
23/11/2025,Cainta,18,ABHAYRAB,7.1,0.9,0.0,6.2,10,9,50
23/11/2025,Cainta,18,VAXIRAB,15.0,0.9,0.0,14.1,6,7,50
23/11/2025,Cainta,18,CHIRORAB,10.8,0.9,0.0,9.9,7,7,50
23/11/2025,Cainta,18,ERIG,23.7,0.7,0.0,23.0,7,9,50
23/11/2025,Cainta,18,HRIG,13.3,0.4,0.0,12.9,6,5,50
23/11/2025,Cainta,18,"ATS 1,500 ""IU""",17.0,0.4,0.0,16.6,6,6,50
23/11/2025,Cainta,18,"ATS 3000 ""IU""",9.6,0.4,0.0,9.2,11,13,50
23/11/2025,Cainta,18,"ATS 5,000 ""IU""",38.7,0.4,0.0,38.3,8,7,50
23/11/2025,Cainta,18,HTIG,0.6,0.2,0.0,0.4,7,9,50
23/11/2025,Cainta,18,TOXOID BETT,346.5,1.7,0.0,344.8,10,10,50
23/11/2025,Cainta,18,TOXOID ABHAYTOX,24.6,0.4,0.0,24.2,8,10,50
23/11/2025,Cainta,18,PPD,10.9,0.1,0.0,10.8,11,15,50
23/11/2025,Cainta,18,HEPA B,14.6,0.4,0.0,14.2,10,12,50
23/11/2025,Cainta,18,HEPA BIG,34.6,0.4,0.0,34.2,8,7,50
23/11/2025,Cainta,18,FLU,13.5,0.2,0.0,13.3,7,6,50
23/11/2025,Cainta,18,AMOXICILLIN 500MG,653.8,5.5,0.0,648.3,12,10,140
23/11/2025,Cainta,18,CEFALEXIN 500 MG,74.3,3.7,0.0,70.6,10,9,100
23/11/2025,Cainta,18,MEFENAMIC 500 MG,157.3,5.6,0.0,151.7,11,13,120
23/11/2025,Cainta,18,INSULIN,1209.9,6.2,0.0,1203.7,5,5,150
23/11/2025,Cainta,18,1CC/3CC,96.4,1.7,0.0,94.7,11,10,50
23/11/2025,Cainta,18,5CC/10CC,641.9,1.7,0.0,640.2,9,8,50
23/11/2025,Cainta,18,CETIRIZINE,1274.7,3.8,0.0,1270.9,5,7,100
23/11/2025,Cainta,18,G23,514.3,0.9,0.0,513.4,9,8,50
23/11/2025,Cainta,18,G27,323.5,1.0,0.0,322.5,9,9,50
23/11/2025,Cainta,18,GAUZE PAD,65.0,1.9,0.0,63.1,5,5,50
23/11/2025,Cainta,18,COTTON BALLS,2477.3,8.2,0.0,2469.1,8,6,240
23/11/2025,Cainta,18,BETADINE,18.7,0.1,0.0,18.6,10,14,50
23/11/2025,Cainta,18,ALCOHOL,12.7,0.1,0.0,12.6,7,6,50
23/11/2025,Cainta,18,FACEMASK,165.5,3.6,0.0,161.9,8,10,100
23/11/2025,Cainta,18,GLOVES,713.0,4.1,0.0,708.9,8,9,100
23/11/2025,Cainta,18,MICROPRE,134.8,0.9,0.0,133.9,7,9,50
23/11/2025,Cainta,18,STERILE WATER,23.7,0.5,0.0,23.2,11,13,50
23/11/2025,Cainta,18,REF THERMOMETER,7.0,0.2,0.0,6.8,10,13,50
23/11/2025,Cainta,18,ACRYLIC CONTAINERS,23.3,0.4,0.0,22.9,5,5,50
23/11/2025,Cainta,18,COOLER,0.3,0.1,0.0,0.2,12,13,50
23/11/2025,Cainta,18,KIDNEY BASIN,17.0,0.4,0.0,16.6,11,13,50
23/11/2025,Cainta,18,WEIGHING SCALE,10.5,0.1,0.0,10.4,7,8,50
23/11/2025,Cainta,18,FORCEPS,4.5,0.4,0.0,4.1,11,12,50
23/11/2025,Cainta,18,BETADINE CONTAINER,14.0,0.2,0.0,13.8,5,5,50
23/11/2025,Cainta,18,ALCOHOL PUMP CONTAINER,11.3,0.2,0.0,11.1,12,11,50
24/11/2025,Cainta,64,SPEEDA,422.0,10.2,0.0,411.8,33,33,70
24/11/2025,Cainta,64,ABHAYRAB,6.2,3.1,0.0,3.1,33,27,50
24/11/2025,Cainta,64,VAXIRAB,14.1,3.1,0.0,11.0,18,19,50
24/11/2025,Cainta,64,CHIRORAB,9.9,3.3,0.0,6.6,39,31,50
24/11/2025,Cainta,64,ERIG,23.0,2.6,0.0,20.4,17,19,50
24/11/2025,Cainta,64,HRIG,12.9,1.3,0.0,11.6,22,27,50
24/11/2025,Cainta,64,"ATS 1,500 ""IU""",16.6,1.3,0.0,15.3,20,23,50
24/11/2025,Cainta,64,"ATS 3000 ""IU""",9.2,1.3,0.0,7.9,36,44,50
24/11/2025,Cainta,64,"ATS 5,000 ""IU""",38.3,1.3,0.0,37.0,21,17,50
24/11/2025,Cainta,64,HTIG,0.4,0.6,8.5,8.3,39,33,50
24/11/2025,Cainta,64,TOXOID BETT,344.8,7.1,0.0,337.7,33,40,50
24/11/2025,Cainta,64,TOXOID ABHAYTOX,24.2,1.3,0.0,22.9,17,22,50
24/11/2025,Cainta,64,PPD,10.8,0.3,0.0,10.5,16,20,50
24/11/2025,Cainta,64,HEPA B,14.2,1.3,0.0,12.9,17,20,50
24/11/2025,Cainta,64,HEPA BIG,34.2,1.3,0.0,32.9,32,39,50
24/11/2025,Cainta,64,FLU,13.3,0.6,0.0,12.7,37,46,50
24/11/2025,Cainta,64,AMOXICILLIN 500MG,648.3,16.6,0.0,631.7,22,27,140
24/11/2025,Cainta,64,CEFALEXIN 500 MG,70.6,13.7,0.0,56.9,38,47,100
24/11/2025,Cainta,64,MEFENAMIC 500 MG,151.7,18.2,0.0,133.5,17,14,120
24/11/2025,Cainta,64,INSULIN,1203.7,14.7,0.0,1189.0,37,31,150
24/11/2025,Cainta,64,1CC/3CC,94.7,6.0,100.4,189.1,40,41,50
24/11/2025,Cainta,64,5CC/10CC,640.2,5.8,0.0,634.4,36,40,50
24/11/2025,Cainta,64,CETIRIZINE,1270.9,12.5,0.0,1258.4,34,43,100
24/11/2025,Cainta,64,G23,513.4,3.3,0.0,510.1,37,37,50
24/11/2025,Cainta,64,G27,322.5,3.3,0.0,319.2,17,16,50
24/11/2025,Cainta,64,GAUZE PAD,63.1,6.4,34.9,91.6,21,27,50
24/11/2025,Cainta,64,COTTON BALLS,2469.1,44.3,257.6,2682.4,19,18,240
24/11/2025,Cainta,64,BETADINE,18.6,0.3,0.0,18.3,29,37,50
24/11/2025,Cainta,64,ALCOHOL,12.6,0.3,0.0,12.3,35,32,50
24/11/2025,Cainta,64,FACEMASK,161.9,12.7,0.0,149.2,32,33,100
24/11/2025,Cainta,64,GLOVES,708.9,13.3,119.3,814.9,38,40,100
24/11/2025,Cainta,64,MICROPRE,133.9,3.2,25.2,155.9,20,20,50
24/11/2025,Cainta,64,STERILE WATER,23.2,1.8,0.0,21.4,35,28,50
24/11/2025,Cainta,64,REF THERMOMETER,6.8,0.6,0.0,6.2,21,20,50
24/11/2025,Cainta,64,ACRYLIC CONTAINERS,22.9,1.3,0.0,21.6,23,23,50
24/11/2025,Cainta,64,COOLER,0.2,0.3,18.1,18.0,34,34,50
24/11/2025,Cainta,64,KIDNEY BASIN,16.6,1.3,0.0,15.3,41,52,50
24/11/2025,Cainta,64,WEIGHING SCALE,10.4,0.3,0.0,10.1,32,27,50
24/11/2025,Cainta,64,FORCEPS,4.1,1.3,10.4,13.2,17,18,50
24/11/2025,Cainta,64,BETADINE CONTAINER,13.8,0.6,0.0,13.2,32,26,50
24/11/2025,Cainta,64,ALCOHOL PUMP CONTAINER,11.1,0.6,0.0,10.5,17,23,50
25/11/2025,Cainta,88,SPEEDA,411.8,14.2,193.6,591.2,53,68,70
25/11/2025,Cainta,88,ABHAYRAB,3.1,4.3,11.2,10.0,47,65,50
25/11/2025,Cainta,88,VAXIRAB,11.0,4.5,0.0,6.5,28,38,50
25/11/2025,Cainta,88,CHIRORAB,6.6,4.3,0.0,2.3,25,25,50
25/11/2025,Cainta,88,ERIG,20.4,3.5,0.0,16.9,28,34,50
25/11/2025,Cainta,88,HRIG,11.6,1.8,0.0,9.8,56,55,50
25/11/2025,Cainta,88,"ATS 1,500 ""IU""",15.3,1.7,0.0,13.6,38,51,50
25/11/2025,Cainta,88,"ATS 3000 ""IU""",7.9,1.8,0.0,6.1,50,52,50
25/11/2025,Cainta,88,"ATS 5,000 ""IU""",37.0,1.7,0.0,35.3,44,45,50
25/11/2025,Cainta,88,HTIG,8.3,0.9,0.0,7.4,42,57,50
25/11/2025,Cainta,88,TOXOID BETT,337.7,8.8,0.0,328.9,27,35,50
25/11/2025,Cainta,88,TOXOID ABHAYTOX,22.9,1.7,0.0,21.2,55,76,50
25/11/2025,Cainta,88,PPD,10.5,0.4,0.0,10.1,33,28,50
25/11/2025,Cainta,88,HEPA B,12.9,1.8,0.0,11.1,42,40,50
25/11/2025,Cainta,88,HEPA BIG,32.9,1.8,0.0,31.1,47,46,50
25/11/2025,Cainta,88,FLU,12.7,0.9,0.0,11.8,45,47,50
25/11/2025,Cainta,88,AMOXICILLIN 500MG,631.7,29.6,0.0,602.1,55,60,140
25/11/2025,Cainta,88,CEFALEXIN 500 MG,56.9,16.7,0.0,40.2,27,26,100
25/11/2025,Cainta,88,MEFENAMIC 500 MG,133.5,20.5,0.0,113.0,40,51,120
25/11/2025,Cainta,88,INSULIN,1189.0,25.3,0.0,1163.7,36,34,150
25/11/2025,Cainta,88,1CC/3CC,189.1,7.8,0.0,181.3,39,47,50
25/11/2025,Cainta,88,5CC/10CC,634.4,8.2,0.0,626.2,26,34,50
25/11/2025,Cainta,88,CETIRIZINE,1258.4,20.2,0.0,1238.2,27,31,100
25/11/2025,Cainta,88,G23,510.1,4.6,0.0,505.5,32,32,50
25/11/2025,Cainta,88,G27,319.2,4.4,0.0,314.8,33,30,50
25/11/2025,Cainta,88,GAUZE PAD,91.6,9.1,0.0,82.5,37,33,50
25/11/2025,Cainta,88,COTTON BALLS,2682.4,46.8,0.0,2635.6,44,55,240
25/11/2025,Cainta,88,BETADINE,18.3,0.4,0.0,17.9,44,48,50
25/11/2025,Cainta,88,ALCOHOL,12.3,0.4,0.0,11.9,36,30,50
25/11/2025,Cainta,88,FACEMASK,149.2,17.4,0.0,131.8,36,50,100
25/11/2025,Cainta,88,GLOVES,814.9,16.0,0.0,798.9,30,36,100
25/11/2025,Cainta,88,MICROPRE,155.9,4.2,0.0,151.7,43,56,50
25/11/2025,Cainta,88,STERILE WATER,21.4,2.7,0.0,18.7,33,35,50
25/11/2025,Cainta,88,REF THERMOMETER,6.2,0.9,0.0,5.3,23,32,50
25/11/2025,Cainta,88,ACRYLIC CONTAINERS,21.6,1.7,20.7,40.6,37,34,50
25/11/2025,Cainta,88,COOLER,18.0,0.4,0.0,17.6,39,36,50
25/11/2025,Cainta,88,KIDNEY BASIN,15.3,1.7,0.0,13.6,30,40,50
25/11/2025,Cainta,88,WEIGHING SCALE,10.1,0.4,0.0,9.7,42,56,50
25/11/2025,Cainta,88,FORCEPS,13.2,1.8,9.2,20.6,42,46,50
25/11/2025,Cainta,88,BETADINE CONTAINER,13.2,0.9,0.0,12.3,47,41,50
25/11/2025,Cainta,88,ALCOHOL PUMP CONTAINER,10.5,0.9,0.0,9.6,45,44,50
26/11/2025,Cainta,51,SPEEDA,591.2,7.7,0.0,583.5,26,33,70
26/11/2025,Cainta,51,ABHAYRAB,10.0,2.5,0.0,7.5,19,25,50
26/11/2025,Cainta,51,VAXIRAB,6.5,2.7,0.0,3.8,29,29,50
26/11/2025,Cainta,51,CHIRORAB,2.3,2.6,13.3,13.0,24,20,50
26/11/2025,Cainta,51,ERIG,16.9,2.0,0.0,14.9,22,26,50
26/11/2025,Cainta,51,HRIG,9.8,1.0,0.0,8.8,26,32,50
26/11/2025,Cainta,51,"ATS 1,500 ""IU""",13.6,1.0,0.0,12.6,20,21,50
26/11/2025,Cainta,51,"ATS 3000 ""IU""",6.1,1.0,0.0,5.1,23,26,50
26/11/2025,Cainta,51,"ATS 5,000 ""IU""",35.3,1.0,0.0,34.3,28,39,50
26/11/2025,Cainta,51,HTIG,7.4,0.5,0.0,6.9,31,29,50
26/11/2025,Cainta,51,TOXOID BETT,328.9,4.8,0.0,324.1,32,37,50
26/11/2025,Cainta,51,TOXOID ABHAYTOX,21.2,1.0,0.0,20.2,23,27,50
26/11/2025,Cainta,51,PPD,10.1,0.3,0.0,9.8,23,26,50
26/11/2025,Cainta,51,HEPA B,11.1,1.0,0.0,10.1,29,38,50
26/11/2025,Cainta,51,HEPA BIG,31.1,1.0,0.0,30.1,19,22,50
26/11/2025,Cainta,51,FLU,11.8,0.5,0.0,11.3,30,33,50
26/11/2025,Cainta,51,AMOXICILLIN 500MG,602.1,15.4,0.0,586.7,23,20,140
26/11/2025,Cainta,51,CEFALEXIN 500 MG,40.2,9.4,0.0,30.8,15,18,100
26/11/2025,Cainta,51,MEFENAMIC 500 MG,113.0,13.2,0.0,99.8,14,12,120
26/11/2025,Cainta,51,INSULIN,1163.7,15.2,0.0,1148.5,30,24,150
26/11/2025,Cainta,51,1CC/3CC,181.3,5.0,0.0,176.3,14,15,50
26/11/2025,Cainta,51,5CC/10CC,626.2,4.9,0.0,621.3,18,21,50
26/11/2025,Cainta,51,CETIRIZINE,1238.2,9.6,0.0,1228.6,20,28,100
26/11/2025,Cainta,51,G23,505.5,2.6,0.0,502.9,16,20,50
26/11/2025,Cainta,51,G27,314.8,2.6,0.0,312.2,19,25,50
26/11/2025,Cainta,51,GAUZE PAD,82.5,4.9,0.0,77.6,28,28,50
26/11/2025,Cainta,51,COTTON BALLS,2635.6,26.0,0.0,2609.6,13,14,240
26/11/2025,Cainta,51,BETADINE,17.9,0.3,0.0,17.6,30,42,50
26/11/2025,Cainta,51,ALCOHOL,11.9,0.3,0.0,11.6,30,32,50
26/11/2025,Cainta,51,FACEMASK,131.8,10.8,0.0,121.0,20,26,100
26/11/2025,Cainta,51,GLOVES,798.9,9.5,0.0,789.4,16,18,100
26/11/2025,Cainta,51,MICROPRE,151.7,2.6,0.0,149.1,25,23,50
26/11/2025,Cainta,51,STERILE WATER,18.7,1.5,0.0,17.2,15,17,50
26/11/2025,Cainta,51,REF THERMOMETER,5.3,0.5,0.0,4.8,20,19,50
26/11/2025,Cainta,51,ACRYLIC CONTAINERS,40.6,1.0,0.0,39.6,32,26,50
26/11/2025,Cainta,51,COOLER,17.6,0.3,0.0,17.3,33,31,50
26/11/2025,Cainta,51,KIDNEY BASIN,13.6,1.0,0.0,12.6,29,27,50
26/11/2025,Cainta,51,WEIGHING SCALE,9.7,0.3,1.6,11.0,19,19,50
26/11/2025,Cainta,51,FORCEPS,20.6,1.0,0.0,19.6,27,36,50
26/11/2025,Cainta,51,BETADINE CONTAINER,12.3,0.5,0.0,11.8,27,28,50
26/11/2025,Cainta,51,ALCOHOL PUMP CONTAINER,9.6,0.5,0.0,9.1,21,27,50
27/11/2025,Cainta,52,SPEEDA,583.5,7.1,0.0,576.4,26,29,70
27/11/2025,Cainta,52,ABHAYRAB,7.5,2.5,0.0,5.0,13,10,50
27/11/2025,Cainta,52,VAXIRAB,3.8,2.6,0.0,1.2,17,16,50
27/11/2025,Cainta,52,CHIRORAB,13.0,2.5,0.0,10.5,24,33,50
27/11/2025,Cainta,52,ERIG,14.9,2.1,0.0,12.8,16,19,50
27/11/2025,Cainta,52,HRIG,8.8,1.1,0.0,7.7,16,22,50
27/11/2025,Cainta,52,"ATS 1,500 ""IU""",12.6,1.0,0.0,11.6,30,30,50
27/11/2025,Cainta,52,"ATS 3000 ""IU""",5.1,1.0,0.0,4.1,34,42,50
27/11/2025,Cainta,52,"ATS 5,000 ""IU""",34.3,1.0,0.0,33.3,25,32,50
27/11/2025,Cainta,52,HTIG,6.9,0.5,0.0,6.4,30,42,50
27/11/2025,Cainta,52,TOXOID BETT,324.1,5.6,130.4,448.9,34,28,50
27/11/2025,Cainta,52,TOXOID ABHAYTOX,20.2,1.0,0.0,19.2,16,22,50
27/11/2025,Cainta,52,PPD,9.8,0.3,0.0,9.5,22,23,50
27/11/2025,Cainta,52,HEPA B,10.1,1.0,0.0,9.1,21,27,50
27/11/2025,Cainta,52,HEPA BIG,30.1,1.0,0.0,29.1,15,17,50
27/11/2025,Cainta,52,FLU,11.3,0.5,0.0,10.8,29,33,50
27/11/2025,Cainta,52,AMOXICILLIN 500MG,586.7,14.2,0.0,572.5,22,22,140
27/11/2025,Cainta,52,CEFALEXIN 500 MG,30.8,10.5,0.0,20.3,23,30,100
27/11/2025,Cainta,52,MEFENAMIC 500 MG,99.8,12.8,0.0,87.0,16,15,120
27/11/2025,Cainta,52,INSULIN,1148.5,18.6,79.1,1209.0,17,19,150
27/11/2025,Cainta,52,1CC/3CC,176.3,5.3,0.0,171.0,32,36,50
27/11/2025,Cainta,52,5CC/10CC,621.3,5.3,0.0,616.0,14,17,50
27/11/2025,Cainta,52,CETIRIZINE,1228.6,10.0,206.8,1425.4,18,19,100
27/11/2025,Cainta,52,G23,502.9,2.6,0.0,500.3,19,23,50
27/11/2025,Cainta,52,G27,312.2,2.6,0.0,309.6,23,25,50
27/11/2025,Cainta,52,GAUZE PAD,77.6,5.3,0.0,72.3,25,30,50
27/11/2025,Cainta,52,COTTON BALLS,2609.6,23.9,0.0,2585.7,23,28,240
27/11/2025,Cainta,52,BETADINE,17.6,0.3,0.0,17.3,15,18,50
27/11/2025,Cainta,52,ALCOHOL,11.6,0.3,0.0,11.3,18,23,50
27/11/2025,Cainta,52,FACEMASK,121.0,11.3,0.0,109.7,31,35,100
27/11/2025,Cainta,52,GLOVES,789.4,10.1,0.0,779.3,26,24,100
27/11/2025,Cainta,52,MICROPRE,149.1,2.7,0.0,146.4,27,33,50
27/11/2025,Cainta,52,STERILE WATER,17.2,1.5,0.0,15.7,27,23,50
27/11/2025,Cainta,52,REF THERMOMETER,4.8,0.5,0.0,4.3,29,27,50
27/11/2025,Cainta,52,ACRYLIC CONTAINERS,39.6,1.0,0.0,38.6,14,18,50
27/11/2025,Cainta,52,COOLER,17.3,0.3,0.0,17.0,21,22,50
27/11/2025,Cainta,52,KIDNEY BASIN,12.6,1.0,0.0,11.6,24,26,50
27/11/2025,Cainta,52,WEIGHING SCALE,11.0,0.3,0.0,10.7,20,28,50
27/11/2025,Cainta,52,FORCEPS,19.6,1.1,0.0,18.5,31,29,50
27/11/2025,Cainta,52,BETADINE CONTAINER,11.8,0.5,0.0,11.3,23,19,50
27/11/2025,Cainta,52,ALCOHOL PUMP CONTAINER,9.1,0.5,0.0,8.6,29,25,50
28/11/2025,Cainta,85,SPEEDA,576.4,13.6,0.0,562.8,50,47,70
28/11/2025,Cainta,85,ABHAYRAB,5.0,4.0,0.0,1.0,38,47,50
28/11/2025,Cainta,85,VAXIRAB,1.2,4.3,17.1,14.0,52,66,50
28/11/2025,Cainta,85,CHIRORAB,10.5,4.3,19.9,26.1,41,47,50
28/11/2025,Cainta,85,ERIG,12.8,3.3,0.0,9.5,50,48,50
28/11/2025,Cainta,85,HRIG,7.7,1.7,0.0,6.0,33,37,50
28/11/2025,Cainta,85,"ATS 1,500 ""IU""",11.6,1.7,0.0,9.9,38,31,50
28/11/2025,Cainta,85,"ATS 3000 ""IU""",4.1,1.7,0.0,2.4,39,47,50
28/11/2025,Cainta,85,"ATS 5,000 ""IU""",33.3,1.7,0.0,31.6,25,29,50
28/11/2025,Cainta,85,HTIG,6.4,0.9,0.0,5.5,35,28,50
28/11/2025,Cainta,85,TOXOID BETT,448.9,8.6,0.0,440.3,52,67,50
28/11/2025,Cainta,85,TOXOID ABHAYTOX,19.2,1.7,0.0,17.5,43,54,50
28/11/2025,Cainta,85,PPD,9.5,0.4,0.0,9.1,27,27,50
28/11/2025,Cainta,85,HEPA B,9.1,1.7,0.0,7.4,33,39,50
28/11/2025,Cainta,85,HEPA BIG,29.1,1.7,0.0,27.4,28,33,50
28/11/2025,Cainta,85,FLU,10.8,0.8,0.0,10.0,22,19,50
28/11/2025,Cainta,85,AMOXICILLIN 500MG,572.5,25.8,0.0,546.7,53,49,140
28/11/2025,Cainta,85,CEFALEXIN 500 MG,20.3,16.2,328.8,332.9,36,44,100
28/11/2025,Cainta,85,MEFENAMIC 500 MG,87.0,22.5,0.0,64.5,32,44,120
28/11/2025,Cainta,85,INSULIN,1209.0,26.8,0.0,1182.2,42,48,150
28/11/2025,Cainta,85,1CC/3CC,171.0,9.0,86.0,248.0,21,24,50
28/11/2025,Cainta,85,5CC/10CC,616.0,8.3,0.0,607.7,31,37,50
28/11/2025,Cainta,85,CETIRIZINE,1425.4,16.5,0.0,1408.9,45,48,100
28/11/2025,Cainta,85,G23,500.3,4.1,0.0,496.2,43,36,50
28/11/2025,Cainta,85,G27,309.6,4.2,0.0,305.4,55,57,50
28/11/2025,Cainta,85,GAUZE PAD,72.3,8.7,0.0,63.6,42,56,50
28/11/2025,Cainta,85,COTTON BALLS,2585.7,49.4,215.2,2751.5,37,47,240
28/11/2025,Cainta,85,BETADINE,17.3,0.4,0.0,16.9,47,64,50
28/11/2025,Cainta,85,ALCOHOL,11.3,0.4,0.0,10.9,52,46,50
28/11/2025,Cainta,85,FACEMASK,109.7,19.5,85.0,175.2,46,51,100
28/11/2025,Cainta,85,GLOVES,779.3,17.7,0.0,761.6,54,62,100
28/11/2025,Cainta,85,MICROPRE,146.4,4.5,0.0,141.9,48,44,50
28/11/2025,Cainta,85,STERILE WATER,15.7,2.5,0.0,13.2,51,47,50
28/11/2025,Cainta,85,REF THERMOMETER,4.3,0.8,0.0,3.5,25,32,50
28/11/2025,Cainta,85,ACRYLIC CONTAINERS,38.6,1.7,0.0,36.9,46,55,50
28/11/2025,Cainta,85,COOLER,17.0,0.4,0.0,16.6,36,43,50
28/11/2025,Cainta,85,KIDNEY BASIN,11.6,1.7,0.0,9.9,40,38,50
28/11/2025,Cainta,85,WEIGHING SCALE,10.7,0.4,0.0,10.3,43,47,50
28/11/2025,Cainta,85,FORCEPS,18.5,1.7,0.0,16.8,54,44,50
28/11/2025,Cainta,85,BETADINE CONTAINER,11.3,0.8,0.0,10.5,55,48,50
28/11/2025,Cainta,85,ALCOHOL PUMP CONTAINER,8.6,0.9,0.0,7.7,31,34,50
29/11/2025,Cainta,44,SPEEDA,562.8,6.7,0.0,556.1,24,24,70
29/11/2025,Cainta,44,ABHAYRAB,1.0,2.2,15.2,14.0,24,33,50
29/11/2025,Cainta,44,VAXIRAB,14.0,2.2,0.0,11.8,17,18,50
29/11/2025,Cainta,44,CHIRORAB,26.1,2.2,0.0,23.9,13,11,50
29/11/2025,Cainta,44,ERIG,9.5,1.8,0.0,7.7,12,10,50
29/11/2025,Cainta,44,HRIG,6.0,0.9,0.0,5.1,25,31,50
29/11/2025,Cainta,44,"ATS 1,500 ""IU""",9.9,0.9,0.0,9.0,20,18,50
29/11/2025,Cainta,44,"ATS 3000 ""IU""",2.4,0.9,0.0,1.5,28,26,50
29/11/2025,Cainta,44,"ATS 5,000 ""IU""",31.6,0.9,0.0,30.7,19,20,50
29/11/2025,Cainta,44,HTIG,5.5,0.4,0.0,5.1,28,27,50
29/11/2025,Cainta,44,TOXOID BETT,440.3,4.3,0.0,436.0,18,21,50
29/11/2025,Cainta,44,TOXOID ABHAYTOX,17.5,0.9,0.0,16.6,25,27,50
29/11/2025,Cainta,44,PPD,9.1,0.2,0.0,8.9,12,10,50
29/11/2025,Cainta,44,HEPA B,7.4,0.9,14.6,21.1,21,27,50
29/11/2025,Cainta,44,HEPA BIG,27.4,0.9,0.0,26.5,25,26,50
29/11/2025,Cainta,44,FLU,10.0,0.4,0.0,9.6,27,31,50
29/11/2025,Cainta,44,AMOXICILLIN 500MG,546.7,16.6,0.0,530.1,25,20,140
29/11/2025,Cainta,44,CEFALEXIN 500 MG,332.9,8.7,329.4,653.6,12,14,100
29/11/2025,Cainta,44,MEFENAMIC 500 MG,64.5,10.5,0.0,54.0,18,17,120
29/11/2025,Cainta,44,INSULIN,1182.2,11.3,0.0,1170.9,12,13,150
29/11/2025,Cainta,44,1CC/3CC,248.0,4.1,0.0,243.9,13,13,50
29/11/2025,Cainta,44,5CC/10CC,607.7,4.6,0.0,603.1,23,32,50
29/11/2025,Cainta,44,CETIRIZINE,1408.9,8.9,0.0,1400.0,24,23,100
29/11/2025,Cainta,44,G23,496.2,2.1,0.0,494.1,25,34,50
29/11/2025,Cainta,44,G27,305.4,2.1,0.0,303.3,26,35,50
29/11/2025,Cainta,44,GAUZE PAD,63.6,4.3,0.0,59.3,24,25,50
29/11/2025,Cainta,44,COTTON BALLS,2751.5,30.7,0.0,2720.8,25,25,240
29/11/2025,Cainta,44,BETADINE,16.9,0.2,0.0,16.7,12,12,50
29/11/2025,Cainta,44,ALCOHOL,10.9,0.2,0.0,10.7,15,21,50
29/11/2025,Cainta,44,FACEMASK,175.2,8.6,0.0,166.6,22,26,100
29/11/2025,Cainta,44,GLOVES,761.6,8.6,0.0,753.0,26,29,100
29/11/2025,Cainta,44,MICROPRE,141.9,2.0,0.0,139.9,11,9,50
29/11/2025,Cainta,44,STERILE WATER,13.2,1.3,0.0,11.9,20,26,50
29/11/2025,Cainta,44,REF THERMOMETER,3.5,0.4,0.0,3.1,23,20,50
29/11/2025,Cainta,44,ACRYLIC CONTAINERS,36.9,0.9,0.0,36.0,12,10,50
29/11/2025,Cainta,44,COOLER,16.6,0.2,0.0,16.4,18,17,50
29/11/2025,Cainta,44,KIDNEY BASIN,9.9,0.9,0.0,9.0,27,29,50
29/11/2025,Cainta,44,WEIGHING SCALE,10.3,0.2,0.0,10.1,23,31,50
29/11/2025,Cainta,44,FORCEPS,16.8,0.9,0.0,15.9,15,19,50
29/11/2025,Cainta,44,BETADINE CONTAINER,10.5,0.5,0.0,10.0,26,24,50
29/11/2025,Cainta,44,ALCOHOL PUMP CONTAINER,7.7,0.4,0.0,7.3,17,17,50
30/11/2025,Cainta,37,SPEEDA,556.1,5.6,0.0,550.5,22,28,70
30/11/2025,Cainta,37,ABHAYRAB,14.0,1.8,0.0,12.2,14,16,50
30/11/2025,Cainta,37,VAXIRAB,11.8,1.9,0.0,9.9,18,16,50
30/11/2025,Cainta,37,CHIRORAB,23.9,1.8,0.0,22.1,15,16,50
30/11/2025,Cainta,37,ERIG,7.7,1.5,0.0,6.2,13,15,50
30/11/2025,Cainta,37,HRIG,5.1,0.7,0.0,4.4,22,30,50
30/11/2025,Cainta,37,"ATS 1,500 ""IU""",9.0,0.7,0.0,8.3,12,14,50
30/11/2025,Cainta,37,"ATS 3000 ""IU""",1.5,0.7,0.0,0.8,11,9,50
30/11/2025,Cainta,37,"ATS 5,000 ""IU""",30.7,0.7,0.0,30.0,14,17,50
30/11/2025,Cainta,37,HTIG,5.1,0.4,0.0,4.7,20,19,50
30/11/2025,Cainta,37,TOXOID BETT,436.0,3.7,0.0,432.3,21,28,50
30/11/2025,Cainta,37,TOXOID ABHAYTOX,16.6,0.8,0.0,15.8,24,25,50
30/11/2025,Cainta,37,PPD,8.9,0.2,0.0,8.7,14,13,50
30/11/2025,Cainta,37,HEPA B,21.1,0.7,0.0,20.4,15,16,50
30/11/2025,Cainta,37,HEPA BIG,26.5,0.7,0.0,25.8,11,10,50
30/11/2025,Cainta,37,FLU,9.6,0.4,0.0,9.2,18,17,50
30/11/2025,Cainta,37,AMOXICILLIN 500MG,530.1,10.5,0.0,519.6,24,27,140
30/11/2025,Cainta,37,CEFALEXIN 500 MG,653.6,7.1,0.0,646.5,20,25,100
30/11/2025,Cainta,37,MEFENAMIC 500 MG,54.0,7.8,391.9,438.1,18,23,120
30/11/2025,Cainta,37,INSULIN,1170.9,9.9,0.0,1161.0,15,16,150
30/11/2025,Cainta,37,1CC/3CC,243.9,3.5,0.0,240.4,23,19,50
30/11/2025,Cainta,37,5CC/10CC,603.1,4.0,0.0,599.1,17,19,50
30/11/2025,Cainta,37,CETIRIZINE,1400.0,8.1,0.0,1391.9,11,12,100
30/11/2025,Cainta,37,G23,494.1,1.9,0.0,492.2,15,14,50
30/11/2025,Cainta,37,G27,303.3,1.9,149.2,450.6,10,13,50
30/11/2025,Cainta,37,GAUZE PAD,59.3,3.5,0.0,55.8,12,17,50
30/11/2025,Cainta,37,COTTON BALLS,2720.8,16.7,0.0,2704.1,10,8,240
30/11/2025,Cainta,37,BETADINE,16.7,0.2,0.0,16.5,16,20,50
30/11/2025,Cainta,37,ALCOHOL,10.7,0.2,0.0,10.5,19,23,50
30/11/2025,Cainta,37,FACEMASK,166.6,7.9,0.0,158.7,14,13,100
30/11/2025,Cainta,37,GLOVES,753.0,7.2,0.0,745.8,15,18,100
30/11/2025,Cainta,37,MICROPRE,139.9,1.8,0.0,138.1,23,20,50
30/11/2025,Cainta,37,STERILE WATER,11.9,1.1,0.0,10.8,20,17,50
30/11/2025,Cainta,37,REF THERMOMETER,3.1,0.4,0.0,2.7,17,24,50
30/11/2025,Cainta,37,ACRYLIC CONTAINERS,36.0,0.7,0.0,35.3,13,15,50
30/11/2025,Cainta,37,COOLER,16.4,0.2,0.0,16.2,23,22,50
30/11/2025,Cainta,37,KIDNEY BASIN,9.0,0.7,0.0,8.3,13,14,50
30/11/2025,Cainta,37,WEIGHING SCALE,10.1,0.2,0.0,9.9,14,19,50
30/11/2025,Cainta,37,FORCEPS,15.9,0.7,0.0,15.2,23,24,50
30/11/2025,Cainta,37,BETADINE CONTAINER,10.0,0.4,0.0,9.6,17,23,50
30/11/2025,Cainta,37,ALCOHOL PUMP CONTAINER,7.3,0.4,0.0,6.9,20,26,50
01/12/2025,Cainta,13,SPEEDA,550.5,1.8,0.0,548.7,6,6,70
01/12/2025,Cainta,13,ABHAYRAB,12.2,0.7,0.0,11.5,7,9,50
01/12/2025,Cainta,13,VAXIRAB,9.9,0.6,0.0,9.3,5,6,50
01/12/2025,Cainta,13,CHIRORAB,22.1,0.6,0.0,21.5,5,6,50
01/12/2025,Cainta,13,ERIG,6.2,0.5,0.0,5.7,5,5,50
01/12/2025,Cainta,13,HRIG,4.4,0.3,0.0,4.1,4,3,50
01/12/2025,Cainta,13,"ATS 1,500 ""IU""",8.3,0.3,0.0,8.0,8,7,50
01/12/2025,Cainta,13,"ATS 3000 ""IU""",0.8,0.3,0.0,0.5,5,6,50
01/12/2025,Cainta,13,"ATS 5,000 ""IU""",30.0,0.3,0.0,29.7,6,8,50
01/12/2025,Cainta,13,HTIG,4.7,0.1,0.0,4.6,7,9,50
01/12/2025,Cainta,13,TOXOID BETT,432.3,1.4,0.0,430.9,7,8,50
01/12/2025,Cainta,13,TOXOID ABHAYTOX,15.8,0.3,0.0,15.5,6,5,50
01/12/2025,Cainta,13,PPD,8.7,0.1,0.0,8.6,6,5,50
01/12/2025,Cainta,13,HEPA B,20.4,0.3,0.0,20.1,8,10,50
01/12/2025,Cainta,13,HEPA BIG,25.8,0.3,0.0,25.5,7,8,50
01/12/2025,Cainta,13,FLU,9.2,0.1,0.0,9.1,7,9,50
01/12/2025,Cainta,13,AMOXICILLIN 500MG,519.6,4.1,0.0,515.5,8,7,140
01/12/2025,Cainta,13,CEFALEXIN 500 MG,646.5,2.6,0.0,643.9,7,7,100
01/12/2025,Cainta,13,MEFENAMIC 500 MG,438.1,3.7,0.0,434.4,4,5,120
01/12/2025,Cainta,13,INSULIN,1161.0,4.0,0.0,1157.0,6,5,150
01/12/2025,Cainta,13,1CC/3CC,240.4,1.3,0.0,239.1,4,3,50
01/12/2025,Cainta,13,5CC/10CC,599.1,1.3,0.0,597.8,7,8,50
01/12/2025,Cainta,13,CETIRIZINE,1391.9,2.6,0.0,1389.3,8,9,100
01/12/2025,Cainta,13,G23,492.2,0.7,124.5,616.0,6,8,50
01/12/2025,Cainta,13,G27,450.6,0.6,0.0,450.0,6,8,50
01/12/2025,Cainta,13,GAUZE PAD,55.8,1.2,0.0,54.6,3,4,50
01/12/2025,Cainta,13,COTTON BALLS,2704.1,7.5,0.0,2696.6,8,6,240
01/12/2025,Cainta,13,BETADINE,16.5,0.1,0.0,16.4,4,4,50
01/12/2025,Cainta,13,ALCOHOL,10.5,0.1,0.0,10.4,3,4,50
01/12/2025,Cainta,13,FACEMASK,158.7,2.6,0.0,156.1,5,5,100
01/12/2025,Cainta,13,GLOVES,745.8,2.7,0.0,743.1,4,6,100
01/12/2025,Cainta,13,MICROPRE,138.1,0.6,30.1,167.6,6,7,50
01/12/2025,Cainta,13,STERILE WATER,10.8,0.4,0.0,10.4,6,5,50
01/12/2025,Cainta,13,REF THERMOMETER,2.7,0.1,0.0,2.6,5,6,50
01/12/2025,Cainta,13,ACRYLIC CONTAINERS,35.3,0.3,0.0,35.0,4,5,50
01/12/2025,Cainta,13,COOLER,16.2,0.1,0.0,16.1,4,3,50
01/12/2025,Cainta,13,KIDNEY BASIN,8.3,0.3,0.0,8.0,5,5,50
01/12/2025,Cainta,13,WEIGHING SCALE,9.9,0.1,0.0,9.8,4,5,50
01/12/2025,Cainta,13,FORCEPS,15.2,0.3,0.0,14.9,7,6,50
01/12/2025,Cainta,13,BETADINE CONTAINER,9.6,0.1,0.0,9.5,4,4,50
01/12/2025,Cainta,13,ALCOHOL PUMP CONTAINER,6.9,0.1,0.0,6.8,5,6,50
02/12/2025,Cainta,24,SPEEDA,548.7,4.1,167.2,711.8,10,13,70
02/12/2025,Cainta,24,ABHAYRAB,11.5,1.2,0.0,10.3,10,11,50
02/12/2025,Cainta,24,VAXIRAB,9.3,1.1,0.0,8.2,6,8,50
02/12/2025,Cainta,24,CHIRORAB,21.5,1.2,0.0,20.3,7,9,50
02/12/2025,Cainta,24,ERIG,5.7,0.9,16.6,21.4,14,15,50
02/12/2025,Cainta,24,HRIG,4.1,0.5,0.0,3.6,6,5,50
02/12/2025,Cainta,24,"ATS 1,500 ""IU""",8.0,0.5,0.0,7.5,11,14,50
02/12/2025,Cainta,24,"ATS 3000 ""IU""",0.5,0.5,0.0,0.0,11,10,50
02/12/2025,Cainta,24,"ATS 5,000 ""IU""",29.7,0.5,0.0,29.2,9,12,50
02/12/2025,Cainta,24,HTIG,4.6,0.2,0.0,4.4,10,12,50
02/12/2025,Cainta,24,TOXOID BETT,430.9,2.3,0.0,428.6,13,13,50
02/12/2025,Cainta,24,TOXOID ABHAYTOX,15.5,0.5,0.0,15.0,14,16,50
02/12/2025,Cainta,24,PPD,8.6,0.1,0.0,8.5,8,9,50
02/12/2025,Cainta,24,HEPA B,20.1,0.5,0.0,19.6,9,12,50
02/12/2025,Cainta,24,HEPA BIG,25.5,0.5,0.0,25.0,8,7,50
02/12/2025,Cainta,24,FLU,9.1,0.2,0.0,8.9,11,15,50
02/12/2025,Cainta,24,AMOXICILLIN 500MG,515.5,6.2,0.0,509.3,13,11,140
02/12/2025,Cainta,24,CEFALEXIN 500 MG,643.9,6.2,393.5,1031.2,8,10,100
02/12/2025,Cainta,24,MEFENAMIC 500 MG,434.4,6.4,0.0,428.0,9,12,120
02/12/2025,Cainta,24,INSULIN,1157.0,7.4,0.0,1149.6,15,16,150
02/12/2025,Cainta,24,1CC/3CC,239.1,2.3,75.0,311.8,6,5,50
02/12/2025,Cainta,24,5CC/10CC,597.8,2.5,0.0,595.3,10,13,50
02/12/2025,Cainta,24,CETIRIZINE,1389.3,4.5,164.9,1549.7,13,17,100
02/12/2025,Cainta,24,G23,616.0,1.2,85.8,700.6,7,7,50
02/12/2025,Cainta,24,G27,450.0,1.3,0.0,448.7,6,7,50
02/12/2025,Cainta,24,GAUZE PAD,54.6,2.4,0.0,52.2,7,9,50
02/12/2025,Cainta,24,COTTON BALLS,2696.6,15.1,0.0,2681.5,15,14,240
02/12/2025,Cainta,24,BETADINE,16.4,0.1,0.0,16.3,6,7,50
02/12/2025,Cainta,24,ALCOHOL,10.4,0.1,0.0,10.3,8,8,50
02/12/2025,Cainta,24,FACEMASK,156.1,5.7,0.0,150.4,6,5,100
02/12/2025,Cainta,24,GLOVES,743.1,4.5,0.0,738.6,7,9,100
02/12/2025,Cainta,24,MICROPRE,167.6,1.3,0.0,166.3,12,12,50
02/12/2025,Cainta,24,STERILE WATER,10.4,0.7,0.0,9.7,8,11,50
02/12/2025,Cainta,24,REF THERMOMETER,2.6,0.2,0.0,2.4,11,13,50
02/12/2025,Cainta,24,ACRYLIC CONTAINERS,35.0,0.5,0.0,34.5,12,13,50
02/12/2025,Cainta,24,COOLER,16.1,0.1,0.0,16.0,14,15,50
02/12/2025,Cainta,24,KIDNEY BASIN,8.0,0.5,0.0,7.5,6,6,50
02/12/2025,Cainta,24,WEIGHING SCALE,9.8,0.1,0.0,9.7,14,18,50
02/12/2025,Cainta,24,FORCEPS,14.9,0.5,0.0,14.4,12,14,50
02/12/2025,Cainta,24,BETADINE CONTAINER,9.5,0.2,0.0,9.3,8,10,50
02/12/2025,Cainta,24,ALCOHOL PUMP CONTAINER,6.8,0.2,0.0,6.6,13,14,50
03/12/2025,Cainta,41,SPEEDA,711.8,6.5,0.0,705.3,24,23,70
03/12/2025,Cainta,41,ABHAYRAB,10.3,2.1,0.0,8.2,14,12,50
03/12/2025,Cainta,41,VAXIRAB,8.2,2.0,0.0,6.2,25,32,50
03/12/2025,Cainta,41,CHIRORAB,20.3,2.1,0.0,18.2,18,19,50
03/12/2025,Cainta,41,ERIG,21.4,1.7,0.0,19.7,20,22,50
03/12/2025,Cainta,41,HRIG,3.6,0.8,0.0,2.8,26,28,50
03/12/2025,Cainta,41,"ATS 1,500 ""IU""",7.5,0.8,0.0,6.7,16,17,50
03/12/2025,Cainta,41,"ATS 3000 ""IU""",0.0,0.8,14.8,14.0,24,29,50
03/12/2025,Cainta,41,"ATS 5,000 ""IU""",29.2,0.8,0.0,28.4,15,17,50
03/12/2025,Cainta,41,HTIG,4.4,0.4,0.0,4.0,23,32,50
03/12/2025,Cainta,41,TOXOID BETT,428.6,3.8,0.0,424.8,20,18,50
03/12/2025,Cainta,41,TOXOID ABHAYTOX,15.0,0.8,0.0,14.2,14,16,50
03/12/2025,Cainta,41,PPD,8.5,0.2,0.0,8.3,17,14,50
03/12/2025,Cainta,41,HEPA B,19.6,0.8,0.0,18.8,15,19,50
03/12/2025,Cainta,41,HEPA BIG,25.0,0.8,0.0,24.2,12,14,50
03/12/2025,Cainta,41,FLU,8.9,0.4,0.0,8.5,11,12,50
03/12/2025,Cainta,41,AMOXICILLIN 500MG,509.3,14.4,0.0,494.9,16,21,140
03/12/2025,Cainta,41,CEFALEXIN 500 MG,1031.2,8.2,0.0,1023.0,11,12,100
03/12/2025,Cainta,41,MEFENAMIC 500 MG,428.0,11.1,0.0,416.9,13,12,120
03/12/2025,Cainta,41,INSULIN,1149.6,12.4,0.0,1137.2,22,24,150
03/12/2025,Cainta,41,1CC/3CC,311.8,4.1,0.0,307.7,22,19,50
03/12/2025,Cainta,41,5CC/10CC,595.3,4.3,0.0,591.0,22,29,50
03/12/2025,Cainta,41,CETIRIZINE,1549.7,7.8,221.3,1763.2,15,19,100
03/12/2025,Cainta,41,G23,700.6,2.1,0.0,698.5,25,31,50
03/12/2025,Cainta,41,G27,448.7,2.0,0.0,446.7,20,26,50
03/12/2025,Cainta,41,GAUZE PAD,52.2,4.0,0.0,48.2,12,15,50
03/12/2025,Cainta,41,COTTON BALLS,2681.5,19.3,0.0,2662.2,13,14,240
03/12/2025,Cainta,41,BETADINE,16.3,0.2,0.0,16.1,22,19,50
03/12/2025,Cainta,41,ALCOHOL,10.3,0.2,0.0,10.1,13,13,50
03/12/2025,Cainta,41,FACEMASK,150.4,9.3,0.0,141.1,19,26,100
03/12/2025,Cainta,41,GLOVES,738.6,7.5,0.0,731.1,27,37,100
03/12/2025,Cainta,41,MICROPRE,166.3,2.0,0.0,164.3,10,13,50
03/12/2025,Cainta,41,STERILE WATER,9.7,1.2,0.0,8.5,11,10,50
03/12/2025,Cainta,41,REF THERMOMETER,2.4,0.4,0.0,2.0,27,25,50
03/12/2025,Cainta,41,ACRYLIC CONTAINERS,34.5,0.8,0.0,33.7,20,27,50
03/12/2025,Cainta,41,COOLER,16.0,0.2,0.0,15.8,12,11,50
03/12/2025,Cainta,41,KIDNEY BASIN,7.5,0.8,0.0,6.7,25,29,50
03/12/2025,Cainta,41,WEIGHING SCALE,9.7,0.2,0.0,9.5,25,26,50
03/12/2025,Cainta,41,FORCEPS,14.4,0.8,0.0,13.6,19,19,50
03/12/2025,Cainta,41,BETADINE CONTAINER,9.3,0.4,0.0,8.9,20,24,50
03/12/2025,Cainta,41,ALCOHOL PUMP CONTAINER,6.6,0.4,0.0,6.2,15,21,50
04/12/2025,Cainta,98,SPEEDA,705.3,14.1,186.4,877.6,26,33,70
04/12/2025,Cainta,98,ABHAYRAB,8.2,5.1,0.0,3.1,48,52,50
04/12/2025,Cainta,98,VAXIRAB,6.2,5.2,0.0,1.0,36,38,50
04/12/2025,Cainta,98,CHIRORAB,18.2,4.8,0.0,13.4,51,69,50
04/12/2025,Cainta,98,ERIG,19.7,3.9,0.0,15.8,57,65,50
04/12/2025,Cainta,98,HRIG,2.8,2.0,0.0,0.8,25,27,50
04/12/2025,Cainta,98,"ATS 1,500 ""IU""",6.7,2.0,0.0,4.7,48,58,50
04/12/2025,Cainta,98,"ATS 3000 ""IU""",14.0,1.9,0.0,12.1,34,32,50
04/12/2025,Cainta,98,"ATS 5,000 ""IU""",28.4,2.0,0.0,26.4,59,49,50
04/12/2025,Cainta,98,HTIG,4.0,1.0,0.0,3.0,34,45,50
04/12/2025,Cainta,98,TOXOID BETT,424.8,9.2,0.0,415.6,48,56,50
04/12/2025,Cainta,98,TOXOID ABHAYTOX,14.2,1.9,0.0,12.3,46,41,50
04/12/2025,Cainta,98,PPD,8.3,0.5,0.0,7.8,40,39,50
04/12/2025,Cainta,98,HEPA B,18.8,1.9,0.0,16.9,51,71,50
04/12/2025,Cainta,98,HEPA BIG,24.2,2.0,0.0,22.2,53,63,50
04/12/2025,Cainta,98,FLU,8.5,1.0,0.0,7.5,47,56,50
04/12/2025,Cainta,98,AMOXICILLIN 500MG,494.9,37.1,0.0,457.8,54,46,140
04/12/2025,Cainta,98,CEFALEXIN 500 MG,1023.0,17.7,326.2,1331.5,63,87,100
04/12/2025,Cainta,98,MEFENAMIC 500 MG,416.9,27.6,0.0,389.3,41,55,120
04/12/2025,Cainta,98,INSULIN,1137.2,28.5,0.0,1108.7,45,51,150
04/12/2025,Cainta,98,1CC/3CC,307.7,9.8,0.0,297.9,25,25,50
04/12/2025,Cainta,98,5CC/10CC,591.0,10.1,0.0,580.9,56,68,50
04/12/2025,Cainta,98,CETIRIZINE,1763.2,17.5,0.0,1745.7,45,59,100
04/12/2025,Cainta,98,G23,698.5,5.0,0.0,693.5,40,51,50
04/12/2025,Cainta,98,G27,446.7,4.9,89.5,531.3,28,39,50
04/12/2025,Cainta,98,GAUZE PAD,48.2,10.0,0.0,38.2,59,70,50
04/12/2025,Cainta,98,COTTON BALLS,2662.2,51.9,247.4,2857.7,40,40,240
04/12/2025,Cainta,98,BETADINE,16.1,0.5,0.0,15.6,51,56,50
04/12/2025,Cainta,98,ALCOHOL,10.1,0.5,0.0,9.6,30,39,50
04/12/2025,Cainta,98,FACEMASK,141.1,18.6,0.0,122.5,62,59,100
04/12/2025,Cainta,98,GLOVES,731.1,18.4,0.0,712.7,31,29,100
04/12/2025,Cainta,98,MICROPRE,164.3,4.8,0.0,159.5,32,40,50
04/12/2025,Cainta,98,STERILE WATER,8.5,2.9,0.0,5.6,58,62,50
04/12/2025,Cainta,98,REF THERMOMETER,2.0,1.0,0.0,1.0,60,77,50
04/12/2025,Cainta,98,ACRYLIC CONTAINERS,33.7,2.0,0.0,31.7,33,29,50
04/12/2025,Cainta,98,COOLER,15.8,0.5,0.0,15.3,43,43,50
04/12/2025,Cainta,98,KIDNEY BASIN,6.7,1.9,0.0,4.8,53,51,50
04/12/2025,Cainta,98,WEIGHING SCALE,9.5,0.5,0.0,9.0,59,72,50
04/12/2025,Cainta,98,FORCEPS,13.6,1.9,0.0,11.7,39,49,50
04/12/2025,Cainta,98,BETADINE CONTAINER,8.9,1.0,0.0,7.9,45,48,50
04/12/2025,Cainta,98,ALCOHOL PUMP CONTAINER,6.2,1.0,0.0,5.2,54,59,50
05/12/2025,Cainta,94,SPEEDA,877.6,12.5,0.0,865.1,51,45,70
05/12/2025,Cainta,94,ABHAYRAB,3.1,4.9,10.8,9.0,53,65,50
05/12/2025,Cainta,94,VAXIRAB,1.0,5.0,11.5,7.5,45,63,50
05/12/2025,Cainta,94,CHIRORAB,13.4,4.6,0.0,8.8,27,34,50
05/12/2025,Cainta,94,ERIG,15.8,3.7,0.0,12.1,57,53,50
05/12/2025,Cainta,94,HRIG,0.8,1.9,10.1,9.0,56,66,50
05/12/2025,Cainta,94,"ATS 1,500 ""IU""",4.7,1.9,0.0,2.8,54,53,50
05/12/2025,Cainta,94,"ATS 3000 ""IU""",12.1,1.9,0.0,10.2,27,22,50
05/12/2025,Cainta,94,"ATS 5,000 ""IU""",26.4,1.9,0.0,24.5,31,28,50
05/12/2025,Cainta,94,HTIG,3.0,0.9,0.0,2.1,51,44,50
05/12/2025,Cainta,94,TOXOID BETT,415.6,9.0,0.0,406.6,24,22,50
05/12/2025,Cainta,94,TOXOID ABHAYTOX,12.3,1.9,0.0,10.4,60,77,50
05/12/2025,Cainta,94,PPD,7.8,0.5,0.0,7.3,38,37,50
05/12/2025,Cainta,94,HEPA B,16.9,1.9,0.0,15.0,51,64,50
05/12/2025,Cainta,94,HEPA BIG,22.2,1.9,0.0,20.3,57,78,50
05/12/2025,Cainta,94,FLU,7.5,0.9,0.0,6.6,38,43,50
05/12/2025,Cainta,94,AMOXICILLIN 500MG,457.8,29.2,0.0,428.6,35,38,140
05/12/2025,Cainta,94,CEFALEXIN 500 MG,1331.5,18.8,0.0,1312.7,46,58,100
05/12/2025,Cainta,94,MEFENAMIC 500 MG,389.3,27.1,0.0,362.2,45,39,120
05/12/2025,Cainta,94,INSULIN,1108.7,41.2,0.0,1067.5,39,41,150
05/12/2025,Cainta,94,1CC/3CC,297.9,9.2,0.0,288.7,46,51,50
05/12/2025,Cainta,94,5CC/10CC,580.9,9.2,0.0,571.7,59,77,50
05/12/2025,Cainta,94,CETIRIZINE,1745.7,20.9,0.0,1724.8,41,53,100
05/12/2025,Cainta,94,G23,693.5,4.8,0.0,688.7,31,41,50
05/12/2025,Cainta,94,G27,531.3,5.0,0.0,526.3,38,46,50
05/12/2025,Cainta,94,GAUZE PAD,38.2,9.7,0.0,28.5,38,42,50
05/12/2025,Cainta,94,COTTON BALLS,2857.7,43.7,0.0,2814.0,28,36,240
05/12/2025,Cainta,94,BETADINE,15.6,0.5,0.0,15.1,30,40,50
05/12/2025,Cainta,94,ALCOHOL,9.6,0.5,0.0,9.1,49,53,50
05/12/2025,Cainta,94,FACEMASK,122.5,20.4,0.0,102.1,36,50,100
05/12/2025,Cainta,94,GLOVES,712.7,19.8,0.0,692.9,59,78,100
05/12/2025,Cainta,94,MICROPRE,159.5,4.9,0.0,154.6,33,37,50
05/12/2025,Cainta,94,STERILE WATER,5.6,2.9,0.0,2.7,27,23,50
05/12/2025,Cainta,94,REF THERMOMETER,1.0,1.0,0.0,0.0,52,49,50
05/12/2025,Cainta,94,ACRYLIC CONTAINERS,31.7,1.9,0.0,29.8,57,72,50
05/12/2025,Cainta,94,COOLER,15.3,0.5,0.0,14.8,34,29,50
05/12/2025,Cainta,94,KIDNEY BASIN,4.8,1.9,0.0,2.9,31,34,50
05/12/2025,Cainta,94,WEIGHING SCALE,9.0,0.5,0.0,8.5,30,35,50
05/12/2025,Cainta,94,FORCEPS,11.7,1.9,0.0,9.8,43,57,50
05/12/2025,Cainta,94,BETADINE CONTAINER,7.9,0.9,0.0,7.0,41,54,50
05/12/2025,Cainta,94,ALCOHOL PUMP CONTAINER,5.2,0.9,0.0,4.3,33,42,50
06/12/2025,Cainta,31,SPEEDA,865.1,4.7,164.8,1025.2,8,8,70
06/12/2025,Cainta,31,ABHAYRAB,9.0,1.6,0.0,7.4,14,12,50
06/12/2025,Cainta,31,VAXIRAB,7.5,1.6,0.0,5.9,20,24,50
06/12/2025,Cainta,31,CHIRORAB,8.8,1.6,0.0,7.2,16,15,50
06/12/2025,Cainta,31,ERIG,12.1,1.2,0.0,10.9,14,16,50
06/12/2025,Cainta,31,HRIG,9.0,0.6,0.0,8.4,9,12,50
06/12/2025,Cainta,31,"ATS 1,500 ""IU""",2.8,0.6,0.0,2.2,11,12,50
06/12/2025,Cainta,31,"ATS 3000 ""IU""",10.2,0.6,27.2,36.8,11,13,50
06/12/2025,Cainta,31,"ATS 5,000 ""IU""",24.5,0.6,0.0,23.9,17,21,50
06/12/2025,Cainta,31,HTIG,2.1,0.3,0.0,1.8,19,25,50
06/12/2025,Cainta,31,TOXOID BETT,406.6,3.1,0.0,403.5,19,20,50
06/12/2025,Cainta,31,TOXOID ABHAYTOX,10.4,0.6,0.0,9.8,20,22,50
06/12/2025,Cainta,31,PPD,7.3,0.2,0.0,7.1,20,18,50
06/12/2025,Cainta,31,HEPA B,15.0,0.6,10.3,24.7,20,23,50
06/12/2025,Cainta,31,HEPA BIG,20.3,0.6,0.0,19.7,9,9,50
06/12/2025,Cainta,31,FLU,6.6,0.3,0.0,6.3,9,10,50
06/12/2025,Cainta,31,AMOXICILLIN 500MG,428.6,8.7,0.0,419.9,12,15,140
06/12/2025,Cainta,31,CEFALEXIN 500 MG,1312.7,6.3,0.0,1306.4,15,12,100
06/12/2025,Cainta,31,MEFENAMIC 500 MG,362.2,8.8,322.5,675.9,9,10,120
06/12/2025,Cainta,31,INSULIN,1067.5,8.0,0.0,1059.5,18,16,150
06/12/2025,Cainta,31,1CC/3CC,288.7,3.1,0.0,285.6,15,15,50
06/12/2025,Cainta,31,5CC/10CC,571.7,3.0,0.0,568.7,14,11,50
06/12/2025,Cainta,31,CETIRIZINE,1724.8,7.0,0.0,1717.8,10,9,100
06/12/2025,Cainta,31,G23,688.7,1.5,0.0,687.2,11,15,50
06/12/2025,Cainta,31,G27,526.3,1.5,0.0,524.8,10,14,50
06/12/2025,Cainta,31,GAUZE PAD,28.5,3.2,0.0,25.3,18,22,50
06/12/2025,Cainta,31,COTTON BALLS,2814.0,21.2,0.0,2792.8,15,18,240
06/12/2025,Cainta,31,BETADINE,15.1,0.2,0.0,14.9,17,22,50
06/12/2025,Cainta,31,ALCOHOL,9.1,0.2,0.0,8.9,11,15,50
06/12/2025,Cainta,31,FACEMASK,102.1,7.5,0.0,94.6,12,13,100
06/12/2025,Cainta,31,GLOVES,692.9,5.4,0.0,687.5,13,11,100
06/12/2025,Cainta,31,MICROPRE,154.6,1.5,0.0,153.1,17,21,50
06/12/2025,Cainta,31,STERILE WATER,2.7,0.9,0.0,1.8,17,24,50
06/12/2025,Cainta,31,REF THERMOMETER,0.0,0.3,20.3,20.0,10,10,50
06/12/2025,Cainta,31,ACRYLIC CONTAINERS,29.8,0.6,0.0,29.2,19,20,50
06/12/2025,Cainta,31,COOLER,14.8,0.2,0.0,14.6,9,9,50
06/12/2025,Cainta,31,KIDNEY BASIN,2.9,0.6,0.0,2.3,19,20,50
06/12/2025,Cainta,31,WEIGHING SCALE,8.5,0.2,0.0,8.3,9,11,50
06/12/2025,Cainta,31,FORCEPS,9.8,0.6,0.0,9.2,11,11,50
06/12/2025,Cainta,31,BETADINE CONTAINER,7.0,0.3,0.0,6.7,18,25,50
06/12/2025,Cainta,31,ALCOHOL PUMP CONTAINER,4.3,0.3,0.0,4.0,10,13,50
07/12/2025,Cainta,23,SPEEDA,1025.2,3.4,91.3,1113.1,10,8,70
07/12/2025,Cainta,23,ABHAYRAB,7.4,1.2,0.0,6.2,10,13,50
07/12/2025,Cainta,23,VAXIRAB,5.9,1.1,0.0,4.8,8,10,50
07/12/2025,Cainta,23,CHIRORAB,7.2,1.1,0.0,6.1,12,13,50
07/12/2025,Cainta,23,ERIG,10.9,0.9,0.0,10.0,14,15,50
07/12/2025,Cainta,23,HRIG,8.4,0.5,0.0,7.9,14,18,50
07/12/2025,Cainta,23,"ATS 1,500 ""IU""",2.2,0.5,0.0,1.7,9,9,50
07/12/2025,Cainta,23,"ATS 3000 ""IU""",36.8,0.5,0.0,36.3,11,10,50
07/12/2025,Cainta,23,"ATS 5,000 ""IU""",23.9,0.5,0.0,23.4,8,8,50
07/12/2025,Cainta,23,HTIG,1.8,0.2,0.0,1.6,8,8,50
07/12/2025,Cainta,23,TOXOID BETT,403.5,2.5,0.0,401.0,7,8,50
07/12/2025,Cainta,23,TOXOID ABHAYTOX,9.8,0.5,0.0,9.3,14,13,50
07/12/2025,Cainta,23,PPD,7.1,0.1,0.0,7.0,14,17,50
07/12/2025,Cainta,23,HEPA B,24.7,0.5,0.0,24.2,13,14,50
07/12/2025,Cainta,23,HEPA BIG,19.7,0.5,0.0,19.2,11,14,50
07/12/2025,Cainta,23,FLU,6.3,0.2,0.0,6.1,10,11,50
07/12/2025,Cainta,23,AMOXICILLIN 500MG,419.9,7.4,0.0,412.5,11,15,140
07/12/2025,Cainta,23,CEFALEXIN 500 MG,1306.4,4.9,0.0,1301.5,11,15,100
07/12/2025,Cainta,23,MEFENAMIC 500 MG,675.9,6.7,0.0,669.2,10,9,120
07/12/2025,Cainta,23,INSULIN,1059.5,7.1,0.0,1052.4,7,8,150
07/12/2025,Cainta,23,1CC/3CC,285.6,2.4,114.0,397.2,7,7,50
07/12/2025,Cainta,23,5CC/10CC,568.7,2.3,0.0,566.4,15,19,50
07/12/2025,Cainta,23,CETIRIZINE,1717.8,5.3,0.0,1712.5,10,12,100
07/12/2025,Cainta,23,G23,687.2,1.1,0.0,686.1,15,15,50
07/12/2025,Cainta,23,G27,524.8,1.2,0.0,523.6,7,7,50
07/12/2025,Cainta,23,GAUZE PAD,25.3,2.3,43.3,66.3,11,12,50
07/12/2025,Cainta,23,COTTON BALLS,2792.8,8.6,138.6,2922.8,8,10,240
07/12/2025,Cainta,23,BETADINE,14.9,0.1,0.0,14.8,8,10,50
07/12/2025,Cainta,23,ALCOHOL,8.9,0.1,0.0,8.8,6,5,50
07/12/2025,Cainta,23,FACEMASK,94.6,5.0,0.0,89.6,7,7,100
07/12/2025,Cainta,23,GLOVES,687.5,4.3,0.0,683.2,14,15,100
07/12/2025,Cainta,23,MICROPRE,153.1,1.1,0.0,152.0,9,10,50
07/12/2025,Cainta,23,STERILE WATER,1.8,0.7,0.0,1.1,11,10,50
07/12/2025,Cainta,23,REF THERMOMETER,20.0,0.2,0.0,19.8,10,10,50
07/12/2025,Cainta,23,ACRYLIC CONTAINERS,29.2,0.4,0.0,28.8,9,12,50
07/12/2025,Cainta,23,COOLER,14.6,0.1,0.0,14.5,11,12,50
07/12/2025,Cainta,23,KIDNEY BASIN,2.3,0.5,0.0,1.8,7,9,50
07/12/2025,Cainta,23,WEIGHING SCALE,8.3,0.1,0.0,8.2,15,16,50
07/12/2025,Cainta,23,FORCEPS,9.2,0.5,0.0,8.7,13,14,50
07/12/2025,Cainta,23,BETADINE CONTAINER,6.7,0.2,0.0,6.5,13,15,50
07/12/2025,Cainta,23,ALCOHOL PUMP CONTAINER,4.0,0.2,0.0,3.8,10,10,50
08/12/2025,Cainta,50,SPEEDA,1113.1,7.5,126.1,1231.7,16,15,70
08/12/2025,Cainta,50,ABHAYRAB,6.2,2.4,0.0,3.8,31,43,50
08/12/2025,Cainta,50,VAXIRAB,4.8,2.6,0.0,2.2,19,25,50
08/12/2025,Cainta,50,CHIRORAB,6.1,2.6,0.0,3.5,14,17,50
08/12/2025,Cainta,50,ERIG,10.0,2.0,0.0,8.0,19,17,50
08/12/2025,Cainta,50,HRIG,7.9,1.0,0.0,6.9,28,23,50
08/12/2025,Cainta,50,"ATS 1,500 ""IU""",1.7,1.0,0.0,0.7,25,23,50
08/12/2025,Cainta,50,"ATS 3000 ""IU""",36.3,1.0,0.0,35.3,28,38,50
08/12/2025,Cainta,50,"ATS 5,000 ""IU""",23.4,1.0,0.0,22.4,28,36,50
08/12/2025,Cainta,50,HTIG,1.6,0.5,0.0,1.1,17,19,50
08/12/2025,Cainta,50,TOXOID BETT,401.0,4.8,0.0,396.2,31,43,50
08/12/2025,Cainta,50,TOXOID ABHAYTOX,9.3,1.0,0.0,8.3,21,19,50
08/12/2025,Cainta,50,PPD,7.0,0.3,0.0,6.7,25,28,50
08/12/2025,Cainta,50,HEPA B,24.2,1.0,0.0,23.2,13,12,50
08/12/2025,Cainta,50,HEPA BIG,19.2,1.0,0.0,18.2,32,31,50
08/12/2025,Cainta,50,FLU,6.1,0.5,0.0,5.6,18,25,50
08/12/2025,Cainta,50,AMOXICILLIN 500MG,412.5,18.5,0.0,394.0,14,18,140
08/12/2025,Cainta,50,CEFALEXIN 500 MG,1301.5,11.0,0.0,1290.5,22,19,100
08/12/2025,Cainta,50,MEFENAMIC 500 MG,669.2,12.6,182.0,838.6,15,14,120
08/12/2025,Cainta,50,INSULIN,1052.4,13.6,0.0,1038.8,16,19,150
08/12/2025,Cainta,50,1CC/3CC,397.2,5.2,0.0,392.0,25,21,50
08/12/2025,Cainta,50,5CC/10CC,566.4,5.1,0.0,561.3,20,23,50
08/12/2025,Cainta,50,CETIRIZINE,1712.5,10.9,0.0,1701.6,31,36,100
08/12/2025,Cainta,50,G23,686.1,2.5,0.0,683.6,19,19,50
08/12/2025,Cainta,50,G27,523.6,2.6,0.0,521.0,27,26,50
08/12/2025,Cainta,50,GAUZE PAD,66.3,4.9,39.6,101.0,22,21,50
08/12/2025,Cainta,50,COTTON BALLS,2922.8,32.5,0.0,2890.3,26,35,240
08/12/2025,Cainta,50,BETADINE,14.8,0.3,0.0,14.5,24,25,50
08/12/2025,Cainta,50,ALCOHOL,8.8,0.3,0.0,8.5,22,25,50
08/12/2025,Cainta,50,FACEMASK,89.6,9.3,0.0,80.3,32,31,100
08/12/2025,Cainta,50,GLOVES,683.2,11.9,0.0,671.3,19,23,100
08/12/2025,Cainta,50,MICROPRE,152.0,2.5,0.0,149.5,16,14,50
08/12/2025,Cainta,50,STERILE WATER,1.1,1.5,15.4,15.0,26,22,50
08/12/2025,Cainta,50,REF THERMOMETER,19.8,0.5,0.0,19.3,29,36,50
08/12/2025,Cainta,50,ACRYLIC CONTAINERS,28.8,1.0,0.0,27.8,13,16,50
08/12/2025,Cainta,50,COOLER,14.5,0.3,0.0,14.2,21,20,50
08/12/2025,Cainta,50,KIDNEY BASIN,1.8,1.0,0.0,0.8,30,30,50
08/12/2025,Cainta,50,WEIGHING SCALE,8.2,0.2,0.0,8.0,27,37,50
08/12/2025,Cainta,50,FORCEPS,8.7,1.0,0.0,7.7,32,28,50
08/12/2025,Cainta,50,BETADINE CONTAINER,6.5,0.5,0.0,6.0,23,21,50
08/12/2025,Cainta,50,ALCOHOL PUMP CONTAINER,3.8,0.5,0.0,3.3,26,28,50
09/12/2025,Cainta,89,SPEEDA,1231.7,13.8,0.0,1217.9,33,32,70
09/12/2025,Cainta,89,ABHAYRAB,3.8,4.5,18.7,18.0,56,67,50
09/12/2025,Cainta,89,VAXIRAB,2.2,4.5,10.3,8.0,35,43,50
09/12/2025,Cainta,89,CHIRORAB,3.5,4.5,9.0,8.0,49,55,50
09/12/2025,Cainta,89,ERIG,8.0,3.5,0.0,4.5,37,43,50
09/12/2025,Cainta,89,HRIG,6.9,1.8,0.0,5.1,42,45,50
09/12/2025,Cainta,89,"ATS 1,500 ""IU""",0.7,1.8,15.1,14.0,48,60,50
09/12/2025,Cainta,89,"ATS 3000 ""IU""",35.3,1.8,17.9,51.4,40,33,50
09/12/2025,Cainta,89,"ATS 5,000 ""IU""",22.4,1.8,0.0,20.6,55,54,50
09/12/2025,Cainta,89,HTIG,1.1,0.9,8.0,8.2,37,45,50
09/12/2025,Cainta,89,TOXOID BETT,396.2,9.6,0.0,386.6,45,45,50
09/12/2025,Cainta,89,TOXOID ABHAYTOX,8.3,1.8,0.0,6.5,34,29,50
09/12/2025,Cainta,89,PPD,6.7,0.4,0.0,6.3,37,37,50
09/12/2025,Cainta,89,HEPA B,23.2,1.8,0.0,21.4,38,47,50
09/12/2025,Cainta,89,HEPA BIG,18.2,1.8,24.9,41.3,27,24,50
09/12/2025,Cainta,89,FLU,5.6,0.9,0.0,4.7,26,32,50
09/12/2025,Cainta,89,AMOXICILLIN 500MG,394.0,24.9,0.0,369.1,46,58,140
09/12/2025,Cainta,89,CEFALEXIN 500 MG,1290.5,19.8,0.0,1270.7,46,54,100
09/12/2025,Cainta,89,MEFENAMIC 500 MG,838.6,22.1,0.0,816.5,46,44,120
09/12/2025,Cainta,89,INSULIN,1038.8,26.0,0.0,1012.8,23,30,150
09/12/2025,Cainta,89,1CC/3CC,392.0,9.3,0.0,382.7,34,32,50
09/12/2025,Cainta,89,5CC/10CC,561.3,9.2,179.3,731.4,29,39,50
09/12/2025,Cainta,89,CETIRIZINE,1701.6,15.2,103.7,1790.1,50,61,100
09/12/2025,Cainta,89,G23,683.6,4.7,0.0,678.9,53,44,50
09/12/2025,Cainta,89,G27,521.0,4.6,0.0,516.4,31,40,50
09/12/2025,Cainta,89,GAUZE PAD,101.0,8.6,0.0,92.4,46,51,50
09/12/2025,Cainta,89,COTTON BALLS,2890.3,48.2,0.0,2842.1,27,29,240
09/12/2025,Cainta,89,BETADINE,14.5,0.4,0.0,14.1,32,34,50
09/12/2025,Cainta,89,ALCOHOL,8.5,0.4,0.0,8.1,27,31,50
09/12/2025,Cainta,89,FACEMASK,80.3,16.8,53.1,116.6,32,40,100
09/12/2025,Cainta,89,GLOVES,671.3,16.6,0.0,654.7,46,62,100
09/12/2025,Cainta,89,MICROPRE,149.5,4.4,0.0,145.1,55,53,50
09/12/2025,Cainta,89,STERILE WATER,15.0,2.7,0.0,12.3,29,34,50
09/12/2025,Cainta,89,REF THERMOMETER,19.3,0.9,0.0,18.4,42,51,50
09/12/2025,Cainta,89,ACRYLIC CONTAINERS,27.8,1.8,0.0,26.0,47,57,50
09/12/2025,Cainta,89,COOLER,14.2,0.4,0.0,13.8,56,61,50
09/12/2025,Cainta,89,KIDNEY BASIN,0.8,1.7,12.9,12.0,44,46,50
09/12/2025,Cainta,89,WEIGHING SCALE,8.0,0.4,0.0,7.6,31,39,50
09/12/2025,Cainta,89,FORCEPS,7.7,1.7,0.0,6.0,45,44,50
09/12/2025,Cainta,89,BETADINE CONTAINER,6.0,0.9,0.0,5.1,34,31,50
09/12/2025,Cainta,89,ALCOHOL PUMP CONTAINER,3.3,0.9,0.0,2.4,57,64,50
10/12/2025,Cainta,100,SPEEDA,1217.9,13.5,0.0,1204.4,41,39,70
10/12/2025,Cainta,100,ABHAYRAB,18.0,5.2,0.0,12.8,52,43,50
10/12/2025,Cainta,100,VAXIRAB,8.0,4.9,0.0,3.1,26,22,50
10/12/2025,Cainta,100,CHIRORAB,8.0,5.1,0.0,2.9,41,50,50
10/12/2025,Cainta,100,ERIG,4.5,4.0,0.0,0.5,60,83,50
10/12/2025,Cainta,100,HRIG,5.1,2.0,0.0,3.1,49,53,50
10/12/2025,Cainta,100,"ATS 1,500 ""IU""",14.0,2.0,0.0,12.0,43,38,50
10/12/2025,Cainta,100,"ATS 3000 ""IU""",51.4,2.0,0.0,49.4,62,80,50
10/12/2025,Cainta,100,"ATS 5,000 ""IU""",20.6,2.0,0.0,18.6,59,56,50
10/12/2025,Cainta,100,HTIG,8.2,1.0,0.0,7.2,38,53,50
10/12/2025,Cainta,100,TOXOID BETT,386.6,9.3,0.0,377.3,47,53,50
10/12/2025,Cainta,100,TOXOID ABHAYTOX,6.5,2.0,0.0,4.5,45,42,50
10/12/2025,Cainta,100,PPD,6.3,0.5,0.0,5.8,50,55,50
10/12/2025,Cainta,100,HEPA B,21.4,2.0,0.0,19.4,38,38,50
10/12/2025,Cainta,100,HEPA BIG,41.3,2.0,0.0,39.3,35,44,50
10/12/2025,Cainta,100,FLU,4.7,1.0,0.0,3.7,62,54,50
10/12/2025,Cainta,100,AMOXICILLIN 500MG,369.1,28.6,0.0,340.5,62,81,140
10/12/2025,Cainta,100,CEFALEXIN 500 MG,1270.7,24.6,0.0,1246.1,59,74,100
10/12/2025,Cainta,100,MEFENAMIC 500 MG,816.5,26.2,0.0,790.3,64,84,120
10/12/2025,Cainta,100,INSULIN,1012.8,32.0,0.0,980.8,55,74,150
10/12/2025,Cainta,100,1CC/3CC,382.7,10.5,0.0,372.2,56,53,50
10/12/2025,Cainta,100,5CC/10CC,731.4,10.1,0.0,721.3,56,62,50
10/12/2025,Cainta,100,CETIRIZINE,1790.1,19.5,0.0,1770.6,44,58,100
10/12/2025,Cainta,100,G23,678.9,5.0,0.0,673.9,43,44,50
10/12/2025,Cainta,100,G27,516.4,5.0,0.0,511.4,35,29,50
10/12/2025,Cainta,100,GAUZE PAD,92.4,10.0,0.0,82.4,51,50,50
10/12/2025,Cainta,100,COTTON BALLS,2842.1,57.8,0.0,2784.3,37,35,240
10/12/2025,Cainta,100,BETADINE,14.1,0.5,0.0,13.6,35,46,50
10/12/2025,Cainta,100,ALCOHOL,8.1,0.5,0.0,7.6,48,52,50
10/12/2025,Cainta,100,FACEMASK,116.6,19.8,0.0,96.8,41,50,100
10/12/2025,Cainta,100,GLOVES,654.7,20.2,116.3,750.8,34,47,100
10/12/2025,Cainta,100,MICROPRE,145.1,4.7,0.0,140.4,58,57,50
10/12/2025,Cainta,100,STERILE WATER,12.3,3.1,0.0,9.2,59,74,50
10/12/2025,Cainta,100,REF THERMOMETER,18.4,1.0,0.0,17.4,32,26,50
10/12/2025,Cainta,100,ACRYLIC CONTAINERS,26.0,2.0,0.0,24.0,25,22,50
10/12/2025,Cainta,100,COOLER,13.8,0.5,0.0,13.3,38,34,50
10/12/2025,Cainta,100,KIDNEY BASIN,12.0,2.0,0.0,10.0,57,56,50
10/12/2025,Cainta,100,WEIGHING SCALE,7.6,0.5,0.0,7.1,59,61,50
10/12/2025,Cainta,100,FORCEPS,6.0,2.0,0.0,4.0,31,34,50
10/12/2025,Cainta,100,BETADINE CONTAINER,5.1,1.0,0.0,4.1,56,53,50
10/12/2025,Cainta,100,ALCOHOL PUMP CONTAINER,2.4,1.0,0.0,1.4,30,25,50
11/12/2025,Cainta,16,SPEEDA,1204.4,2.2,0.0,1202.2,6,7,70
11/12/2025,Cainta,16,ABHAYRAB,12.8,0.8,0.0,12.0,10,8,50
11/12/2025,Cainta,16,VAXIRAB,3.1,0.8,0.0,2.3,5,6,50
11/12/2025,Cainta,16,CHIRORAB,2.9,0.8,0.0,2.1,5,7,50
11/12/2025,Cainta,16,ERIG,0.5,0.6,6.1,6.0,7,9,50
11/12/2025,Cainta,16,HRIG,3.1,0.3,0.0,2.8,8,9,50
11/12/2025,Cainta,16,"ATS 1,500 ""IU""",12.0,0.3,0.0,11.7,10,12,50
11/12/2025,Cainta,16,"ATS 3000 ""IU""",49.4,0.3,0.0,49.1,10,12,50
11/12/2025,Cainta,16,"ATS 5,000 ""IU""",18.6,0.3,0.0,18.3,4,5,50
11/12/2025,Cainta,16,HTIG,7.2,0.2,0.0,7.0,5,7,50
11/12/2025,Cainta,16,TOXOID BETT,377.3,1.6,59.3,435.0,9,10,50
11/12/2025,Cainta,16,TOXOID ABHAYTOX,4.5,0.3,0.0,4.2,6,7,50
11/12/2025,Cainta,16,PPD,5.8,0.1,0.0,5.7,10,13,50
11/12/2025,Cainta,16,HEPA B,19.4,0.3,0.0,19.1,8,6,50
11/12/2025,Cainta,16,HEPA BIG,39.3,0.3,0.0,39.0,5,6,50
11/12/2025,Cainta,16,FLU,3.7,0.2,0.0,3.5,9,11,50
11/12/2025,Cainta,16,AMOXICILLIN 500MG,340.5,4.0,0.0,336.5,5,6,140
11/12/2025,Cainta,16,CEFALEXIN 500 MG,1246.1,3.8,0.0,1242.3,7,7,100
11/12/2025,Cainta,16,MEFENAMIC 500 MG,790.3,3.5,0.0,786.8,8,8,120
11/12/2025,Cainta,16,INSULIN,980.8,5.0,0.0,975.8,7,6,150
11/12/2025,Cainta,16,1CC/3CC,372.2,1.5,0.0,370.7,8,9,50
11/12/2025,Cainta,16,5CC/10CC,721.3,1.6,0.0,719.7,8,11,50
11/12/2025,Cainta,16,CETIRIZINE,1770.6,3.3,0.0,1767.3,10,13,100
11/12/2025,Cainta,16,G23,673.9,0.8,0.0,673.1,10,10,50
11/12/2025,Cainta,16,G27,511.4,0.8,0.0,510.6,7,7,50
11/12/2025,Cainta,16,GAUZE PAD,82.4,1.7,0.0,80.7,5,6,50
11/12/2025,Cainta,16,COTTON BALLS,2784.3,8.8,0.0,2775.5,9,11,240
11/12/2025,Cainta,16,BETADINE,13.6,0.1,0.0,13.5,10,11,50
11/12/2025,Cainta,16,ALCOHOL,7.6,0.1,0.0,7.5,6,6,50
11/12/2025,Cainta,16,FACEMASK,96.8,3.6,64.2,157.4,7,6,100
11/12/2025,Cainta,16,GLOVES,750.8,2.8,0.0,748.0,7,9,100
11/12/2025,Cainta,16,MICROPRE,140.4,0.8,0.0,139.6,4,5,50
11/12/2025,Cainta,16,STERILE WATER,9.2,0.5,0.0,8.7,8,8,50
11/12/2025,Cainta,16,REF THERMOMETER,17.4,0.2,0.0,17.2,6,8,50
11/12/2025,Cainta,16,ACRYLIC CONTAINERS,24.0,0.3,0.0,23.7,9,11,50
11/12/2025,Cainta,16,COOLER,13.3,0.1,0.0,13.2,9,12,50
11/12/2025,Cainta,16,KIDNEY BASIN,10.0,0.3,0.0,9.7,9,10,50
11/12/2025,Cainta,16,WEIGHING SCALE,7.1,0.1,0.0,7.0,7,8,50
11/12/2025,Cainta,16,FORCEPS,4.0,0.3,0.0,3.7,6,8,50
11/12/2025,Cainta,16,BETADINE CONTAINER,4.1,0.2,0.0,3.9,9,12,50
11/12/2025,Cainta,16,ALCOHOL PUMP CONTAINER,1.4,0.2,0.0,1.2,9,12,50
12/12/2025,Cainta,94,SPEEDA,1202.2,16.0,0.0,1186.2,42,54,70
12/12/2025,Cainta,94,ABHAYRAB,12.0,4.6,0.0,7.4,57,61,50
12/12/2025,Cainta,94,VAXIRAB,2.3,4.6,9.3,7.0,29,27,50
12/12/2025,Cainta,94,CHIRORAB,2.1,4.4,19.3,17.0,57,59,50
12/12/2025,Cainta,94,ERIG,6.0,3.7,0.0,2.3,27,37,50
12/12/2025,Cainta,94,HRIG,2.8,1.9,0.0,0.9,29,30,50
12/12/2025,Cainta,94,"ATS 1,500 ""IU""",11.7,1.9,0.0,9.8,44,55,50
12/12/2025,Cainta,94,"ATS 3000 ""IU""",49.1,1.9,0.0,47.2,26,35,50
12/12/2025,Cainta,94,"ATS 5,000 ""IU""",18.3,1.9,0.0,16.4,25,35,50
12/12/2025,Cainta,94,HTIG,7.0,1.0,0.0,6.0,24,33,50
12/12/2025,Cainta,94,TOXOID BETT,435.0,9.9,0.0,425.1,40,45,50
12/12/2025,Cainta,94,TOXOID ABHAYTOX,4.2,1.9,36.8,39.1,53,58,50
12/12/2025,Cainta,94,PPD,5.7,0.5,0.0,5.2,25,35,50
12/12/2025,Cainta,94,HEPA B,19.1,1.9,16.2,33.4,48,45,50
12/12/2025,Cainta,94,HEPA BIG,39.0,1.9,0.0,37.1,54,49,50
12/12/2025,Cainta,94,FLU,3.5,0.9,0.0,2.6,30,41,50
12/12/2025,Cainta,94,AMOXICILLIN 500MG,336.5,32.9,0.0,303.6,29,35,140
12/12/2025,Cainta,94,CEFALEXIN 500 MG,1242.3,24.0,0.0,1218.3,56,63,100
12/12/2025,Cainta,94,MEFENAMIC 500 MG,786.8,27.7,0.0,759.1,54,47,120
12/12/2025,Cainta,94,INSULIN,975.8,30.7,0.0,945.1,44,49,150
12/12/2025,Cainta,94,1CC/3CC,370.7,9.7,0.0,361.0,54,74,50
12/12/2025,Cainta,94,5CC/10CC,719.7,9.8,0.0,709.9,27,31,50
12/12/2025,Cainta,94,CETIRIZINE,1767.3,20.3,0.0,1747.0,38,40,100
12/12/2025,Cainta,94,G23,673.1,4.7,0.0,668.4,51,58,50
12/12/2025,Cainta,94,G27,510.6,4.7,0.0,505.9,33,44,50
12/12/2025,Cainta,94,GAUZE PAD,80.7,9.4,0.0,71.3,52,70,50
12/12/2025,Cainta,94,COTTON BALLS,2775.5,40.4,0.0,2735.1,42,44,240
12/12/2025,Cainta,94,BETADINE,13.5,0.5,0.0,13.0,52,61,50
12/12/2025,Cainta,94,ALCOHOL,7.5,0.5,0.0,7.0,41,40,50
12/12/2025,Cainta,94,FACEMASK,157.4,18.6,0.0,138.8,37,40,100
12/12/2025,Cainta,94,GLOVES,748.0,17.0,0.0,731.0,32,30,100
12/12/2025,Cainta,94,MICROPRE,139.6,4.5,0.0,135.1,31,35,50
12/12/2025,Cainta,94,STERILE WATER,8.7,2.8,0.0,5.9,52,60,50
12/12/2025,Cainta,94,REF THERMOMETER,17.2,1.0,0.0,16.2,28,28,50
12/12/2025,Cainta,94,ACRYLIC CONTAINERS,23.7,1.9,0.0,21.8,27,26,50
12/12/2025,Cainta,94,COOLER,13.2,0.5,0.0,12.7,30,27,50
12/12/2025,Cainta,94,KIDNEY BASIN,9.7,1.9,8.6,16.4,30,27,50
12/12/2025,Cainta,94,WEIGHING SCALE,7.0,0.5,0.0,6.5,54,66,50
12/12/2025,Cainta,94,FORCEPS,3.7,1.9,0.0,1.8,38,35,50
12/12/2025,Cainta,94,BETADINE CONTAINER,3.9,0.9,0.0,3.0,61,53,50
12/12/2025,Cainta,94,ALCOHOL PUMP CONTAINER,1.2,0.9,0.0,0.3,29,41,50
13/12/2025,Cainta,62,SPEEDA,1186.2,8.6,0.0,1177.6,32,31,70
13/12/2025,Cainta,62,ABHAYRAB,7.4,3.1,0.0,4.3,27,36,50
13/12/2025,Cainta,62,VAXIRAB,7.0,3.0,0.0,4.0,25,29,50
13/12/2025,Cainta,62,CHIRORAB,17.0,3.0,0.0,14.0,37,45,50
13/12/2025,Cainta,62,ERIG,2.3,2.5,11.2,11.0,40,45,50
13/12/2025,Cainta,62,HRIG,0.9,1.2,19.3,19.0,37,34,50
13/12/2025,Cainta,62,"ATS 1,500 ""IU""",9.8,1.2,0.0,8.6,20,26,50
13/12/2025,Cainta,62,"ATS 3000 ""IU""",47.2,1.2,0.0,46.0,21,27,50
13/12/2025,Cainta,62,"ATS 5,000 ""IU""",16.4,1.2,0.0,15.2,32,32,50
13/12/2025,Cainta,62,HTIG,6.0,0.6,0.0,5.4,23,29,50
13/12/2025,Cainta,62,TOXOID BETT,425.1,6.6,0.0,418.5,34,38,50
13/12/2025,Cainta,62,TOXOID ABHAYTOX,39.1,1.2,0.0,37.9,30,40,50
13/12/2025,Cainta,62,PPD,5.2,0.3,0.0,4.9,29,37,50
13/12/2025,Cainta,62,HEPA B,33.4,1.2,0.0,32.2,36,30,50
13/12/2025,Cainta,62,HEPA BIG,37.1,1.2,0.0,35.9,33,44,50
13/12/2025,Cainta,62,FLU,2.6,0.6,0.0,2.0,16,22,50
13/12/2025,Cainta,62,AMOXICILLIN 500MG,303.6,18.7,0.0,284.9,17,21,140
13/12/2025,Cainta,62,CEFALEXIN 500 MG,1218.3,11.6,0.0,1206.7,30,26,100
13/12/2025,Cainta,62,MEFENAMIC 500 MG,759.1,14.3,353.8,1098.6,28,36,120
13/12/2025,Cainta,62,INSULIN,945.1,15.1,0.0,930.0,22,26,150
13/12/2025,Cainta,62,1CC/3CC,361.0,6.8,0.0,354.2,26,26,50
13/12/2025,Cainta,62,5CC/10CC,709.9,5.8,0.0,704.1,34,45,50
13/12/2025,Cainta,62,CETIRIZINE,1747.0,11.6,0.0,1735.4,36,41,100
13/12/2025,Cainta,62,G23,668.4,3.0,0.0,665.4,29,38,50
13/12/2025,Cainta,62,G27,505.9,3.2,0.0,502.7,25,30,50
13/12/2025,Cainta,62,GAUZE PAD,71.3,6.1,0.0,65.2,22,21,50
13/12/2025,Cainta,62,COTTON BALLS,2735.1,39.8,0.0,2695.3,28,39,240
13/12/2025,Cainta,62,BETADINE,13.0,0.3,0.0,12.7,23,26,50
13/12/2025,Cainta,62,ALCOHOL,7.0,0.3,0.0,6.7,29,32,50
13/12/2025,Cainta,62,FACEMASK,138.8,11.4,0.0,127.4,32,33,100
13/12/2025,Cainta,62,GLOVES,731.0,15.4,58.0,773.6,17,15,100
13/12/2025,Cainta,62,MICROPRE,135.1,3.0,0.0,132.1,16,19,50
13/12/2025,Cainta,62,STERILE WATER,5.9,1.9,0.0,4.0,21,22,50
13/12/2025,Cainta,62,REF THERMOMETER,16.2,0.6,0.0,15.6,38,52,50
13/12/2025,Cainta,62,ACRYLIC CONTAINERS,21.8,1.2,0.0,20.6,32,44,50
13/12/2025,Cainta,62,COOLER,12.7,0.3,0.0,12.4,20,25,50
13/12/2025,Cainta,62,KIDNEY BASIN,16.4,1.2,0.0,15.2,38,36,50
13/12/2025,Cainta,62,WEIGHING SCALE,6.5,0.3,0.0,6.2,27,33,50
13/12/2025,Cainta,62,FORCEPS,1.8,1.2,0.0,0.6,27,22,50
13/12/2025,Cainta,62,BETADINE CONTAINER,3.0,0.6,0.0,2.4,39,51,50
13/12/2025,Cainta,62,ALCOHOL PUMP CONTAINER,0.3,0.6,14.3,14.0,17,19,50
14/12/2025,Cainta,65,SPEEDA,1177.6,9.3,0.0,1168.3,22,30,70
14/12/2025,Cainta,65,ABHAYRAB,4.3,3.1,0.0,1.2,31,32,50
14/12/2025,Cainta,65,VAXIRAB,4.0,3.2,0.0,0.8,21,20,50
14/12/2025,Cainta,65,CHIRORAB,14.0,3.5,0.0,10.5,34,47,50
14/12/2025,Cainta,65,ERIG,11.0,2.6,11.6,20.0,22,25,50
14/12/2025,Cainta,65,HRIG,19.0,1.3,0.0,17.7,19,25,50
14/12/2025,Cainta,65,"ATS 1,500 ""IU""",8.6,1.3,0.0,7.3,22,30,50
14/12/2025,Cainta,65,"ATS 3000 ""IU""",46.0,1.3,0.0,44.7,27,30,50
14/12/2025,Cainta,65,"ATS 5,000 ""IU""",15.2,1.3,0.0,13.9,21,23,50
14/12/2025,Cainta,65,HTIG,5.4,0.7,0.0,4.7,20,23,50
14/12/2025,Cainta,65,TOXOID BETT,418.5,6.4,93.2,505.3,39,51,50
14/12/2025,Cainta,65,TOXOID ABHAYTOX,37.9,1.3,0.0,36.6,25,34,50
14/12/2025,Cainta,65,PPD,4.9,0.3,0.0,4.6,26,26,50
14/12/2025,Cainta,65,HEPA B,32.2,1.3,0.0,30.9,18,22,50
14/12/2025,Cainta,65,HEPA BIG,35.9,1.3,0.0,34.6,26,25,50
14/12/2025,Cainta,65,FLU,2.0,0.6,0.0,1.4,23,27,50
14/12/2025,Cainta,65,AMOXICILLIN 500MG,284.9,19.6,462.1,727.4,32,41,140
14/12/2025,Cainta,65,CEFALEXIN 500 MG,1206.7,12.0,0.0,1194.7,22,29,100
14/12/2025,Cainta,65,MEFENAMIC 500 MG,1098.6,16.7,254.6,1336.5,39,42,120
14/12/2025,Cainta,65,INSULIN,930.0,15.4,0.0,914.6,40,41,150
14/12/2025,Cainta,65,1CC/3CC,354.2,6.6,114.4,462.0,19,18,50
14/12/2025,Cainta,65,5CC/10CC,704.1,6.8,0.0,697.3,19,17,50
14/12/2025,Cainta,65,CETIRIZINE,1735.4,10.7,0.0,1724.7,19,19,100
14/12/2025,Cainta,65,G23,665.4,3.3,0.0,662.1,32,42,50
14/12/2025,Cainta,65,G27,502.7,3.4,0.0,499.3,19,20,50
14/12/2025,Cainta,65,GAUZE PAD,65.2,6.1,49.0,108.1,38,38,50
14/12/2025,Cainta,65,COTTON BALLS,2695.3,45.4,310.4,2960.3,36,45,240
14/12/2025,Cainta,65,BETADINE,12.7,0.3,0.0,12.4,38,35,50
14/12/2025,Cainta,65,ALCOHOL,6.7,0.3,0.0,6.4,30,29,50
14/12/2025,Cainta,65,FACEMASK,127.4,12.9,0.0,114.5,42,57,100
14/12/2025,Cainta,65,GLOVES,773.6,13.7,0.0,759.9,17,14,100
14/12/2025,Cainta,65,MICROPRE,132.1,3.3,0.0,128.8,27,28,50
14/12/2025,Cainta,65,STERILE WATER,4.0,2.0,0.0,2.0,25,29,50
14/12/2025,Cainta,65,REF THERMOMETER,15.6,0.6,0.0,15.0,41,38,50
14/12/2025,Cainta,65,ACRYLIC CONTAINERS,20.6,1.3,0.0,19.3,31,30,50
14/12/2025,Cainta,65,COOLER,12.4,0.3,4.2,16.3,37,35,50
14/12/2025,Cainta,65,KIDNEY BASIN,15.2,1.3,0.0,13.9,21,21,50
14/12/2025,Cainta,65,WEIGHING SCALE,6.2,0.3,0.0,5.9,42,56,50
14/12/2025,Cainta,65,FORCEPS,0.6,1.3,15.7,15.0,29,31,50
14/12/2025,Cainta,65,BETADINE CONTAINER,2.4,0.7,0.0,1.7,29,30,50
14/12/2025,Cainta,65,ALCOHOL PUMP CONTAINER,14.0,0.7,0.0,13.3,41,42,50
15/12/2025,Cainta,48,SPEEDA,1168.3,7.6,0.0,1160.7,19,26,70
15/12/2025,Cainta,48,ABHAYRAB,1.2,2.3,20.1,19.0,20,17,50
15/12/2025,Cainta,48,VAXIRAB,0.8,2.4,21.6,20.0,23,30,50
15/12/2025,Cainta,48,CHIRORAB,10.5,2.5,0.0,8.0,14,14,50
15/12/2025,Cainta,48,ERIG,20.0,1.9,0.0,18.1,18,25,50
15/12/2025,Cainta,48,HRIG,17.7,1.0,0.0,16.7,16,16,50
15/12/2025,Cainta,48,"ATS 1,500 ""IU""",7.3,1.0,0.0,6.3,14,12,50
15/12/2025,Cainta,48,"ATS 3000 ""IU""",44.7,1.0,0.0,43.7,29,32,50
15/12/2025,Cainta,48,"ATS 5,000 ""IU""",13.9,1.0,0.0,12.9,23,22,50
15/12/2025,Cainta,48,HTIG,4.7,0.5,7.0,11.2,19,24,50
15/12/2025,Cainta,48,TOXOID BETT,505.3,4.8,190.0,690.5,20,24,50
15/12/2025,Cainta,48,TOXOID ABHAYTOX,36.6,1.0,0.0,35.6,20,24,50
15/12/2025,Cainta,48,PPD,4.6,0.2,0.0,4.4,24,22,50
15/12/2025,Cainta,48,HEPA B,30.9,1.0,0.0,29.9,30,37,50
15/12/2025,Cainta,48,HEPA BIG,34.6,0.9,0.0,33.7,30,30,50
15/12/2025,Cainta,48,FLU,1.4,0.5,0.0,0.9,20,28,50
15/12/2025,Cainta,48,AMOXICILLIN 500MG,727.4,15.5,0.0,711.9,18,22,140
15/12/2025,Cainta,48,CEFALEXIN 500 MG,1194.7,8.6,0.0,1186.1,21,24,100
15/12/2025,Cainta,48,MEFENAMIC 500 MG,1336.5,9.3,0.0,1327.2,23,30,120
15/12/2025,Cainta,48,INSULIN,914.6,15.3,0.0,899.3,21,24,150
15/12/2025,Cainta,48,1CC/3CC,462.0,5.4,0.0,456.6,25,28,50
15/12/2025,Cainta,48,5CC/10CC,697.3,4.8,105.2,797.7,23,22,50
15/12/2025,Cainta,48,CETIRIZINE,1724.7,10.4,0.0,1714.3,18,22,100
15/12/2025,Cainta,48,G23,662.1,2.4,0.0,659.7,19,19,50
15/12/2025,Cainta,48,G27,499.3,2.4,0.0,496.9,19,16,50
15/12/2025,Cainta,48,GAUZE PAD,108.1,5.0,0.0,103.1,14,18,50
15/12/2025,Cainta,48,COTTON BALLS,2960.3,22.6,0.0,2937.7,15,12,240
15/12/2025,Cainta,48,BETADINE,12.4,0.2,0.0,12.2,26,31,50
15/12/2025,Cainta,48,ALCOHOL,6.4,0.2,0.0,6.2,19,17,50
15/12/2025,Cainta,48,FACEMASK,114.5,9.0,0.0,105.5,16,17,100
15/12/2025,Cainta,48,GLOVES,759.9,10.6,0.0,749.3,23,30,100
15/12/2025,Cainta,48,MICROPRE,128.8,2.4,0.0,126.4,27,23,50
15/12/2025,Cainta,48,STERILE WATER,2.0,1.4,0.0,0.6,17,20,50
15/12/2025,Cainta,48,REF THERMOMETER,15.0,0.5,0.0,14.5,28,33,50
15/12/2025,Cainta,48,ACRYLIC CONTAINERS,19.3,1.0,0.0,18.3,30,40,50
15/12/2025,Cainta,48,COOLER,16.3,0.2,0.0,16.1,23,21,50
15/12/2025,Cainta,48,KIDNEY BASIN,13.9,1.0,0.0,12.9,25,32,50
15/12/2025,Cainta,48,WEIGHING SCALE,5.9,0.2,0.0,5.7,13,14,50
15/12/2025,Cainta,48,FORCEPS,15.0,1.0,0.0,14.0,30,32,50
15/12/2025,Cainta,48,BETADINE CONTAINER,1.7,0.5,0.0,1.2,20,20,50
15/12/2025,Cainta,48,ALCOHOL PUMP CONTAINER,13.3,0.5,0.0,12.8,30,31,50
16/12/2025,Cainta,82,SPEEDA,1160.7,13.7,0.0,1147.0,39,43,70
16/12/2025,Cainta,82,ABHAYRAB,19.0,4.2,0.0,14.8,21,18,50
16/12/2025,Cainta,82,VAXIRAB,20.0,4.1,0.0,15.9,22,23,50
16/12/2025,Cainta,82,CHIRORAB,8.0,3.9,0.0,4.1,43,51,50
16/12/2025,Cainta,82,ERIG,18.1,3.2,0.0,14.9,39,43,50
16/12/2025,Cainta,82,HRIG,16.7,1.6,0.0,15.1,21,19,50
16/12/2025,Cainta,82,"ATS 1,500 ""IU""",6.3,1.6,0.0,4.7,45,46,50
16/12/2025,Cainta,82,"ATS 3000 ""IU""",43.7,1.6,0.0,42.1,48,51,50
16/12/2025,Cainta,82,"ATS 5,000 ""IU""",12.9,1.6,0.0,11.3,37,44,50
16/12/2025,Cainta,82,HTIG,11.2,0.8,0.0,10.4,36,48,50
16/12/2025,Cainta,82,TOXOID BETT,690.5,8.2,150.7,833.0,21,24,50
16/12/2025,Cainta,82,TOXOID ABHAYTOX,35.6,1.6,0.0,34.0,46,55,50
16/12/2025,Cainta,82,PPD,4.4,0.4,0.0,4.0,31,26,50
16/12/2025,Cainta,82,HEPA B,29.9,1.6,0.0,28.3,49,67,50
16/12/2025,Cainta,82,HEPA BIG,33.7,1.6,0.0,32.1,33,33,50
16/12/2025,Cainta,82,FLU,0.9,0.8,0.0,0.1,39,39,50
16/12/2025,Cainta,82,AMOXICILLIN 500MG,711.9,20.5,0.0,691.4,29,27,140
16/12/2025,Cainta,82,CEFALEXIN 500 MG,1186.1,17.4,0.0,1168.7,26,22,100
16/12/2025,Cainta,82,MEFENAMIC 500 MG,1327.2,24.6,0.0,1302.6,46,59,120
16/12/2025,Cainta,82,INSULIN,899.3,29.5,85.4,955.2,37,35,150
16/12/2025,Cainta,82,1CC/3CC,456.6,8.1,0.0,448.5,38,37,50
16/12/2025,Cainta,82,5CC/10CC,797.7,8.8,0.0,788.9,52,47,50
16/12/2025,Cainta,82,CETIRIZINE,1714.3,16.6,0.0,1697.7,52,72,100
16/12/2025,Cainta,82,G23,659.7,4.1,65.3,720.9,49,62,50
16/12/2025,Cainta,82,G27,496.9,4.0,0.0,492.9,27,37,50
16/12/2025,Cainta,82,GAUZE PAD,103.1,8.1,0.0,95.0,40,53,50
16/12/2025,Cainta,82,COTTON BALLS,2937.7,37.9,0.0,2899.8,49,66,240
16/12/2025,Cainta,82,BETADINE,12.2,0.4,0.0,11.8,33,36,50
16/12/2025,Cainta,82,ALCOHOL,6.2,0.4,0.0,5.8,24,22,50
16/12/2025,Cainta,82,FACEMASK,105.5,16.4,0.0,89.1,47,47,100
16/12/2025,Cainta,82,GLOVES,749.3,17.1,0.0,732.2,36,35,100
16/12/2025,Cainta,82,MICROPRE,126.4,4.2,0.0,122.2,39,48,50
16/12/2025,Cainta,82,STERILE WATER,0.6,2.5,6.9,5.0,53,43,50
16/12/2025,Cainta,82,REF THERMOMETER,14.5,0.8,0.0,13.7,40,35,50
16/12/2025,Cainta,82,ACRYLIC CONTAINERS,18.3,1.6,0.0,16.7,34,41,50
16/12/2025,Cainta,82,COOLER,16.1,0.4,0.0,15.7,33,29,50
16/12/2025,Cainta,82,KIDNEY BASIN,12.9,1.6,0.0,11.3,34,28,50
16/12/2025,Cainta,82,WEIGHING SCALE,5.7,0.4,0.0,5.3,24,21,50
16/12/2025,Cainta,82,FORCEPS,14.0,1.6,0.0,12.4,47,57,50
16/12/2025,Cainta,82,BETADINE CONTAINER,1.2,0.8,0.0,0.4,48,42,50
16/12/2025,Cainta,82,ALCOHOL PUMP CONTAINER,12.8,0.8,0.0,12.0,30,27,50
17/12/2025,Cainta,41,SPEEDA,1147.0,6.5,0.0,1140.5,15,14,70
17/12/2025,Cainta,41,ABHAYRAB,14.8,2.0,0.0,12.8,25,31,50
17/12/2025,Cainta,41,VAXIRAB,15.9,1.9,0.0,14.0,11,10,50
17/12/2025,Cainta,41,CHIRORAB,4.1,2.0,0.0,2.1,19,16,50
17/12/2025,Cainta,41,ERIG,14.9,1.7,13.5,26.7,18,24,50
17/12/2025,Cainta,41,HRIG,15.1,0.8,0.0,14.3,22,29,50
17/12/2025,Cainta,41,"ATS 1,500 ""IU""",4.7,0.8,0.0,3.9,13,12,50
17/12/2025,Cainta,41,"ATS 3000 ""IU""",42.1,0.8,0.0,41.3,21,20,50
17/12/2025,Cainta,41,"ATS 5,000 ""IU""",11.3,0.8,0.0,10.5,16,15,50
17/12/2025,Cainta,41,HTIG,10.4,0.4,0.0,10.0,20,25,50
17/12/2025,Cainta,41,TOXOID BETT,833.0,3.9,0.0,829.1,11,10,50
17/12/2025,Cainta,41,TOXOID ABHAYTOX,34.0,0.8,0.0,33.2,18,24,50
17/12/2025,Cainta,41,PPD,4.0,0.2,0.0,3.8,19,25,50
17/12/2025,Cainta,41,HEPA B,28.3,0.8,0.0,27.5,14,16,50
17/12/2025,Cainta,41,HEPA BIG,32.1,0.8,0.0,31.3,13,10,50
17/12/2025,Cainta,41,FLU,0.1,0.4,10.3,10.0,13,17,50
17/12/2025,Cainta,41,AMOXICILLIN 500MG,691.4,10.8,0.0,680.6,16,20,140
17/12/2025,Cainta,41,CEFALEXIN 500 MG,1168.7,8.1,0.0,1160.6,12,15,100
17/12/2025,Cainta,41,MEFENAMIC 500 MG,1302.6,12.6,160.3,1450.3,26,22,120
17/12/2025,Cainta,41,INSULIN,955.2,10.0,168.6,1113.8,17,21,150
17/12/2025,Cainta,41,1CC/3CC,448.5,3.8,133.1,577.8,24,31,50
17/12/2025,Cainta,41,5CC/10CC,788.9,4.4,0.0,784.5,26,36,50
17/12/2025,Cainta,41,CETIRIZINE,1697.7,8.0,0.0,1689.7,12,14,100
17/12/2025,Cainta,41,G23,720.9,2.0,0.0,718.9,21,23,50
17/12/2025,Cainta,41,G27,492.9,2.1,0.0,490.8,25,26,50
17/12/2025,Cainta,41,GAUZE PAD,95.0,4.0,22.4,113.4,21,26,50
17/12/2025,Cainta,41,COTTON BALLS,2899.8,29.5,0.0,2870.3,17,23,240
17/12/2025,Cainta,41,BETADINE,11.8,0.2,0.0,11.6,17,20,50
17/12/2025,Cainta,41,ALCOHOL,5.8,0.2,0.0,5.6,11,10,50
17/12/2025,Cainta,41,FACEMASK,89.1,10.2,0.0,78.9,19,15,100
17/12/2025,Cainta,41,GLOVES,732.2,7.7,0.0,724.5,27,32,100
17/12/2025,Cainta,41,MICROPRE,122.2,2.1,48.9,169.0,26,34,50
17/12/2025,Cainta,41,STERILE WATER,5.0,1.2,0.0,3.8,11,9,50
17/12/2025,Cainta,41,REF THERMOMETER,13.7,0.4,0.0,13.3,22,23,50
17/12/2025,Cainta,41,ACRYLIC CONTAINERS,16.7,0.8,0.0,15.9,15,20,50
17/12/2025,Cainta,41,COOLER,15.7,0.2,0.0,15.5,25,28,50
17/12/2025,Cainta,41,KIDNEY BASIN,11.3,0.8,0.0,10.5,11,10,50
17/12/2025,Cainta,41,WEIGHING SCALE,5.3,0.2,0.0,5.1,26,26,50
17/12/2025,Cainta,41,FORCEPS,12.4,0.8,0.0,11.6,24,25,50
17/12/2025,Cainta,41,BETADINE CONTAINER,0.4,0.4,0.0,0.0,12,10,50
17/12/2025,Cainta,41,ALCOHOL PUMP CONTAINER,12.0,0.4,0.0,11.6,11,13,50
18/12/2025,Cainta,60,SPEEDA,1140.5,8.7,0.0,1131.8,35,40,70
18/12/2025,Cainta,60,ABHAYRAB,12.8,3.0,0.0,9.8,19,23,50
18/12/2025,Cainta,60,VAXIRAB,14.0,2.9,0.0,11.1,28,33,50
18/12/2025,Cainta,60,CHIRORAB,2.1,2.9,14.8,14.0,37,30,50
18/12/2025,Cainta,60,ERIG,26.7,2.5,0.0,24.2,29,26,50
18/12/2025,Cainta,60,HRIG,14.3,1.2,0.0,13.1,25,22,50
18/12/2025,Cainta,60,"ATS 1,500 ""IU""",3.9,1.2,0.0,2.7,26,22,50
18/12/2025,Cainta,60,"ATS 3000 ""IU""",41.3,1.2,0.0,40.1,17,21,50
18/12/2025,Cainta,60,"ATS 5,000 ""IU""",10.5,1.2,0.0,9.3,38,33,50
18/12/2025,Cainta,60,HTIG,10.0,0.6,0.0,9.4,22,26,50
18/12/2025,Cainta,60,TOXOID BETT,829.1,6.3,0.0,822.8,20,18,50
18/12/2025,Cainta,60,TOXOID ABHAYTOX,33.2,1.2,0.0,32.0,22,19,50
18/12/2025,Cainta,60,PPD,3.8,0.3,0.0,3.5,38,34,50
18/12/2025,Cainta,60,HEPA B,27.5,1.2,0.0,26.3,17,19,50
18/12/2025,Cainta,60,HEPA BIG,31.3,1.2,0.0,30.1,36,43,50
18/12/2025,Cainta,60,FLU,10.0,0.6,0.0,9.4,32,41,50
18/12/2025,Cainta,60,AMOXICILLIN 500MG,680.6,22.0,0.0,658.6,35,31,140
18/12/2025,Cainta,60,CEFALEXIN 500 MG,1160.6,12.7,0.0,1147.9,38,44,100
18/12/2025,Cainta,60,MEFENAMIC 500 MG,1450.3,15.8,0.0,1434.5,35,44,120
18/12/2025,Cainta,60,INSULIN,1113.8,24.9,0.0,1088.9,38,38,150
18/12/2025,Cainta,60,1CC/3CC,577.8,5.8,0.0,572.0,18,15,50
18/12/2025,Cainta,60,5CC/10CC,784.5,6.3,0.0,778.2,34,30,50
18/12/2025,Cainta,60,CETIRIZINE,1689.7,12.1,0.0,1677.6,28,24,100
18/12/2025,Cainta,60,G23,718.9,3.0,0.0,715.9,28,37,50
18/12/2025,Cainta,60,G27,490.8,3.1,0.0,487.7,37,38,50
18/12/2025,Cainta,60,GAUZE PAD,113.4,6.2,0.0,107.2,38,42,50
18/12/2025,Cainta,60,COTTON BALLS,2870.3,33.4,0.0,2836.9,32,40,240
18/12/2025,Cainta,60,BETADINE,11.6,0.3,0.0,11.3,27,28,50
18/12/2025,Cainta,60,ALCOHOL,5.6,0.3,0.0,5.3,26,31,50
18/12/2025,Cainta,60,FACEMASK,78.9,11.0,0.0,67.9,24,20,100
18/12/2025,Cainta,60,GLOVES,724.5,10.8,0.0,713.7,24,26,100
18/12/2025,Cainta,60,MICROPRE,169.0,2.8,0.0,166.2,24,21,50
18/12/2025,Cainta,60,STERILE WATER,3.8,1.9,0.0,1.9,17,16,50
18/12/2025,Cainta,60,REF THERMOMETER,13.3,0.6,0.0,12.7,17,17,50
18/12/2025,Cainta,60,ACRYLIC CONTAINERS,15.9,1.2,0.0,14.7,34,42,50
18/12/2025,Cainta,60,COOLER,15.5,0.3,0.0,15.2,26,31,50
18/12/2025,Cainta,60,KIDNEY BASIN,10.5,1.2,0.0,9.3,37,46,50
18/12/2025,Cainta,60,WEIGHING SCALE,5.1,0.3,0.0,4.8,30,25,50
18/12/2025,Cainta,60,FORCEPS,11.6,1.2,0.0,10.4,16,22,50
18/12/2025,Cainta,60,BETADINE CONTAINER,0.0,0.6,17.6,17.0,19,16,50
18/12/2025,Cainta,60,ALCOHOL PUMP CONTAINER,11.6,0.6,0.0,11.0,20,26,50
19/12/2025,Cainta,14,SPEEDA,1131.8,2.1,0.0,1129.7,9,11,70
19/12/2025,Cainta,14,ABHAYRAB,9.8,0.7,0.0,9.1,5,6,50
19/12/2025,Cainta,14,VAXIRAB,11.1,0.7,0.0,10.4,6,6,50
19/12/2025,Cainta,14,CHIRORAB,14.0,0.7,0.0,13.3,9,11,50
19/12/2025,Cainta,14,ERIG,24.2,0.6,0.0,23.6,9,11,50
19/12/2025,Cainta,14,HRIG,13.1,0.3,0.0,12.8,5,4,50
19/12/2025,Cainta,14,"ATS 1,500 ""IU""",2.7,0.3,0.0,2.4,4,5,50
19/12/2025,Cainta,14,"ATS 3000 ""IU""",40.1,0.3,0.0,39.8,4,3,50
19/12/2025,Cainta,14,"ATS 5,000 ""IU""",9.3,0.3,0.0,9.0,4,4,50
19/12/2025,Cainta,14,HTIG,9.4,0.1,0.0,9.3,5,6,50
19/12/2025,Cainta,14,TOXOID BETT,822.8,1.4,0.0,821.4,7,9,50
19/12/2025,Cainta,14,TOXOID ABHAYTOX,32.0,0.3,0.0,31.7,9,10,50
19/12/2025,Cainta,14,PPD,3.5,0.1,0.0,3.4,7,7,50
19/12/2025,Cainta,14,HEPA B,26.3,0.3,0.0,26.0,7,8,50
19/12/2025,Cainta,14,HEPA BIG,30.1,0.3,0.0,29.8,5,5,50
19/12/2025,Cainta,14,FLU,9.4,0.1,0.0,9.3,8,9,50
19/12/2025,Cainta,14,AMOXICILLIN 500MG,658.6,5.4,0.0,653.2,7,8,140
19/12/2025,Cainta,14,CEFALEXIN 500 MG,1147.9,2.9,115.2,1260.2,8,10,100
19/12/2025,Cainta,14,MEFENAMIC 500 MG,1434.5,4.8,0.0,1429.7,9,8,120
19/12/2025,Cainta,14,INSULIN,1088.9,4.6,0.0,1084.3,5,5,150
19/12/2025,Cainta,14,1CC/3CC,572.0,1.3,0.0,570.7,4,4,50
19/12/2025,Cainta,14,5CC/10CC,778.2,1.5,0.0,776.7,5,4,50
19/12/2025,Cainta,14,CETIRIZINE,1677.6,2.9,0.0,1674.7,6,6,100
19/12/2025,Cainta,14,G23,715.9,0.7,0.0,715.2,9,9,50
19/12/2025,Cainta,14,G27,487.7,0.7,0.0,487.0,6,7,50
19/12/2025,Cainta,14,GAUZE PAD,107.2,1.4,0.0,105.8,8,8,50
19/12/2025,Cainta,14,COTTON BALLS,2836.9,5.5,163.7,2995.1,7,8,240
19/12/2025,Cainta,14,BETADINE,11.3,0.1,0.0,11.2,5,7,50
19/12/2025,Cainta,14,ALCOHOL,5.3,0.1,0.0,5.2,5,6,50
19/12/2025,Cainta,14,FACEMASK,67.9,2.6,0.0,65.3,7,7,100
19/12/2025,Cainta,14,GLOVES,713.7,3.0,0.0,710.7,7,6,100
19/12/2025,Cainta,14,MICROPRE,166.2,0.7,25.7,191.2,6,5,50
19/12/2025,Cainta,14,STERILE WATER,1.9,0.4,0.0,1.5,5,6,50
19/12/2025,Cainta,14,REF THERMOMETER,12.7,0.1,0.0,12.6,8,10,50
19/12/2025,Cainta,14,ACRYLIC CONTAINERS,14.7,0.3,0.0,14.4,4,3,50
19/12/2025,Cainta,14,COOLER,15.2,0.1,0.0,15.1,9,8,50
19/12/2025,Cainta,14,KIDNEY BASIN,9.3,0.3,0.0,9.0,5,5,50
19/12/2025,Cainta,14,WEIGHING SCALE,4.8,0.1,0.0,4.7,4,4,50
19/12/2025,Cainta,14,FORCEPS,10.4,0.3,0.0,10.1,6,8,50
19/12/2025,Cainta,14,BETADINE CONTAINER,17.0,0.1,0.0,16.9,6,6,50
19/12/2025,Cainta,14,ALCOHOL PUMP CONTAINER,11.0,0.1,0.0,10.9,6,5,50
20/12/2025,Cainta,6,SPEEDA,1129.7,0.9,0.0,1128.8,3,3,70
20/12/2025,Cainta,6,ABHAYRAB,9.1,0.3,0.0,8.8,4,4,50
20/12/2025,Cainta,6,VAXIRAB,10.4,0.3,0.0,10.1,3,3,50
20/12/2025,Cainta,6,CHIRORAB,13.3,0.3,0.0,13.0,3,3,50
20/12/2025,Cainta,6,ERIG,23.6,0.2,0.0,23.4,3,3,50
20/12/2025,Cainta,6,HRIG,12.8,0.1,0.0,12.7,2,2,50
20/12/2025,Cainta,6,"ATS 1,500 ""IU""",2.4,0.1,0.0,2.3,3,3,50
20/12/2025,Cainta,6,"ATS 3000 ""IU""",39.8,0.1,0.0,39.7,2,2,50
20/12/2025,Cainta,6,"ATS 5,000 ""IU""",9.0,0.1,0.0,8.9,3,3,50
20/12/2025,Cainta,6,HTIG,9.3,0.1,0.0,9.2,2,3,50
20/12/2025,Cainta,6,TOXOID BETT,821.4,0.6,125.6,946.4,4,4,50
20/12/2025,Cainta,6,TOXOID ABHAYTOX,31.7,0.1,0.0,31.6,3,4,50
20/12/2025,Cainta,6,PPD,3.4,0.0,0.0,3.4,4,5,50
20/12/2025,Cainta,6,HEPA B,26.0,0.1,0.0,25.9,3,3,50
20/12/2025,Cainta,6,HEPA BIG,29.8,0.1,0.0,29.7,2,2,50
20/12/2025,Cainta,6,FLU,9.3,0.1,0.0,9.2,3,4,50
20/12/2025,Cainta,6,AMOXICILLIN 500MG,653.2,1.7,0.0,651.5,3,3,140
20/12/2025,Cainta,6,CEFALEXIN 500 MG,1260.2,1.2,0.0,1259.0,3,3,100
20/12/2025,Cainta,6,MEFENAMIC 500 MG,1429.7,1.8,0.0,1427.9,3,3,120
20/12/2025,Cainta,6,INSULIN,1084.3,2.4,0.0,1081.9,3,3,150
20/12/2025,Cainta,6,1CC/3CC,570.7,0.7,0.0,570.0,4,5,50
20/12/2025,Cainta,6,5CC/10CC,776.7,0.6,0.0,776.1,3,4,50
20/12/2025,Cainta,6,CETIRIZINE,1674.7,1.3,0.0,1673.4,2,3,100
20/12/2025,Cainta,6,G23,715.2,0.3,0.0,714.9,3,4,50
20/12/2025,Cainta,6,G27,487.0,0.3,0.0,486.7,3,4,50
20/12/2025,Cainta,6,GAUZE PAD,105.8,0.6,15.5,120.7,4,4,50
20/12/2025,Cainta,6,COTTON BALLS,2995.1,2.5,0.0,2992.6,2,3,240
20/12/2025,Cainta,6,BETADINE,11.2,0.0,0.0,11.2,3,4,50
20/12/2025,Cainta,6,ALCOHOL,5.2,0.0,0.0,5.2,3,4,50
20/12/2025,Cainta,6,FACEMASK,65.3,1.1,0.0,64.2,3,4,100
20/12/2025,Cainta,6,GLOVES,710.7,1.3,0.0,709.4,3,3,100
20/12/2025,Cainta,6,MICROPRE,191.2,0.3,0.0,190.9,3,3,50
20/12/2025,Cainta,6,STERILE WATER,1.5,0.2,0.0,1.3,2,3,50
20/12/2025,Cainta,6,REF THERMOMETER,12.6,0.1,0.0,12.5,3,2,50
20/12/2025,Cainta,6,ACRYLIC CONTAINERS,14.4,0.1,0.0,14.3,2,2,50
20/12/2025,Cainta,6,COOLER,15.1,0.0,0.0,15.1,2,2,50
20/12/2025,Cainta,6,KIDNEY BASIN,9.0,0.1,0.0,8.9,3,3,50
20/12/2025,Cainta,6,WEIGHING SCALE,4.7,0.0,0.0,4.7,3,3,50
20/12/2025,Cainta,6,FORCEPS,10.1,0.1,0.0,10.0,4,4,50
20/12/2025,Cainta,6,BETADINE CONTAINER,16.9,0.1,0.0,16.8,2,2,50
20/12/2025,Cainta,6,ALCOHOL PUMP CONTAINER,10.9,0.1,0.0,10.8,2,2,50
21/12/2025,Cainta,43,SPEEDA,1128.8,6.8,0.0,1122.0,27,27,70
21/12/2025,Cainta,43,ABHAYRAB,8.8,2.1,23.2,29.9,13,11,50
21/12/2025,Cainta,43,VAXIRAB,10.1,2.3,0.0,7.8,14,17,50
21/12/2025,Cainta,43,CHIRORAB,13.0,2.2,0.0,10.8,16,15,50
21/12/2025,Cainta,43,ERIG,23.4,1.7,0.0,21.7,20,20,50
21/12/2025,Cainta,43,HRIG,12.7,0.9,0.0,11.8,26,26,50
21/12/2025,Cainta,43,"ATS 1,500 ""IU""",2.3,0.9,0.0,1.4,24,27,50
21/12/2025,Cainta,43,"ATS 3000 ""IU""",39.7,0.9,0.0,38.8,23,30,50
21/12/2025,Cainta,43,"ATS 5,000 ""IU""",8.9,0.9,0.0,8.0,14,12,50
21/12/2025,Cainta,43,HTIG,9.2,0.4,0.0,8.8,17,17,50
21/12/2025,Cainta,43,TOXOID BETT,946.4,4.6,0.0,941.8,19,23,50
21/12/2025,Cainta,43,TOXOID ABHAYTOX,31.6,0.9,0.0,30.7,13,11,50
21/12/2025,Cainta,43,PPD,3.4,0.2,0.0,3.2,15,19,50
21/12/2025,Cainta,43,HEPA B,25.9,0.9,0.0,25.0,16,22,50
21/12/2025,Cainta,43,HEPA BIG,29.7,0.8,0.0,28.9,13,15,50
21/12/2025,Cainta,43,FLU,9.2,0.4,0.0,8.8,20,27,50
21/12/2025,Cainta,43,AMOXICILLIN 500MG,651.5,12.6,0.0,638.9,23,24,140
21/12/2025,Cainta,43,CEFALEXIN 500 MG,1259.0,8.2,0.0,1250.8,12,13,100
21/12/2025,Cainta,43,MEFENAMIC 500 MG,1427.9,8.9,0.0,1419.0,19,16,120
21/12/2025,Cainta,43,INSULIN,1081.9,13.9,0.0,1068.0,24,20,150
21/12/2025,Cainta,43,1CC/3CC,570.0,4.2,0.0,565.8,24,23,50
21/12/2025,Cainta,43,5CC/10CC,776.1,4.1,0.0,772.0,25,27,50
21/12/2025,Cainta,43,CETIRIZINE,1673.4,6.5,0.0,1666.9,18,20,100
21/12/2025,Cainta,43,G23,714.9,2.1,0.0,712.8,25,23,50
21/12/2025,Cainta,43,G27,486.7,2.3,0.0,484.4,15,18,50
21/12/2025,Cainta,43,GAUZE PAD,120.7,4.7,0.0,116.0,17,15,50
21/12/2025,Cainta,43,COTTON BALLS,2992.6,19.6,0.0,2973.0,14,14,240
21/12/2025,Cainta,43,BETADINE,11.2,0.2,0.0,11.0,19,17,50
21/12/2025,Cainta,43,ALCOHOL,5.2,0.2,0.0,5.0,17,21,50
21/12/2025,Cainta,43,FACEMASK,64.2,7.8,0.0,56.4,15,17,100
21/12/2025,Cainta,43,GLOVES,709.4,8.9,0.0,700.5,24,30,100
21/12/2025,Cainta,43,MICROPRE,190.9,2.2,0.0,188.7,16,13,50
21/12/2025,Cainta,43,STERILE WATER,1.3,1.3,0.0,0.0,15,16,50
21/12/2025,Cainta,43,REF THERMOMETER,12.5,0.4,0.0,12.1,13,18,50
21/12/2025,Cainta,43,ACRYLIC CONTAINERS,14.3,0.9,0.0,13.4,18,15,50
21/12/2025,Cainta,43,COOLER,15.1,0.2,0.0,14.9,16,17,50
21/12/2025,Cainta,43,KIDNEY BASIN,8.9,0.9,0.0,8.0,17,14,50
21/12/2025,Cainta,43,WEIGHING SCALE,4.7,0.2,0.0,4.5,15,13,50
21/12/2025,Cainta,43,FORCEPS,10.0,0.9,0.0,9.1,24,26,50
21/12/2025,Cainta,43,BETADINE CONTAINER,16.8,0.4,0.0,16.4,27,24,50
21/12/2025,Cainta,43,ALCOHOL PUMP CONTAINER,10.8,0.4,0.0,10.4,19,21,50
22/12/2025,Cainta,63,SPEEDA,1122.0,10.6,0.0,1111.4,32,43,70
22/12/2025,Cainta,63,ABHAYRAB,29.9,3.1,0.0,26.8,38,35,50
22/12/2025,Cainta,63,VAXIRAB,7.8,3.1,0.0,4.7,41,35,50
22/12/2025,Cainta,63,CHIRORAB,10.8,3.1,0.0,7.7,31,40,50
22/12/2025,Cainta,63,ERIG,21.7,2.4,0.0,19.3,38,41,50
22/12/2025,Cainta,63,HRIG,11.8,1.3,0.0,10.5,39,52,50
22/12/2025,Cainta,63,"ATS 1,500 ""IU""",1.4,1.3,0.0,0.1,36,35,50
22/12/2025,Cainta,63,"ATS 3000 ""IU""",38.8,1.3,0.0,37.5,27,32,50
22/12/2025,Cainta,63,"ATS 5,000 ""IU""",8.0,1.3,0.0,6.7,18,24,50
22/12/2025,Cainta,63,HTIG,8.8,0.6,0.0,8.2,16,14,50
22/12/2025,Cainta,63,TOXOID BETT,941.8,5.8,0.0,936.0,28,36,50
22/12/2025,Cainta,63,TOXOID ABHAYTOX,30.7,1.3,0.0,29.4,28,33,50
22/12/2025,Cainta,63,PPD,3.2,0.3,0.0,2.9,26,33,50
22/12/2025,Cainta,63,HEPA B,25.0,1.2,0.0,23.8,30,27,50
22/12/2025,Cainta,63,HEPA BIG,28.9,1.3,0.0,27.6,30,32,50
22/12/2025,Cainta,63,FLU,8.8,0.6,0.0,8.2,37,32,50
22/12/2025,Cainta,63,AMOXICILLIN 500MG,638.9,20.3,0.0,618.6,18,25,140
22/12/2025,Cainta,63,CEFALEXIN 500 MG,1250.8,12.6,0.0,1238.2,21,18,100
22/12/2025,Cainta,63,MEFENAMIC 500 MG,1419.0,13.0,0.0,1406.0,36,30,120
22/12/2025,Cainta,63,INSULIN,1068.0,22.5,0.0,1045.5,37,50,150
22/12/2025,Cainta,63,1CC/3CC,565.8,6.1,0.0,559.7,41,40,50
22/12/2025,Cainta,63,5CC/10CC,772.0,6.0,0.0,766.0,38,44,50
22/12/2025,Cainta,63,CETIRIZINE,1666.9,12.9,235.3,1889.3,38,37,100
22/12/2025,Cainta,63,G23,712.8,3.3,0.0,709.5,24,29,50
22/12/2025,Cainta,63,G27,484.4,3.1,0.0,481.3,26,24,50
22/12/2025,Cainta,63,GAUZE PAD,116.0,6.3,0.0,109.7,23,25,50
22/12/2025,Cainta,63,COTTON BALLS,2973.0,34.3,0.0,2938.7,31,35,240
22/12/2025,Cainta,63,BETADINE,11.0,0.3,0.0,10.7,39,39,50
22/12/2025,Cainta,63,ALCOHOL,5.0,0.3,0.0,4.7,24,23,50
22/12/2025,Cainta,63,FACEMASK,56.4,12.1,0.0,44.3,30,27,100
22/12/2025,Cainta,63,GLOVES,700.5,11.6,0.0,688.9,23,28,100
22/12/2025,Cainta,63,MICROPRE,188.7,3.2,0.0,185.5,20,18,50
22/12/2025,Cainta,63,STERILE WATER,0.0,1.8,14.8,13.0,21,20,50
22/12/2025,Cainta,63,REF THERMOMETER,12.1,0.6,0.0,11.5,17,17,50
22/12/2025,Cainta,63,ACRYLIC CONTAINERS,13.4,1.3,0.0,12.1,40,43,50
22/12/2025,Cainta,63,COOLER,14.9,0.3,0.0,14.6,26,32,50
22/12/2025,Cainta,63,KIDNEY BASIN,8.0,1.2,0.0,6.8,37,39,50
22/12/2025,Cainta,63,WEIGHING SCALE,4.5,0.3,0.0,4.2,33,44,50
22/12/2025,Cainta,63,FORCEPS,9.1,1.3,0.0,7.8,21,25,50
22/12/2025,Cainta,63,BETADINE CONTAINER,16.4,0.6,0.0,15.8,20,26,50
22/12/2025,Cainta,63,ALCOHOL PUMP CONTAINER,10.4,0.6,0.0,9.8,36,44,50
23/12/2025,Cainta,35,SPEEDA,1111.4,5.0,0.0,1106.4,12,11,70
23/12/2025,Cainta,35,ABHAYRAB,26.8,1.7,0.0,25.1,22,31,50
23/12/2025,Cainta,35,VAXIRAB,4.7,1.8,0.0,2.9,11,14,50
23/12/2025,Cainta,35,CHIRORAB,7.7,1.7,0.0,6.0,18,21,50
23/12/2025,Cainta,35,ERIG,19.3,1.4,18.3,36.2,20,18,50
23/12/2025,Cainta,35,HRIG,10.5,0.7,0.0,9.8,12,11,50
23/12/2025,Cainta,35,"ATS 1,500 ""IU""",0.1,0.7,9.6,9.0,13,15,50
23/12/2025,Cainta,35,"ATS 3000 ""IU""",37.5,0.7,21.0,57.8,22,23,50
23/12/2025,Cainta,35,"ATS 5,000 ""IU""",6.7,0.7,0.0,6.0,12,14,50
23/12/2025,Cainta,35,HTIG,8.2,0.4,0.0,7.8,15,15,50
23/12/2025,Cainta,35,TOXOID BETT,936.0,3.5,0.0,932.5,15,17,50
23/12/2025,Cainta,35,TOXOID ABHAYTOX,29.4,0.7,0.0,28.7,12,11,50
23/12/2025,Cainta,35,PPD,2.9,0.2,0.0,2.7,20,18,50
23/12/2025,Cainta,35,HEPA B,23.8,0.7,0.0,23.1,20,17,50
23/12/2025,Cainta,35,HEPA BIG,27.6,0.7,0.0,26.9,14,18,50
23/12/2025,Cainta,35,FLU,8.2,0.3,0.0,7.9,20,23,50
23/12/2025,Cainta,35,AMOXICILLIN 500MG,618.6,17.0,0.0,601.6,12,16,140
23/12/2025,Cainta,35,CEFALEXIN 500 MG,1238.2,7.2,0.0,1231.0,9,11,100
23/12/2025,Cainta,35,MEFENAMIC 500 MG,1406.0,8.0,272.2,1670.2,17,21,120
23/12/2025,Cainta,35,INSULIN,1045.5,9.8,0.0,1035.7,23,25,150
23/12/2025,Cainta,35,1CC/3CC,559.7,3.7,0.0,556.0,9,12,50
23/12/2025,Cainta,35,5CC/10CC,766.0,3.5,0.0,762.5,12,16,50
23/12/2025,Cainta,35,CETIRIZINE,1889.3,6.1,0.0,1883.2,16,20,100
23/12/2025,Cainta,35,G23,709.5,1.8,0.0,707.7,20,17,50
23/12/2025,Cainta,35,G27,481.3,1.7,0.0,479.6,10,12,50
23/12/2025,Cainta,35,GAUZE PAD,109.7,3.8,46.8,152.7,14,12,50
23/12/2025,Cainta,35,COTTON BALLS,2938.7,21.7,0.0,2917.0,19,16,240
23/12/2025,Cainta,35,BETADINE,10.7,0.2,0.0,10.5,14,17,50
23/12/2025,Cainta,35,ALCOHOL,4.7,0.2,0.0,4.5,11,14,50
23/12/2025,Cainta,35,FACEMASK,44.3,7.0,0.0,37.3,11,10,100
23/12/2025,Cainta,35,GLOVES,688.9,7.6,0.0,681.3,14,12,100
23/12/2025,Cainta,35,MICROPRE,185.5,1.8,0.0,183.7,15,20,50
23/12/2025,Cainta,35,STERILE WATER,13.0,1.0,0.0,12.0,21,18,50
23/12/2025,Cainta,35,REF THERMOMETER,11.5,0.3,7.8,19.0,18,15,50
23/12/2025,Cainta,35,ACRYLIC CONTAINERS,12.1,0.7,0.0,11.4,18,22,50
23/12/2025,Cainta,35,COOLER,14.6,0.2,0.0,14.4,23,30,50
23/12/2025,Cainta,35,KIDNEY BASIN,6.8,0.7,0.0,6.1,15,17,50
23/12/2025,Cainta,35,WEIGHING SCALE,4.2,0.2,0.0,4.0,14,16,50
23/12/2025,Cainta,35,FORCEPS,7.8,0.7,0.0,7.1,22,22,50
23/12/2025,Cainta,35,BETADINE CONTAINER,15.8,0.4,0.0,15.4,12,11,50
23/12/2025,Cainta,35,ALCOHOL PUMP CONTAINER,9.8,0.3,0.0,9.5,19,24,50
24/12/2025,Cainta,69,SPEEDA,1106.4,10.4,0.0,1096.0,38,50,70
24/12/2025,Cainta,69,ABHAYRAB,25.1,3.6,0.0,21.5,20,20,50
24/12/2025,Cainta,69,VAXIRAB,2.9,3.4,10.5,10.0,30,29,50
24/12/2025,Cainta,69,CHIRORAB,6.0,3.5,0.0,2.5,23,22,50
24/12/2025,Cainta,69,ERIG,36.2,2.7,0.0,33.5,22,18,50
24/12/2025,Cainta,69,HRIG,9.8,1.4,0.0,8.4,30,29,50
24/12/2025,Cainta,69,"ATS 1,500 ""IU""",9.0,1.4,16.7,24.3,25,20,50
24/12/2025,Cainta,69,"ATS 3000 ""IU""",57.8,1.4,0.0,56.4,39,50,50
24/12/2025,Cainta,69,"ATS 5,000 ""IU""",6.0,1.4,0.0,4.6,42,40,50
24/12/2025,Cainta,69,HTIG,7.8,0.7,0.0,7.1,39,47,50
24/12/2025,Cainta,69,TOXOID BETT,932.5,7.1,0.0,925.4,25,28,50
24/12/2025,Cainta,69,TOXOID ABHAYTOX,28.7,1.4,0.0,27.3,25,33,50
24/12/2025,Cainta,69,PPD,2.7,0.3,0.0,2.4,24,33,50
24/12/2025,Cainta,69,HEPA B,23.1,1.4,0.0,21.7,21,21,50
24/12/2025,Cainta,69,HEPA BIG,26.9,1.4,0.0,25.5,43,37,50
24/12/2025,Cainta,69,FLU,7.9,0.7,0.0,7.2,28,35,50
24/12/2025,Cainta,69,AMOXICILLIN 500MG,601.6,21.2,492.7,1073.1,23,19,140
24/12/2025,Cainta,69,CEFALEXIN 500 MG,1231.0,15.7,0.0,1215.3,41,38,100
24/12/2025,Cainta,69,MEFENAMIC 500 MG,1670.2,15.3,0.0,1654.9,28,23,120
24/12/2025,Cainta,69,INSULIN,1035.7,24.6,107.5,1118.6,18,24,150
24/12/2025,Cainta,69,1CC/3CC,556.0,7.4,0.0,548.6,22,18,50
24/12/2025,Cainta,69,5CC/10CC,762.5,6.9,0.0,755.6,35,38,50
24/12/2025,Cainta,69,CETIRIZINE,1883.2,11.2,0.0,1872.0,39,41,100
24/12/2025,Cainta,69,G23,707.7,3.4,0.0,704.3,23,27,50
24/12/2025,Cainta,69,G27,479.6,3.6,0.0,476.0,43,42,50
24/12/2025,Cainta,69,GAUZE PAD,152.7,6.9,0.0,145.8,41,54,50
24/12/2025,Cainta,69,COTTON BALLS,2917.0,28.3,0.0,2888.7,41,51,240
24/12/2025,Cainta,69,BETADINE,10.5,0.3,0.0,10.2,24,25,50
24/12/2025,Cainta,69,ALCOHOL,4.5,0.3,0.0,4.2,19,19,50
24/12/2025,Cainta,69,FACEMASK,37.3,14.6,0.0,22.7,41,53,100
24/12/2025,Cainta,69,GLOVES,681.3,13.5,0.0,667.8,26,33,100
24/12/2025,Cainta,69,MICROPRE,183.7,3.4,0.0,180.3,34,35,50
24/12/2025,Cainta,69,STERILE WATER,12.0,2.1,0.0,9.9,38,38,50
24/12/2025,Cainta,69,REF THERMOMETER,19.0,0.7,0.0,18.3,21,17,50
24/12/2025,Cainta,69,ACRYLIC CONTAINERS,11.4,1.4,0.0,10.0,39,33,50
24/12/2025,Cainta,69,COOLER,14.4,0.3,0.0,14.1,43,36,50
24/12/2025,Cainta,69,KIDNEY BASIN,6.1,1.4,0.0,4.7,37,30,50
24/12/2025,Cainta,69,WEIGHING SCALE,4.0,0.3,0.0,3.7,29,26,50
24/12/2025,Cainta,69,FORCEPS,7.1,1.4,0.0,5.7,41,54,50
24/12/2025,Cainta,69,BETADINE CONTAINER,15.4,0.7,0.0,14.7,32,41,50
24/12/2025,Cainta,69,ALCOHOL PUMP CONTAINER,9.5,0.7,0.0,8.8,38,50,50
25/12/2025,Cainta,66,SPEEDA,1096.0,9.9,0.0,1086.1,38,45,70
25/12/2025,Cainta,66,ABHAYRAB,21.5,3.2,0.0,18.3,36,42,50
25/12/2025,Cainta,66,VAXIRAB,10.0,3.3,0.0,6.7,24,21,50
25/12/2025,Cainta,66,CHIRORAB,2.5,3.2,20.7,20.0,20,24,50
25/12/2025,Cainta,66,ERIG,33.5,2.7,0.0,30.8,23,22,50
25/12/2025,Cainta,66,HRIG,8.4,1.3,0.0,7.1,30,33,50
25/12/2025,Cainta,66,"ATS 1,500 ""IU""",24.3,1.3,0.0,23.0,30,41,50
25/12/2025,Cainta,66,"ATS 3000 ""IU""",56.4,1.3,0.0,55.1,32,42,50
25/12/2025,Cainta,66,"ATS 5,000 ""IU""",4.6,1.3,0.0,3.3,27,25,50
25/12/2025,Cainta,66,HTIG,7.1,0.7,0.0,6.4,37,46,50
25/12/2025,Cainta,66,TOXOID BETT,925.4,6.4,0.0,919.0,41,35,50
25/12/2025,Cainta,66,TOXOID ABHAYTOX,27.3,1.3,0.0,26.0,23,19,50
25/12/2025,Cainta,66,PPD,2.4,0.3,0.0,2.1,36,29,50
25/12/2025,Cainta,66,HEPA B,21.7,1.3,0.0,20.4,34,31,50
25/12/2025,Cainta,66,HEPA BIG,25.5,1.3,0.0,24.2,30,37,50
25/12/2025,Cainta,66,FLU,7.2,0.7,0.0,6.5,21,21,50
25/12/2025,Cainta,66,AMOXICILLIN 500MG,1073.1,17.9,0.0,1055.2,37,30,140
25/12/2025,Cainta,66,CEFALEXIN 500 MG,1215.3,13.9,0.0,1201.4,42,58,100
25/12/2025,Cainta,66,MEFENAMIC 500 MG,1654.9,16.9,0.0,1638.0,36,40,120
25/12/2025,Cainta,66,INSULIN,1118.6,20.9,0.0,1097.7,41,42,150
25/12/2025,Cainta,66,1CC/3CC,548.6,6.8,0.0,541.8,42,47,50
25/12/2025,Cainta,66,5CC/10CC,755.6,6.8,0.0,748.8,26,29,50
25/12/2025,Cainta,66,CETIRIZINE,1872.0,14.7,0.0,1857.3,33,36,100
25/12/2025,Cainta,66,G23,704.3,3.3,0.0,701.0,29,34,50
25/12/2025,Cainta,66,G27,476.0,3.3,0.0,472.7,43,57,50
25/12/2025,Cainta,66,GAUZE PAD,145.8,6.8,0.0,139.0,19,19,50
25/12/2025,Cainta,66,COTTON BALLS,2888.7,48.3,0.0,2840.4,27,29,240
25/12/2025,Cainta,66,BETADINE,10.2,0.3,0.0,9.9,40,32,50
25/12/2025,Cainta,66,ALCOHOL,4.2,0.3,0.0,3.9,24,32,50
25/12/2025,Cainta,66,FACEMASK,22.7,14.7,112.3,120.3,37,36,100
25/12/2025,Cainta,66,GLOVES,667.8,13.0,0.0,654.8,27,26,100
25/12/2025,Cainta,66,MICROPRE,180.3,3.1,0.0,177.2,42,59,50
25/12/2025,Cainta,66,STERILE WATER,9.9,2.0,0.0,7.9,40,46,50
25/12/2025,Cainta,66,REF THERMOMETER,18.3,0.7,0.0,17.6,24,21,50
25/12/2025,Cainta,66,ACRYLIC CONTAINERS,10.0,1.3,15.1,23.8,37,35,50
25/12/2025,Cainta,66,COOLER,14.1,0.3,1.9,15.7,25,25,50
25/12/2025,Cainta,66,KIDNEY BASIN,4.7,1.3,0.0,3.4,33,46,50
25/12/2025,Cainta,66,WEIGHING SCALE,3.7,0.3,0.0,3.4,34,36,50
25/12/2025,Cainta,66,FORCEPS,5.7,1.3,0.0,4.4,38,36,50
25/12/2025,Cainta,66,BETADINE CONTAINER,14.7,0.7,0.0,14.0,17,19,50
25/12/2025,Cainta,66,ALCOHOL PUMP CONTAINER,8.8,0.7,0.0,8.1,22,23,50
26/12/2025,Cainta,13,SPEEDA,1086.1,2.1,0.0,1084.0,7,6,70
26/12/2025,Cainta,13,ABHAYRAB,18.3,0.7,0.0,17.6,6,8,50
26/12/2025,Cainta,13,VAXIRAB,6.7,0.6,0.0,6.1,6,5,50
26/12/2025,Cainta,13,CHIRORAB,20.0,0.7,0.0,19.3,4,5,50
26/12/2025,Cainta,13,ERIG,30.8,0.5,0.0,30.3,5,6,50
26/12/2025,Cainta,13,HRIG,7.1,0.3,0.0,6.8,8,7,50
26/12/2025,Cainta,13,"ATS 1,500 ""IU""",23.0,0.3,0.0,22.7,3,4,50
26/12/2025,Cainta,13,"ATS 3000 ""IU""",55.1,0.3,0.0,54.8,5,6,50
26/12/2025,Cainta,13,"ATS 5,000 ""IU""",3.3,0.3,0.0,3.0,8,9,50
26/12/2025,Cainta,13,HTIG,6.4,0.1,0.0,6.3,4,5,50
26/12/2025,Cainta,13,TOXOID BETT,919.0,1.3,0.0,917.7,7,6,50
26/12/2025,Cainta,13,TOXOID ABHAYTOX,26.0,0.3,0.0,25.7,5,4,50
26/12/2025,Cainta,13,PPD,2.1,0.1,0.0,2.0,8,10,50
26/12/2025,Cainta,13,HEPA B,20.4,0.3,0.0,20.1,7,6,50
26/12/2025,Cainta,13,HEPA BIG,24.2,0.3,0.0,23.9,8,8,50
26/12/2025,Cainta,13,FLU,6.5,0.1,0.0,6.4,4,4,50
26/12/2025,Cainta,13,AMOXICILLIN 500MG,1055.2,4.5,444.1,1494.8,6,5,140
26/12/2025,Cainta,13,CEFALEXIN 500 MG,1201.4,3.1,397.9,1596.2,7,9,100
26/12/2025,Cainta,13,MEFENAMIC 500 MG,1638.0,3.2,0.0,1634.8,5,6,120
26/12/2025,Cainta,13,INSULIN,1097.7,3.8,196.8,1290.7,4,5,150
26/12/2025,Cainta,13,1CC/3CC,541.8,1.3,0.0,540.5,3,2,50
26/12/2025,Cainta,13,5CC/10CC,748.8,1.4,0.0,747.4,8,8,50
26/12/2025,Cainta,13,CETIRIZINE,1857.3,2.4,0.0,1854.9,7,9,100
26/12/2025,Cainta,13,G23,701.0,0.7,0.0,700.3,7,7,50
26/12/2025,Cainta,13,G27,472.7,0.7,0.0,472.0,7,9,50
26/12/2025,Cainta,13,GAUZE PAD,139.0,1.3,0.0,137.7,6,7,50
26/12/2025,Cainta,13,COTTON BALLS,2840.4,6.8,0.0,2833.6,6,6,240
26/12/2025,Cainta,13,BETADINE,9.9,0.1,0.0,9.8,6,6,50
26/12/2025,Cainta,13,ALCOHOL,3.9,0.1,0.0,3.8,7,8,50
26/12/2025,Cainta,13,FACEMASK,120.3,2.8,0.0,117.5,4,4,100
26/12/2025,Cainta,13,GLOVES,654.8,2.4,0.0,652.4,8,11,100
26/12/2025,Cainta,13,MICROPRE,177.2,0.6,0.0,176.6,7,8,50
26/12/2025,Cainta,13,STERILE WATER,7.9,0.4,0.0,7.5,5,4,50
26/12/2025,Cainta,13,REF THERMOMETER,17.6,0.1,0.0,17.5,6,7,50
26/12/2025,Cainta,13,ACRYLIC CONTAINERS,23.8,0.3,0.0,23.5,4,4,50
26/12/2025,Cainta,13,COOLER,15.7,0.1,0.0,15.6,8,7,50
26/12/2025,Cainta,13,KIDNEY BASIN,3.4,0.3,0.0,3.1,8,11,50
26/12/2025,Cainta,13,WEIGHING SCALE,3.4,0.1,0.0,3.3,8,10,50
26/12/2025,Cainta,13,FORCEPS,4.4,0.3,0.0,4.1,5,6,50
26/12/2025,Cainta,13,BETADINE CONTAINER,14.0,0.1,0.0,13.9,4,5,50
26/12/2025,Cainta,13,ALCOHOL PUMP CONTAINER,8.1,0.1,0.0,8.0,4,5,50
27/12/2025,Cainta,62,SPEEDA,1084.0,8.2,0.0,1075.8,18,19,70
27/12/2025,Cainta,62,ABHAYRAB,17.6,3.1,0.0,14.5,18,16,50
27/12/2025,Cainta,62,VAXIRAB,6.1,3.0,39.6,42.7,17,15,50
27/12/2025,Cainta,62,CHIRORAB,19.3,3.3,0.0,16.0,40,42,50
27/12/2025,Cainta,62,ERIG,30.3,2.5,0.0,27.8,17,18,50
27/12/2025,Cainta,62,HRIG,6.8,1.2,0.0,5.6,19,24,50
27/12/2025,Cainta,62,"ATS 1,500 ""IU""",22.7,1.2,0.0,21.5,36,38,50
27/12/2025,Cainta,62,"ATS 3000 ""IU""",54.8,1.2,0.0,53.6,30,35,50
27/12/2025,Cainta,62,"ATS 5,000 ""IU""",3.0,1.3,0.0,1.7,35,45,50
27/12/2025,Cainta,62,HTIG,6.3,0.6,0.0,5.7,31,43,50
27/12/2025,Cainta,62,TOXOID BETT,917.7,6.3,0.0,911.4,37,37,50
27/12/2025,Cainta,62,TOXOID ABHAYTOX,25.7,1.2,0.0,24.5,31,42,50
27/12/2025,Cainta,62,PPD,2.0,0.3,0.0,1.7,28,36,50
27/12/2025,Cainta,62,HEPA B,20.1,1.2,0.0,18.9,33,28,50
27/12/2025,Cainta,62,HEPA BIG,23.9,1.2,0.0,22.7,27,27,50
27/12/2025,Cainta,62,FLU,6.4,0.6,0.0,5.8,24,22,50
27/12/2025,Cainta,62,AMOXICILLIN 500MG,1494.8,16.8,0.0,1478.0,27,32,140
27/12/2025,Cainta,62,CEFALEXIN 500 MG,1596.2,10.8,298.1,1883.5,20,23,100
27/12/2025,Cainta,62,MEFENAMIC 500 MG,1634.8,15.3,0.0,1619.5,35,38,120
27/12/2025,Cainta,62,INSULIN,1290.7,14.8,0.0,1275.9,22,28,150
27/12/2025,Cainta,62,1CC/3CC,540.5,6.4,192.3,726.4,19,19,50
27/12/2025,Cainta,62,5CC/10CC,747.4,6.2,0.0,741.2,22,23,50
27/12/2025,Cainta,62,CETIRIZINE,1854.9,10.7,0.0,1844.2,36,47,100
27/12/2025,Cainta,62,G23,700.3,3.1,0.0,697.2,24,33,50
27/12/2025,Cainta,62,G27,472.0,3.0,0.0,469.0,33,42,50
27/12/2025,Cainta,62,GAUZE PAD,137.7,6.3,0.0,131.4,37,34,50
27/12/2025,Cainta,62,COTTON BALLS,2833.6,40.5,0.0,2793.1,17,15,240
27/12/2025,Cainta,62,BETADINE,9.8,0.3,0.0,9.5,34,31,50
27/12/2025,Cainta,62,ALCOHOL,3.8,0.3,0.0,3.5,23,24,50
27/12/2025,Cainta,62,FACEMASK,117.5,12.2,0.0,105.3,21,20,100
27/12/2025,Cainta,62,GLOVES,652.4,13.3,0.0,639.1,33,44,100
27/12/2025,Cainta,62,MICROPRE,176.6,3.1,0.0,173.5,38,46,50
27/12/2025,Cainta,62,STERILE WATER,7.5,1.8,0.0,5.7,23,24,50
27/12/2025,Cainta,62,REF THERMOMETER,17.5,0.6,0.0,16.9,30,29,50
27/12/2025,Cainta,62,ACRYLIC CONTAINERS,23.5,1.2,0.0,22.3,23,24,50
27/12/2025,Cainta,62,COOLER,15.6,0.3,0.0,15.3,29,31,50
27/12/2025,Cainta,62,KIDNEY BASIN,3.1,1.2,0.0,1.9,31,38,50
27/12/2025,Cainta,62,WEIGHING SCALE,3.3,0.3,0.0,3.0,31,26,50
27/12/2025,Cainta,62,FORCEPS,4.1,1.2,0.0,2.9,31,41,50
27/12/2025,Cainta,62,BETADINE CONTAINER,13.9,0.6,0.0,13.3,19,17,50
27/12/2025,Cainta,62,ALCOHOL PUMP CONTAINER,8.0,0.6,0.0,7.4,33,32,50
28/12/2025,Cainta,76,SPEEDA,1075.8,9.9,0.0,1065.9,40,56,70
28/12/2025,Cainta,76,ABHAYRAB,14.5,3.6,0.0,10.9,40,37,50
28/12/2025,Cainta,76,VAXIRAB,42.7,3.8,0.0,38.9,21,18,50
28/12/2025,Cainta,76,CHIRORAB,16.0,3.9,0.0,12.1,33,39,50
28/12/2025,Cainta,76,ERIG,27.8,2.9,0.0,24.9,31,32,50
28/12/2025,Cainta,76,HRIG,5.6,1.5,0.0,4.1,22,19,50
28/12/2025,Cainta,76,"ATS 1,500 ""IU""",21.5,1.5,0.0,20.0,26,21,50
28/12/2025,Cainta,76,"ATS 3000 ""IU""",53.6,1.5,0.0,52.1,32,27,50
28/12/2025,Cainta,76,"ATS 5,000 ""IU""",1.7,1.5,0.0,0.2,42,47,50
28/12/2025,Cainta,76,HTIG,5.7,0.8,0.0,4.9,26,24,50
28/12/2025,Cainta,76,TOXOID BETT,911.4,7.5,0.0,903.9,44,56,50
28/12/2025,Cainta,76,TOXOID ABHAYTOX,24.5,1.5,25.1,48.1,36,47,50
28/12/2025,Cainta,76,PPD,1.7,0.4,0.0,1.3,42,37,50
28/12/2025,Cainta,76,HEPA B,18.9,1.5,11.5,28.9,33,33,50
28/12/2025,Cainta,76,HEPA BIG,22.7,1.5,0.0,21.2,34,30,50
28/12/2025,Cainta,76,FLU,5.8,0.8,0.0,5.0,38,37,50
28/12/2025,Cainta,76,AMOXICILLIN 500MG,1478.0,22.4,0.0,1455.6,47,44,140
28/12/2025,Cainta,76,CEFALEXIN 500 MG,1883.5,15.3,0.0,1868.2,34,43,100
28/12/2025,Cainta,76,MEFENAMIC 500 MG,1619.5,18.5,0.0,1601.0,35,35,120
28/12/2025,Cainta,76,INSULIN,1275.9,20.7,0.0,1255.2,37,41,150
28/12/2025,Cainta,76,1CC/3CC,726.4,7.7,0.0,718.7,41,49,50
28/12/2025,Cainta,76,5CC/10CC,741.2,7.8,0.0,733.4,21,27,50
28/12/2025,Cainta,76,CETIRIZINE,1844.2,13.6,0.0,1830.6,35,34,100
28/12/2025,Cainta,76,G23,697.2,4.0,0.0,693.2,34,31,50
28/12/2025,Cainta,76,G27,469.0,3.8,0.0,465.2,47,65,50
28/12/2025,Cainta,76,GAUZE PAD,131.4,7.6,0.0,123.8,34,34,50
28/12/2025,Cainta,76,COTTON BALLS,2793.1,43.8,0.0,2749.3,33,40,240
28/12/2025,Cainta,76,BETADINE,9.5,0.4,0.0,9.1,48,58,50
28/12/2025,Cainta,76,ALCOHOL,3.5,0.4,0.0,3.1,33,37,50
28/12/2025,Cainta,76,FACEMASK,105.3,15.6,0.0,89.7,24,22,100
28/12/2025,Cainta,76,GLOVES,639.1,14.3,0.0,624.8,26,23,100
28/12/2025,Cainta,76,MICROPRE,173.5,3.8,0.0,169.7,22,24,50
28/12/2025,Cainta,76,STERILE WATER,5.7,2.2,0.0,3.5,19,21,50
28/12/2025,Cainta,76,REF THERMOMETER,16.9,0.8,0.0,16.1,32,40,50
28/12/2025,Cainta,76,ACRYLIC CONTAINERS,22.3,1.5,0.0,20.8,42,51,50
28/12/2025,Cainta,76,COOLER,15.3,0.4,0.0,14.9,41,55,50
28/12/2025,Cainta,76,KIDNEY BASIN,1.9,1.5,0.0,0.4,20,28,50
28/12/2025,Cainta,76,WEIGHING SCALE,3.0,0.4,0.0,2.6,36,45,50
28/12/2025,Cainta,76,FORCEPS,2.9,1.5,0.0,1.4,24,20,50
28/12/2025,Cainta,76,BETADINE CONTAINER,13.3,0.8,0.0,12.5,48,50,50
28/12/2025,Cainta,76,ALCOHOL PUMP CONTAINER,7.4,0.8,0.0,6.6,24,28,50
29/12/2025,Cainta,97,SPEEDA,1065.9,13.4,0.0,1052.5,49,57,70
29/12/2025,Cainta,97,ABHAYRAB,10.9,5.0,0.0,5.9,37,34,50
29/12/2025,Cainta,97,VAXIRAB,38.9,4.7,0.0,34.2,49,56,50
29/12/2025,Cainta,97,CHIRORAB,12.1,5.0,0.0,7.1,40,40,50
29/12/2025,Cainta,97,ERIG,24.9,3.9,0.0,21.0,54,54,50
29/12/2025,Cainta,97,HRIG,4.1,1.9,0.0,2.2,33,43,50
29/12/2025,Cainta,97,"ATS 1,500 ""IU""",20.0,2.0,0.0,18.0,59,62,50
29/12/2025,Cainta,97,"ATS 3000 ""IU""",52.1,1.9,0.0,50.2,44,49,50
29/12/2025,Cainta,97,"ATS 5,000 ""IU""",0.2,2.0,19.8,18.0,54,61,50
29/12/2025,Cainta,97,HTIG,4.9,1.0,0.0,3.9,57,65,50
29/12/2025,Cainta,97,TOXOID BETT,903.9,9.4,84.5,979.0,63,58,50
29/12/2025,Cainta,97,TOXOID ABHAYTOX,48.1,2.0,0.0,46.1,33,38,50
29/12/2025,Cainta,97,PPD,1.3,0.5,0.0,0.8,35,35,50
29/12/2025,Cainta,97,HEPA B,28.9,1.9,0.0,27.0,34,41,50
29/12/2025,Cainta,97,HEPA BIG,21.2,1.9,0.0,19.3,34,30,50
29/12/2025,Cainta,97,FLU,5.0,1.0,0.0,4.0,47,66,50
29/12/2025,Cainta,97,AMOXICILLIN 500MG,1455.6,32.9,0.0,1422.7,63,80,140
29/12/2025,Cainta,97,CEFALEXIN 500 MG,1868.2,21.0,0.0,1847.2,63,66,100
29/12/2025,Cainta,97,MEFENAMIC 500 MG,1601.0,19.7,0.0,1581.3,45,44,120
29/12/2025,Cainta,97,INSULIN,1255.2,35.4,0.0,1219.8,49,51,150
29/12/2025,Cainta,97,1CC/3CC,718.7,8.9,0.0,709.8,58,71,50
29/12/2025,Cainta,97,5CC/10CC,733.4,10.2,0.0,723.2,60,72,50
29/12/2025,Cainta,97,CETIRIZINE,1830.6,21.7,0.0,1808.9,32,39,100
29/12/2025,Cainta,97,G23,693.2,4.7,0.0,688.5,45,60,50
29/12/2025,Cainta,97,G27,465.2,4.8,0.0,460.4,57,61,50
29/12/2025,Cainta,97,GAUZE PAD,123.8,9.2,45.6,160.2,36,43,50
29/12/2025,Cainta,97,COTTON BALLS,2749.3,46.5,0.0,2702.8,41,44,240
29/12/2025,Cainta,97,BETADINE,9.1,0.5,0.0,8.6,62,73,50
29/12/2025,Cainta,97,ALCOHOL,3.1,0.5,0.0,2.6,62,67,50
29/12/2025,Cainta,97,FACEMASK,89.7,22.1,0.0,67.6,59,75,100
29/12/2025,Cainta,97,GLOVES,624.8,22.3,172.7,775.2,55,44,100
29/12/2025,Cainta,97,MICROPRE,169.7,4.8,10.3,175.2,35,33,50
29/12/2025,Cainta,97,STERILE WATER,3.5,2.9,0.0,0.6,37,36,50
29/12/2025,Cainta,97,REF THERMOMETER,16.1,1.0,0.0,15.1,45,62,50
29/12/2025,Cainta,97,ACRYLIC CONTAINERS,20.8,1.9,0.0,18.9,46,51,50
29/12/2025,Cainta,97,COOLER,14.9,0.5,0.0,14.4,44,45,50
29/12/2025,Cainta,97,KIDNEY BASIN,0.4,2.0,20.6,19.0,49,51,50
29/12/2025,Cainta,97,WEIGHING SCALE,2.6,0.5,0.0,2.1,40,43,50
29/12/2025,Cainta,97,FORCEPS,1.4,1.9,20.5,20.0,53,70,50
29/12/2025,Cainta,97,BETADINE CONTAINER,12.5,1.0,0.0,11.5,37,51,50
29/12/2025,Cainta,97,ALCOHOL PUMP CONTAINER,6.6,1.0,3.6,9.2,37,48,50
30/12/2025,Cainta,57,SPEEDA,1052.5,8.0,129.4,1173.9,17,22,70
30/12/2025,Cainta,57,ABHAYRAB,5.9,2.9,0.0,3.0,19,17,50
30/12/2025,Cainta,57,VAXIRAB,34.2,2.8,0.0,31.4,34,33,50
30/12/2025,Cainta,57,CHIRORAB,7.1,2.8,42.5,46.8,24,28,50
30/12/2025,Cainta,57,ERIG,21.0,2.3,0.0,18.7,19,23,50
30/12/2025,Cainta,57,HRIG,2.2,1.1,0.0,1.1,32,29,50
30/12/2025,Cainta,57,"ATS 1,500 ""IU""",18.0,1.1,0.0,16.9,27,34,50
30/12/2025,Cainta,57,"ATS 3000 ""IU""",50.2,1.1,0.0,49.1,15,14,50
30/12/2025,Cainta,57,"ATS 5,000 ""IU""",18.0,1.1,0.0,16.9,21,20,50
30/12/2025,Cainta,57,HTIG,3.9,0.6,0.0,3.3,18,18,50
30/12/2025,Cainta,57,TOXOID BETT,979.0,5.6,129.0,1102.4,29,38,50
30/12/2025,Cainta,57,TOXOID ABHAYTOX,46.1,1.2,0.0,44.9,21,26,50
30/12/2025,Cainta,57,PPD,0.8,0.3,0.0,0.5,16,18,50
30/12/2025,Cainta,57,HEPA B,27.0,1.1,0.0,25.9,16,21,50
30/12/2025,Cainta,57,HEPA BIG,19.3,1.1,0.0,18.2,28,36,50
30/12/2025,Cainta,57,FLU,4.0,0.6,0.0,3.4,15,16,50
30/12/2025,Cainta,57,AMOXICILLIN 500MG,1422.7,20.4,0.0,1402.3,34,43,140
30/12/2025,Cainta,57,CEFALEXIN 500 MG,1847.2,11.8,0.0,1835.4,18,17,100
30/12/2025,Cainta,57,MEFENAMIC 500 MG,1581.3,14.1,0.0,1567.2,28,31,120
30/12/2025,Cainta,57,INSULIN,1219.8,18.3,0.0,1201.5,24,21,150
30/12/2025,Cainta,57,1CC/3CC,709.8,5.3,0.0,704.5,24,25,50
30/12/2025,Cainta,57,5CC/10CC,723.2,5.4,0.0,717.8,16,18,50
30/12/2025,Cainta,57,CETIRIZINE,1808.9,10.1,0.0,1798.8,33,28,100
30/12/2025,Cainta,57,G23,688.5,2.9,0.0,685.6,35,38,50
30/12/2025,Cainta,57,G27,460.4,3.0,87.9,545.3,15,18,50
30/12/2025,Cainta,57,GAUZE PAD,160.2,6.4,0.0,153.8,18,21,50
30/12/2025,Cainta,57,COTTON BALLS,2702.8,32.4,103.8,2774.2,35,29,240
30/12/2025,Cainta,57,BETADINE,8.6,0.3,0.0,8.3,27,23,50
30/12/2025,Cainta,57,ALCOHOL,2.6,0.3,0.0,2.3,18,18,50
30/12/2025,Cainta,57,FACEMASK,67.6,10.8,0.0,56.8,19,25,100
30/12/2025,Cainta,57,GLOVES,775.2,10.5,0.0,764.7,29,38,100
30/12/2025,Cainta,57,MICROPRE,175.2,2.8,0.0,172.4,31,31,50
30/12/2025,Cainta,57,STERILE WATER,0.6,1.7,9.1,8.0,28,34,50
30/12/2025,Cainta,57,REF THERMOMETER,15.1,0.6,0.0,14.5,36,41,50
30/12/2025,Cainta,57,ACRYLIC CONTAINERS,18.9,1.1,0.0,17.8,26,36,50
30/12/2025,Cainta,57,COOLER,14.4,0.3,0.0,14.1,21,18,50
30/12/2025,Cainta,57,KIDNEY BASIN,19.0,1.1,0.0,17.9,25,28,50
30/12/2025,Cainta,57,WEIGHING SCALE,2.1,0.3,0.0,1.8,22,25,50
30/12/2025,Cainta,57,FORCEPS,20.0,1.2,0.0,18.8,19,19,50
30/12/2025,Cainta,57,BETADINE CONTAINER,11.5,0.6,0.0,10.9,15,12,50
30/12/2025,Cainta,57,ALCOHOL PUMP CONTAINER,9.2,0.6,0.0,8.6,22,18,50
31/12/2025,Cainta,92,SPEEDA,1173.9,13.5,0.0,1160.4,49,53,70
31/12/2025,Cainta,92,ABHAYRAB,3.0,4.8,7.8,6.0,24,29,50
31/12/2025,Cainta,92,VAXIRAB,31.4,4.9,0.0,26.5,39,48,50
31/12/2025,Cainta,92,CHIRORAB,46.8,4.4,0.0,42.4,47,43,50
31/12/2025,Cainta,92,ERIG,18.7,3.7,14.1,29.1,45,59,50
31/12/2025,Cainta,92,HRIG,1.1,1.8,17.7,17.0,52,53,50
31/12/2025,Cainta,92,"ATS 1,500 ""IU""",16.9,1.8,0.0,15.1,53,73,50
31/12/2025,Cainta,92,"ATS 3000 ""IU""",49.1,1.9,0.0,47.2,49,43,50
31/12/2025,Cainta,92,"ATS 5,000 ""IU""",16.9,1.8,0.0,15.1,27,35,50
31/12/2025,Cainta,92,HTIG,3.3,0.9,0.0,2.4,40,54,50
31/12/2025,Cainta,92,TOXOID BETT,1102.4,9.4,0.0,1093.0,45,58,50
31/12/2025,Cainta,92,TOXOID ABHAYTOX,44.9,1.9,0.0,43.0,32,41,50
31/12/2025,Cainta,92,PPD,0.5,0.5,0.0,0.0,25,25,50
31/12/2025,Cainta,92,HEPA B,25.9,1.8,0.0,24.1,31,38,50
31/12/2025,Cainta,92,HEPA BIG,18.2,1.8,0.0,16.4,40,46,50
31/12/2025,Cainta,92,FLU,3.4,0.9,0.0,2.5,38,40,50
31/12/2025,Cainta,92,AMOXICILLIN 500MG,1402.3,26.2,0.0,1376.1,30,42,140
31/12/2025,Cainta,92,CEFALEXIN 500 MG,1835.4,19.6,323.6,2139.4,53,52,100
31/12/2025,Cainta,92,MEFENAMIC 500 MG,1567.2,22.0,0.0,1545.2,57,60,120
31/12/2025,Cainta,92,INSULIN,1201.5,29.2,84.8,1257.1,30,40,150
31/12/2025,Cainta,92,1CC/3CC,704.5,9.2,140.8,836.1,57,55,50
31/12/2025,Cainta,92,5CC/10CC,717.8,9.7,0.0,708.1,24,21,50
31/12/2025,Cainta,92,CETIRIZINE,1798.8,18.3,0.0,1780.5,57,56,100
31/12/2025,Cainta,92,G23,685.6,4.4,0.0,681.2,58,73,50
31/12/2025,Cainta,92,G27,545.3,4.8,0.0,540.5,23,30,50
31/12/2025,Cainta,92,GAUZE PAD,153.8,8.8,0.0,145.0,51,44,50
31/12/2025,Cainta,92,COTTON BALLS,2774.2,40.4,0.0,2733.8,59,69,240
31/12/2025,Cainta,92,BETADINE,8.3,0.5,0.0,7.8,56,64,50
31/12/2025,Cainta,92,ALCOHOL,2.3,0.5,0.0,1.8,59,71,50
31/12/2025,Cainta,92,FACEMASK,56.8,14.9,0.0,41.9,43,52,100
31/12/2025,Cainta,92,GLOVES,764.7,25.2,0.0,739.5,26,36,100
31/12/2025,Cainta,92,MICROPRE,172.4,4.7,0.0,167.7,54,54,50
31/12/2025,Cainta,92,STERILE WATER,8.0,2.8,0.0,5.2,46,45,50
31/12/2025,Cainta,92,REF THERMOMETER,14.5,0.9,0.0,13.6,46,53,50
31/12/2025,Cainta,92,ACRYLIC CONTAINERS,17.8,1.8,0.0,16.0,38,40,50
31/12/2025,Cainta,92,COOLER,14.1,0.5,0.0,13.6,44,48,50
31/12/2025,Cainta,92,KIDNEY BASIN,17.9,1.9,0.0,16.0,29,24,50
31/12/2025,Cainta,92,WEIGHING SCALE,1.8,0.5,0.0,1.3,50,44,50
31/12/2025,Cainta,92,FORCEPS,18.8,1.8,0.0,17.0,26,35,50
31/12/2025,Cainta,92,BETADINE CONTAINER,10.9,0.9,0.0,10.0,50,42,50
31/12/2025,Cainta,92,ALCOHOL PUMP CONTAINER,8.6,0.9,0.0,7.7,54,62,50
01/01/2026,Cainta,24,SPEEDA,1160.4,3.5,0.0,1156.9,11,14,70
01/01/2026,Cainta,24,ABHAYRAB,6.0,1.2,0.0,4.8,11,9,50
01/01/2026,Cainta,24,VAXIRAB,26.5,1.2,0.0,25.3,9,8,50
01/01/2026,Cainta,24,CHIRORAB,42.4,1.1,22.3,63.6,15,15,50
01/01/2026,Cainta,24,ERIG,29.1,1.0,0.0,28.1,13,14,50
01/01/2026,Cainta,24,HRIG,17.0,0.5,0.0,16.5,10,10,50
01/01/2026,Cainta,24,"ATS 1,500 ""IU""",15.1,0.5,0.0,14.6,8,10,50
01/01/2026,Cainta,24,"ATS 3000 ""IU""",47.2,0.5,0.0,46.7,8,7,50
01/01/2026,Cainta,24,"ATS 5,000 ""IU""",15.1,0.5,0.0,14.6,10,8,50
01/01/2026,Cainta,24,HTIG,2.4,0.2,0.0,2.2,15,12,50
01/01/2026,Cainta,24,TOXOID BETT,1093.0,2.3,0.0,1090.7,13,13,50
01/01/2026,Cainta,24,TOXOID ABHAYTOX,43.0,0.5,24.2,66.7,8,8,50
01/01/2026,Cainta,24,PPD,0.0,0.1,15.1,15.0,14,19,50
01/01/2026,Cainta,24,HEPA B,24.1,0.5,0.0,23.6,10,8,50
01/01/2026,Cainta,24,HEPA BIG,16.4,0.5,18.3,34.2,14,16,50
01/01/2026,Cainta,24,FLU,2.5,0.2,0.0,2.3,8,9,50
01/01/2026,Cainta,24,AMOXICILLIN 500MG,1376.1,8.3,0.0,1367.8,12,15,140
01/01/2026,Cainta,24,CEFALEXIN 500 MG,2139.4,5.1,0.0,2134.3,15,18,100
01/01/2026,Cainta,24,MEFENAMIC 500 MG,1545.2,6.5,0.0,1538.7,8,6,120
01/01/2026,Cainta,24,INSULIN,1257.1,7.8,0.0,1249.3,13,15,150
01/01/2026,Cainta,24,1CC/3CC,836.1,2.3,0.0,833.8,15,15,50
01/01/2026,Cainta,24,5CC/10CC,708.1,2.5,0.0,705.6,7,9,50
01/01/2026,Cainta,24,CETIRIZINE,1780.5,5.2,0.0,1775.3,7,6,100
01/01/2026,Cainta,24,G23,681.2,1.2,0.0,680.0,12,15,50
01/01/2026,Cainta,24,G27,540.5,1.2,0.0,539.3,9,11,50
01/01/2026,Cainta,24,GAUZE PAD,145.0,2.5,16.7,159.2,7,8,50
01/01/2026,Cainta,24,COTTON BALLS,2733.8,12.9,0.0,2720.9,11,10,240
01/01/2026,Cainta,24,BETADINE,7.8,0.1,0.0,7.7,13,16,50
01/01/2026,Cainta,24,ALCOHOL,1.8,0.1,0.0,1.7,9,11,50
01/01/2026,Cainta,24,FACEMASK,41.9,4.4,0.0,37.5,9,10,100
01/01/2026,Cainta,24,GLOVES,739.5,4.7,0.0,734.8,14,14,100
01/01/2026,Cainta,24,MICROPRE,167.7,1.2,0.0,166.5,11,10,50
01/01/2026,Cainta,24,STERILE WATER,5.2,0.7,0.0,4.5,14,14,50
01/01/2026,Cainta,24,REF THERMOMETER,13.6,0.2,0.0,13.4,10,13,50
01/01/2026,Cainta,24,ACRYLIC CONTAINERS,16.0,0.5,0.0,15.5,15,16,50
01/01/2026,Cainta,24,COOLER,13.6,0.1,0.0,13.5,12,15,50
01/01/2026,Cainta,24,KIDNEY BASIN,16.0,0.5,9.0,24.5,7,9,50
01/01/2026,Cainta,24,WEIGHING SCALE,1.3,0.1,0.0,1.2,14,17,50
01/01/2026,Cainta,24,FORCEPS,17.0,0.5,0.0,16.5,11,13,50
01/01/2026,Cainta,24,BETADINE CONTAINER,10.0,0.2,0.0,9.8,7,8,50
01/01/2026,Cainta,24,ALCOHOL PUMP CONTAINER,7.7,0.2,0.0,7.5,7,8,50
02/01/2026,Cainta,60,SPEEDA,1156.9,9.7,0.0,1147.2,32,29,70
02/01/2026,Cainta,60,ABHAYRAB,4.8,2.9,0.0,1.9,16,21,50
02/01/2026,Cainta,60,VAXIRAB,25.3,2.9,0.0,22.4,22,30,50
02/01/2026,Cainta,60,CHIRORAB,63.6,2.9,0.0,60.7,18,19,50
02/01/2026,Cainta,60,ERIG,28.1,2.4,0.0,25.7,26,35,50
02/01/2026,Cainta,60,HRIG,16.5,1.2,0.0,15.3,25,35,50
02/01/2026,Cainta,60,"ATS 1,500 ""IU""",14.6,1.2,0.0,13.4,28,31,50
02/01/2026,Cainta,60,"ATS 3000 ""IU""",46.7,1.2,0.0,45.5,22,27,50
02/01/2026,Cainta,60,"ATS 5,000 ""IU""",14.6,1.2,0.0,13.4,16,19,50
02/01/2026,Cainta,60,HTIG,2.2,0.6,0.0,1.6,30,28,50
02/01/2026,Cainta,60,TOXOID BETT,1090.7,5.6,0.0,1085.1,24,20,50
02/01/2026,Cainta,60,TOXOID ABHAYTOX,66.7,1.2,0.0,65.5,31,33,50
02/01/2026,Cainta,60,PPD,15.0,0.3,0.0,14.7,18,23,50
02/01/2026,Cainta,60,HEPA B,23.6,1.2,0.0,22.4,15,15,50
02/01/2026,Cainta,60,HEPA BIG,34.2,1.2,0.0,33.0,21,27,50
02/01/2026,Cainta,60,FLU,2.3,0.6,0.0,1.7,26,31,50
02/01/2026,Cainta,60,AMOXICILLIN 500MG,1367.8,18.5,0.0,1349.3,24,29,140
02/01/2026,Cainta,60,CEFALEXIN 500 MG,2134.3,14.4,0.0,2119.9,34,33,100
02/01/2026,Cainta,60,MEFENAMIC 500 MG,1538.7,17.4,269.2,1790.5,24,26,120
02/01/2026,Cainta,60,INSULIN,1249.3,18.6,0.0,1230.7,28,25,150
02/01/2026,Cainta,60,1CC/3CC,833.8,5.9,0.0,827.9,29,27,50
02/01/2026,Cainta,60,5CC/10CC,705.6,6.2,0.0,699.4,16,14,50
02/01/2026,Cainta,60,CETIRIZINE,1775.3,10.9,0.0,1764.4,27,24,100
02/01/2026,Cainta,60,G23,680.0,3.0,0.0,677.0,23,21,50
02/01/2026,Cainta,60,G27,539.3,3.0,0.0,536.3,25,29,50
02/01/2026,Cainta,60,GAUZE PAD,159.2,6.3,0.0,152.9,17,18,50
02/01/2026,Cainta,60,COTTON BALLS,2720.9,52.1,0.0,2668.8,34,33,240
02/01/2026,Cainta,60,BETADINE,7.7,0.3,0.0,7.4,38,50,50
02/01/2026,Cainta,60,ALCOHOL,1.7,0.3,0.0,1.4,16,18,50
02/01/2026,Cainta,60,FACEMASK,37.5,12.0,0.0,25.5,29,39,100
02/01/2026,Cainta,60,GLOVES,734.8,10.1,0.0,724.7,33,39,100
02/01/2026,Cainta,60,MICROPRE,166.5,2.9,0.0,163.6,22,18,50
02/01/2026,Cainta,60,STERILE WATER,4.5,1.8,0.0,2.7,34,46,50
02/01/2026,Cainta,60,REF THERMOMETER,13.4,0.6,0.0,12.8,30,39,50
02/01/2026,Cainta,60,ACRYLIC CONTAINERS,15.5,1.2,0.0,14.3,37,44,50
02/01/2026,Cainta,60,COOLER,13.5,0.3,0.0,13.2,39,44,50
02/01/2026,Cainta,60,KIDNEY BASIN,24.5,1.2,0.0,23.3,16,17,50
02/01/2026,Cainta,60,WEIGHING SCALE,1.2,0.3,0.0,0.9,26,28,50
02/01/2026,Cainta,60,FORCEPS,16.5,1.2,0.0,15.3,28,35,50
02/01/2026,Cainta,60,BETADINE CONTAINER,9.8,0.6,0.0,9.2,19,21,50
02/01/2026,Cainta,60,ALCOHOL PUMP CONTAINER,7.5,0.6,0.0,6.9,23,21,50
03/01/2026,Cainta,56,SPEEDA,1147.2,9.0,0.0,1138.2,36,30,70
03/01/2026,Cainta,56,ABHAYRAB,1.9,2.7,18.8,18.0,14,12,50
03/01/2026,Cainta,56,VAXIRAB,22.4,2.7,0.0,19.7,24,23,50
03/01/2026,Cainta,56,CHIRORAB,60.7,2.8,0.0,57.9,33,34,50
03/01/2026,Cainta,56,ERIG,25.7,2.2,0.0,23.5,21,28,50
03/01/2026,Cainta,56,HRIG,15.3,1.1,0.0,14.2,25,24,50
03/01/2026,Cainta,56,"ATS 1,500 ""IU""",13.4,1.1,0.0,12.3,36,36,50
03/01/2026,Cainta,56,"ATS 3000 ""IU""",45.5,1.1,0.0,44.4,25,23,50
03/01/2026,Cainta,56,"ATS 5,000 ""IU""",13.4,1.1,0.0,12.3,17,19,50
03/01/2026,Cainta,56,HTIG,1.6,0.6,0.0,1.0,15,18,50
03/01/2026,Cainta,56,TOXOID BETT,1085.1,5.8,0.0,1079.3,35,39,50
03/01/2026,Cainta,56,TOXOID ABHAYTOX,65.5,1.1,0.0,64.4,20,27,50
03/01/2026,Cainta,56,PPD,14.7,0.3,0.0,14.4,25,35,50
03/01/2026,Cainta,56,HEPA B,22.4,1.1,29.7,51.0,16,21,50
03/01/2026,Cainta,56,HEPA BIG,33.0,1.1,0.0,31.9,23,30,50
03/01/2026,Cainta,56,FLU,1.7,0.6,0.0,1.1,35,36,50
03/01/2026,Cainta,56,AMOXICILLIN 500MG,1349.3,11.7,0.0,1337.6,25,29,140
03/01/2026,Cainta,56,CEFALEXIN 500 MG,2119.9,11.1,0.0,2108.8,36,36,100
03/01/2026,Cainta,56,MEFENAMIC 500 MG,1790.5,16.6,0.0,1773.9,20,25,120
03/01/2026,Cainta,56,INSULIN,1230.7,19.3,88.8,1300.2,25,23,150
03/01/2026,Cainta,56,1CC/3CC,827.9,5.9,0.0,822.0,33,31,50
03/01/2026,Cainta,56,5CC/10CC,699.4,6.0,0.0,693.4,24,20,50
03/01/2026,Cainta,56,CETIRIZINE,1764.4,11.3,0.0,1753.1,20,23,100
03/01/2026,Cainta,56,G23,677.0,2.8,0.0,674.2,33,40,50
03/01/2026,Cainta,56,G27,536.3,2.7,0.0,533.6,23,18,50
03/01/2026,Cainta,56,GAUZE PAD,152.9,5.5,0.0,147.4,26,29,50
03/01/2026,Cainta,56,COTTON BALLS,2668.8,31.7,0.0,2637.1,36,37,240
03/01/2026,Cainta,56,BETADINE,7.4,0.3,0.0,7.1,18,23,50
03/01/2026,Cainta,56,ALCOHOL,1.4,0.3,0.0,1.1,21,17,50
03/01/2026,Cainta,56,FACEMASK,25.5,10.7,0.0,14.8,15,12,100
03/01/2026,Cainta,56,GLOVES,724.7,11.2,65.7,779.2,23,27,100
03/01/2026,Cainta,56,MICROPRE,163.6,2.9,0.0,160.7,18,21,50
03/01/2026,Cainta,56,STERILE WATER,2.7,1.6,0.0,1.1,29,38,50
03/01/2026,Cainta,56,REF THERMOMETER,12.8,0.5,0.0,12.3,18,21,50
03/01/2026,Cainta,56,ACRYLIC CONTAINERS,14.3,1.1,0.0,13.2,29,40,50
03/01/2026,Cainta,56,COOLER,13.2,0.3,0.0,12.9,20,20,50
03/01/2026,Cainta,56,KIDNEY BASIN,23.3,1.1,0.0,22.2,22,23,50
03/01/2026,Cainta,56,WEIGHING SCALE,0.9,0.3,0.0,0.6,22,31,50
03/01/2026,Cainta,56,FORCEPS,15.3,1.1,0.0,14.2,30,26,50
03/01/2026,Cainta,56,BETADINE CONTAINER,9.2,0.6,0.0,8.6,24,31,50
03/01/2026,Cainta,56,ALCOHOL PUMP CONTAINER,6.9,0.6,0.0,6.3,22,18,50
04/01/2026,Cainta,61,SPEEDA,1138.2,9.4,0.0,1128.8,36,39,70
04/01/2026,Cainta,61,ABHAYRAB,18.0,3.1,0.0,14.9,29,26,50
04/01/2026,Cainta,61,VAXIRAB,19.7,2.9,11.8,28.6,20,23,50
04/01/2026,Cainta,61,CHIRORAB,57.9,3.1,0.0,54.8,37,47,50
04/01/2026,Cainta,61,ERIG,23.5,2.4,16.9,38.0,24,20,50
04/01/2026,Cainta,61,HRIG,14.2,1.2,0.0,13.0,16,14,50
04/01/2026,Cainta,61,"ATS 1,500 ""IU""",12.3,1.2,0.0,11.1,27,27,50
04/01/2026,Cainta,61,"ATS 3000 ""IU""",44.4,1.2,0.0,43.2,18,17,50
04/01/2026,Cainta,61,"ATS 5,000 ""IU""",12.3,1.2,0.0,11.1,21,22,50
04/01/2026,Cainta,61,HTIG,1.0,0.6,0.0,0.4,33,45,50
04/01/2026,Cainta,61,TOXOID BETT,1079.3,5.8,0.0,1073.5,18,15,50
04/01/2026,Cainta,61,TOXOID ABHAYTOX,64.4,1.2,0.0,63.2,35,37,50
04/01/2026,Cainta,61,PPD,14.4,0.3,0.0,14.1,38,41,50
04/01/2026,Cainta,61,HEPA B,51.0,1.2,0.0,49.8,30,29,50
04/01/2026,Cainta,61,HEPA BIG,31.9,1.2,0.0,30.7,33,32,50
04/01/2026,Cainta,61,FLU,1.1,0.6,0.0,0.5,33,41,50
04/01/2026,Cainta,61,AMOXICILLIN 500MG,1337.6,20.1,0.0,1317.5,39,46,140
04/01/2026,Cainta,61,CEFALEXIN 500 MG,2108.8,11.8,0.0,2097.0,24,31,100
04/01/2026,Cainta,61,MEFENAMIC 500 MG,1773.9,16.4,0.0,1757.5,19,20,120
04/01/2026,Cainta,61,INSULIN,1300.2,16.9,0.0,1283.3,28,33,150
04/01/2026,Cainta,61,1CC/3CC,822.0,6.1,0.0,815.9,28,37,50
04/01/2026,Cainta,61,5CC/10CC,693.4,6.1,0.0,687.3,20,26,50
04/01/2026,Cainta,61,CETIRIZINE,1753.1,11.0,0.0,1742.1,30,41,100
04/01/2026,Cainta,61,G23,674.2,3.1,71.5,742.6,16,15,50
04/01/2026,Cainta,61,G27,533.6,3.0,0.0,530.6,38,53,50
04/01/2026,Cainta,61,GAUZE PAD,147.4,6.0,0.0,141.4,22,28,50
04/01/2026,Cainta,61,COTTON BALLS,2637.1,25.0,0.0,2612.1,16,20,240
04/01/2026,Cainta,61,BETADINE,7.1,0.3,0.0,6.8,18,22,50
04/01/2026,Cainta,61,ALCOHOL,1.1,0.3,0.0,0.8,21,29,50
04/01/2026,Cainta,61,FACEMASK,14.8,15.5,16.7,16.0,22,23,100
04/01/2026,Cainta,61,GLOVES,779.2,13.2,0.0,766.0,16,20,100
04/01/2026,Cainta,61,MICROPRE,160.7,3.0,0.0,157.7,22,27,50
04/01/2026,Cainta,61,STERILE WATER,1.1,1.8,20.7,20.0,20,25,50
04/01/2026,Cainta,61,REF THERMOMETER,12.3,0.6,0.0,11.7,24,30,50
04/01/2026,Cainta,61,ACRYLIC CONTAINERS,13.2,1.2,0.0,12.0,25,23,50
04/01/2026,Cainta,61,COOLER,12.9,0.3,0.0,12.6,24,24,50
04/01/2026,Cainta,61,KIDNEY BASIN,22.2,1.2,0.0,21.0,23,24,50
04/01/2026,Cainta,61,WEIGHING SCALE,0.6,0.3,0.0,0.3,17,21,50
04/01/2026,Cainta,61,FORCEPS,14.2,1.2,0.0,13.0,16,20,50
04/01/2026,Cainta,61,BETADINE CONTAINER,8.6,0.6,0.0,8.0,20,26,50
04/01/2026,Cainta,61,ALCOHOL PUMP CONTAINER,6.3,0.6,0.0,5.7,34,43,50
05/01/2026,Cainta,91,SPEEDA,1128.8,14.4,0.0,1114.4,59,68,70
05/01/2026,Cainta,91,ABHAYRAB,14.9,4.6,0.0,10.3,57,50,50
05/01/2026,Cainta,91,VAXIRAB,28.6,4.5,0.0,24.1,41,48,50
05/01/2026,Cainta,91,CHIRORAB,54.8,4.5,15.4,65.7,42,56,50
05/01/2026,Cainta,91,ERIG,38.0,3.6,0.0,34.4,34,40,50
05/01/2026,Cainta,91,HRIG,13.0,1.8,0.0,11.2,51,68,50
05/01/2026,Cainta,91,"ATS 1,500 ""IU""",11.1,1.8,0.0,9.3,51,71,50
05/01/2026,Cainta,91,"ATS 3000 ""IU""",43.2,1.8,0.0,41.4,53,54,50
05/01/2026,Cainta,91,"ATS 5,000 ""IU""",11.1,1.8,0.0,9.3,55,68,50
05/01/2026,Cainta,91,HTIG,0.4,0.9,9.5,9.0,39,44,50
05/01/2026,Cainta,91,TOXOID BETT,1073.5,9.2,0.0,1064.3,51,55,50
05/01/2026,Cainta,91,TOXOID ABHAYTOX,63.2,1.8,0.0,61.4,52,49,50
05/01/2026,Cainta,91,PPD,14.1,0.5,0.0,13.6,34,32,50
05/01/2026,Cainta,91,HEPA B,49.8,1.8,0.0,48.0,57,52,50
05/01/2026,Cainta,91,HEPA BIG,30.7,1.8,0.0,28.9,26,31,50
05/01/2026,Cainta,91,FLU,0.5,0.9,10.4,10.0,59,52,50
05/01/2026,Cainta,91,AMOXICILLIN 500MG,1317.5,26.9,0.0,1290.6,51,54,140
05/01/2026,Cainta,91,CEFALEXIN 500 MG,2097.0,15.4,0.0,2081.6,26,29,100
05/01/2026,Cainta,91,MEFENAMIC 500 MG,1757.5,22.3,194.4,1929.6,47,50,120
05/01/2026,Cainta,91,INSULIN,1283.3,35.0,0.0,1248.3,24,32,150
05/01/2026,Cainta,91,1CC/3CC,815.9,9.1,103.9,910.7,51,54,50
05/01/2026,Cainta,91,5CC/10CC,687.3,9.2,70.5,748.6,52,44,50
05/01/2026,Cainta,91,CETIRIZINE,1742.1,16.0,0.0,1726.1,45,63,100
05/01/2026,Cainta,91,G23,742.6,4.5,0.0,738.1,54,71,50
05/01/2026,Cainta,91,G27,530.6,4.5,0.0,526.1,26,31,50
05/01/2026,Cainta,91,GAUZE PAD,141.4,9.0,0.0,132.4,33,41,50
05/01/2026,Cainta,91,COTTON BALLS,2612.1,58.8,0.0,2553.3,38,33,240
05/01/2026,Cainta,91,BETADINE,6.8,0.5,0.0,6.3,24,30,50
05/01/2026,Cainta,91,ALCOHOL,0.8,0.5,0.0,0.3,39,36,50
05/01/2026,Cainta,91,FACEMASK,16.0,18.7,9.7,7.0,32,35,100
05/01/2026,Cainta,91,GLOVES,766.0,19.1,0.0,746.9,37,34,100
05/01/2026,Cainta,91,MICROPRE,157.7,4.7,0.0,153.0,38,48,50
05/01/2026,Cainta,91,STERILE WATER,20.0,2.8,0.0,17.2,55,52,50
05/01/2026,Cainta,91,REF THERMOMETER,11.7,0.9,0.0,10.8,33,31,50
05/01/2026,Cainta,91,ACRYLIC CONTAINERS,12.0,1.8,0.0,10.2,55,48,50
05/01/2026,Cainta,91,COOLER,12.6,0.5,0.0,12.1,38,47,50
05/01/2026,Cainta,91,KIDNEY BASIN,21.0,1.8,0.0,19.2,35,34,50
05/01/2026,Cainta,91,WEIGHING SCALE,0.3,0.5,20.2,20.0,41,46,50
05/01/2026,Cainta,91,FORCEPS,13.0,1.8,0.0,11.2,38,38,50
05/01/2026,Cainta,91,BETADINE CONTAINER,8.0,0.9,0.0,7.1,32,40,50
05/01/2026,Cainta,91,ALCOHOL PUMP CONTAINER,5.7,0.9,0.0,4.8,41,38,50
06/01/2026,Cainta,74,SPEEDA,1114.4,11.2,0.0,1103.2,23,31,70
06/01/2026,Cainta,74,ABHAYRAB,10.3,3.6,0.0,6.7,29,29,50
06/01/2026,Cainta,74,VAXIRAB,24.1,3.9,0.0,20.2,35,30,50
06/01/2026,Cainta,74,CHIRORAB,65.7,3.5,38.8,101.0,31,29,50
06/01/2026,Cainta,74,ERIG,34.4,3.0,0.0,31.4,43,36,50
06/01/2026,Cainta,74,HRIG,11.2,1.5,0.0,9.7,26,28,50
06/01/2026,Cainta,74,"ATS 1,500 ""IU""",9.3,1.5,0.0,7.8,47,45,50
06/01/2026,Cainta,74,"ATS 3000 ""IU""",41.4,1.5,0.0,39.9,42,56,50
06/01/2026,Cainta,74,"ATS 5,000 ""IU""",9.3,1.5,0.0,7.8,47,52,50
06/01/2026,Cainta,74,HTIG,9.0,0.7,0.0,8.3,43,40,50
06/01/2026,Cainta,74,TOXOID BETT,1064.3,7.9,0.0,1056.4,23,25,50
06/01/2026,Cainta,74,TOXOID ABHAYTOX,61.4,1.4,0.0,60.0,34,31,50
06/01/2026,Cainta,74,PPD,13.6,0.4,0.0,13.2,24,22,50
06/01/2026,Cainta,74,HEPA B,48.0,1.5,0.0,46.5,43,42,50
06/01/2026,Cainta,74,HEPA BIG,28.9,1.5,0.0,27.4,36,31,50
06/01/2026,Cainta,74,FLU,10.0,0.7,0.0,9.3,26,24,50
06/01/2026,Cainta,74,AMOXICILLIN 500MG,1290.6,24.2,0.0,1266.4,46,63,140
06/01/2026,Cainta,74,CEFALEXIN 500 MG,2081.6,12.6,0.0,2069.0,22,26,100
06/01/2026,Cainta,74,MEFENAMIC 500 MG,1929.6,19.6,0.0,1910.0,35,47,120
06/01/2026,Cainta,74,INSULIN,1248.3,30.1,0.0,1218.2,40,38,150
06/01/2026,Cainta,74,1CC/3CC,910.7,6.9,0.0,903.8,20,26,50
06/01/2026,Cainta,74,5CC/10CC,748.6,7.5,0.0,741.1,36,37,50
06/01/2026,Cainta,74,CETIRIZINE,1726.1,13.9,0.0,1712.2,43,38,100
06/01/2026,Cainta,74,G23,738.1,3.7,0.0,734.4,20,26,50
06/01/2026,Cainta,74,G27,526.1,3.7,0.0,522.4,34,28,50
06/01/2026,Cainta,74,GAUZE PAD,132.4,7.2,0.0,125.2,26,27,50
06/01/2026,Cainta,74,COTTON BALLS,2553.3,40.8,0.0,2512.5,38,49,240
06/01/2026,Cainta,74,BETADINE,6.3,0.4,0.0,5.9,22,26,50
06/01/2026,Cainta,74,ALCOHOL,0.3,0.4,13.1,13.0,46,51,50
06/01/2026,Cainta,74,FACEMASK,7.0,15.9,18.9,10.0,45,46,100
06/01/2026,Cainta,74,GLOVES,746.9,13.0,0.0,733.9,24,20,100
06/01/2026,Cainta,74,MICROPRE,153.0,3.6,0.0,149.4,28,39,50
06/01/2026,Cainta,74,STERILE WATER,17.2,2.2,0.0,15.0,36,33,50
06/01/2026,Cainta,74,REF THERMOMETER,10.8,0.8,0.0,10.0,40,38,50
06/01/2026,Cainta,74,ACRYLIC CONTAINERS,10.2,1.5,0.0,8.7,32,30,50
06/01/2026,Cainta,74,COOLER,12.1,0.4,0.0,11.7,23,31,50
06/01/2026,Cainta,74,KIDNEY BASIN,19.2,1.5,0.0,17.7,22,28,50
06/01/2026,Cainta,74,WEIGHING SCALE,20.0,0.4,0.0,19.6,48,52,50
06/01/2026,Cainta,74,FORCEPS,11.2,1.5,0.0,9.7,32,44,50
06/01/2026,Cainta,74,BETADINE CONTAINER,7.1,0.7,0.0,6.4,44,37,50
06/01/2026,Cainta,74,ALCOHOL PUMP CONTAINER,4.8,0.7,0.0,4.1,33,44,50
07/01/2026,Cainta,40,SPEEDA,1103.2,5.8,0.0,1097.4,25,21,70
07/01/2026,Cainta,40,ABHAYRAB,6.7,2.0,0.0,4.7,11,11,50
07/01/2026,Cainta,40,VAXIRAB,20.2,2.0,0.0,18.2,12,10,50
07/01/2026,Cainta,40,CHIRORAB,101.0,2.0,0.0,99.0,25,35,50
07/01/2026,Cainta,40,ERIG,31.4,1.7,0.0,29.7,25,34,50
07/01/2026,Cainta,40,HRIG,9.7,0.8,0.0,8.9,15,17,50
07/01/2026,Cainta,40,"ATS 1,500 ""IU""",7.8,0.8,0.0,7.0,16,15,50
07/01/2026,Cainta,40,"ATS 3000 ""IU""",39.9,0.8,0.0,39.1,17,16,50
07/01/2026,Cainta,40,"ATS 5,000 ""IU""",7.8,0.8,0.0,7.0,17,18,50
07/01/2026,Cainta,40,HTIG,8.3,0.4,0.0,7.9,13,13,50
07/01/2026,Cainta,40,TOXOID BETT,1056.4,3.9,0.0,1052.5,24,20,50
07/01/2026,Cainta,40,TOXOID ABHAYTOX,60.0,0.8,0.0,59.2,14,17,50
07/01/2026,Cainta,40,PPD,13.2,0.2,0.0,13.0,21,25,50
07/01/2026,Cainta,40,HEPA B,46.5,0.8,0.0,45.7,11,15,50
07/01/2026,Cainta,40,HEPA BIG,27.4,0.8,0.0,26.6,11,12,50
07/01/2026,Cainta,40,FLU,9.3,0.4,0.0,8.9,20,20,50
07/01/2026,Cainta,40,AMOXICILLIN 500MG,1266.4,10.8,0.0,1255.6,15,17,140
07/01/2026,Cainta,40,CEFALEXIN 500 MG,2069.0,8.7,0.0,2060.3,20,18,100
07/01/2026,Cainta,40,MEFENAMIC 500 MG,1910.0,7.9,0.0,1902.1,12,14,120
07/01/2026,Cainta,40,INSULIN,1218.2,13.7,0.0,1204.5,25,32,150
07/01/2026,Cainta,40,1CC/3CC,903.8,3.8,0.0,900.0,22,20,50
07/01/2026,Cainta,40,5CC/10CC,741.1,4.1,0.0,737.0,24,24,50
07/01/2026,Cainta,40,CETIRIZINE,1712.2,8.0,254.8,1959.0,12,16,100
07/01/2026,Cainta,40,G23,734.4,1.9,0.0,732.5,15,17,50
07/01/2026,Cainta,40,G27,522.4,2.0,0.0,520.4,16,18,50
07/01/2026,Cainta,40,GAUZE PAD,125.2,4.1,0.0,121.1,19,23,50
07/01/2026,Cainta,40,COTTON BALLS,2512.5,20.4,0.0,2492.1,15,17,240
07/01/2026,Cainta,40,BETADINE,5.9,0.2,0.0,5.7,11,9,50
07/01/2026,Cainta,40,ALCOHOL,13.0,0.2,0.0,12.8,16,21,50
07/01/2026,Cainta,40,FACEMASK,10.0,6.8,0.0,3.2,14,19,100
07/01/2026,Cainta,40,GLOVES,733.9,9.4,0.0,724.5,16,13,100
07/01/2026,Cainta,40,MICROPRE,149.4,2.0,0.0,147.4,13,11,50
07/01/2026,Cainta,40,STERILE WATER,15.0,1.2,0.0,13.8,14,17,50
07/01/2026,Cainta,40,REF THERMOMETER,10.0,0.4,0.0,9.6,20,23,50
07/01/2026,Cainta,40,ACRYLIC CONTAINERS,8.7,0.8,0.0,7.9,16,16,50
07/01/2026,Cainta,40,COOLER,11.7,0.2,0.0,11.5,16,18,50
07/01/2026,Cainta,40,KIDNEY BASIN,17.7,0.8,0.0,16.9,19,23,50
07/01/2026,Cainta,40,WEIGHING SCALE,19.6,0.2,0.0,19.4,22,24,50
07/01/2026,Cainta,40,FORCEPS,9.7,0.8,0.0,8.9,16,14,50
07/01/2026,Cainta,40,BETADINE CONTAINER,6.4,0.4,0.0,6.0,19,16,50
07/01/2026,Cainta,40,ALCOHOL PUMP CONTAINER,4.1,0.4,0.0,3.7,25,27,50
08/01/2026,Cainta,11,SPEEDA,1097.4,1.7,143.9,1239.6,5,7,70
08/01/2026,Cainta,11,ABHAYRAB,4.7,0.6,0.0,4.1,7,8,50
08/01/2026,Cainta,11,VAXIRAB,18.2,0.5,47.2,64.9,6,6,50
08/01/2026,Cainta,11,CHIRORAB,99.0,0.5,0.0,98.5,3,4,50
08/01/2026,Cainta,11,ERIG,29.7,0.4,0.0,29.3,5,5,50
08/01/2026,Cainta,11,HRIG,8.9,0.2,0.0,8.7,6,7,50
08/01/2026,Cainta,11,"ATS 1,500 ""IU""",7.0,0.2,0.0,6.8,7,6,50
08/01/2026,Cainta,11,"ATS 3000 ""IU""",39.1,0.2,0.0,38.9,5,6,50
08/01/2026,Cainta,11,"ATS 5,000 ""IU""",7.0,0.2,0.0,6.8,3,4,50
08/01/2026,Cainta,11,HTIG,7.9,0.1,0.0,7.8,5,6,50
08/01/2026,Cainta,11,TOXOID BETT,1052.5,1.2,0.0,1051.3,3,3,50
08/01/2026,Cainta,11,TOXOID ABHAYTOX,59.2,0.2,0.0,59.0,6,6,50
08/01/2026,Cainta,11,PPD,13.0,0.1,0.0,12.9,5,5,50
08/01/2026,Cainta,11,HEPA B,45.7,0.2,0.0,45.5,6,8,50
08/01/2026,Cainta,11,HEPA BIG,26.6,0.2,0.0,26.4,7,6,50
08/01/2026,Cainta,11,FLU,8.9,0.1,0.0,8.8,6,7,50
08/01/2026,Cainta,11,AMOXICILLIN 500MG,1255.6,3.1,0.0,1252.5,5,6,140
08/01/2026,Cainta,11,CEFALEXIN 500 MG,2060.3,2.1,0.0,2058.2,6,5,100
08/01/2026,Cainta,11,MEFENAMIC 500 MG,1902.1,2.8,287.7,2187.0,6,6,120
08/01/2026,Cainta,11,INSULIN,1204.5,2.8,0.0,1201.7,7,6,150
08/01/2026,Cainta,11,1CC/3CC,900.0,1.0,0.0,899.0,3,3,50
08/01/2026,Cainta,11,5CC/10CC,737.0,1.1,0.0,735.9,5,7,50
08/01/2026,Cainta,11,CETIRIZINE,1959.0,2.0,119.0,2076.0,4,4,100
08/01/2026,Cainta,11,G23,732.5,0.6,0.0,731.9,7,10,50
08/01/2026,Cainta,11,G27,520.4,0.6,109.4,629.2,6,5,50
08/01/2026,Cainta,11,GAUZE PAD,121.1,1.0,0.0,120.1,5,5,50
08/01/2026,Cainta,11,COTTON BALLS,2492.1,4.8,0.0,2487.3,4,5,240
08/01/2026,Cainta,11,BETADINE,5.7,0.1,1.0,6.6,4,5,50
08/01/2026,Cainta,11,ALCOHOL,12.8,0.1,0.0,12.7,6,6,50
08/01/2026,Cainta,11,FACEMASK,3.2,2.1,0.0,1.1,4,5,100
08/01/2026,Cainta,11,GLOVES,724.5,2.3,0.0,722.2,3,4,100
08/01/2026,Cainta,11,MICROPRE,147.4,0.6,0.0,146.8,7,9,50
08/01/2026,Cainta,11,STERILE WATER,13.8,0.3,0.0,13.5,6,7,50
08/01/2026,Cainta,11,REF THERMOMETER,9.6,0.1,0.0,9.5,4,4,50
08/01/2026,Cainta,11,ACRYLIC CONTAINERS,7.9,0.2,0.0,7.7,4,3,50
08/01/2026,Cainta,11,COOLER,11.5,0.1,0.0,11.4,7,8,50
08/01/2026,Cainta,11,KIDNEY BASIN,16.9,0.2,0.0,16.7,6,7,50
08/01/2026,Cainta,11,WEIGHING SCALE,19.4,0.1,0.0,19.3,5,5,50
08/01/2026,Cainta,11,FORCEPS,8.9,0.2,0.0,8.7,4,4,50
08/01/2026,Cainta,11,BETADINE CONTAINER,6.0,0.1,0.0,5.9,4,4,50
08/01/2026,Cainta,11,ALCOHOL PUMP CONTAINER,3.7,0.1,0.0,3.6,3,3,50
09/01/2026,Cainta,87,SPEEDA,1239.6,13.5,0.0,1226.1,47,49,70
09/01/2026,Cainta,87,ABHAYRAB,4.1,4.5,5.4,5.0,23,24,50
09/01/2026,Cainta,87,VAXIRAB,64.9,4.4,0.0,60.5,22,19,50
09/01/2026,Cainta,87,CHIRORAB,98.5,4.2,0.0,94.3,47,62,50
09/01/2026,Cainta,87,ERIG,29.3,3.6,0.0,25.7,55,64,50
09/01/2026,Cainta,87,HRIG,8.7,1.7,0.0,7.0,48,43,50
09/01/2026,Cainta,87,"ATS 1,500 ""IU""",6.8,1.7,0.0,5.1,38,40,50
09/01/2026,Cainta,87,"ATS 3000 ""IU""",38.9,1.7,0.0,37.2,39,41,50
09/01/2026,Cainta,87,"ATS 5,000 ""IU""",6.8,1.8,0.0,5.0,37,43,50
09/01/2026,Cainta,87,HTIG,7.8,0.9,0.0,6.9,33,38,50
09/01/2026,Cainta,87,TOXOID BETT,1051.3,9.0,0.0,1042.3,40,47,50
09/01/2026,Cainta,87,TOXOID ABHAYTOX,59.0,1.7,0.0,57.3,37,45,50
09/01/2026,Cainta,87,PPD,12.9,0.4,0.0,12.5,43,37,50
09/01/2026,Cainta,87,HEPA B,45.5,1.8,0.0,43.7,53,52,50
09/01/2026,Cainta,87,HEPA BIG,26.4,1.7,0.0,24.7,56,45,50
09/01/2026,Cainta,87,FLU,8.8,0.9,0.0,7.9,24,26,50
09/01/2026,Cainta,87,AMOXICILLIN 500MG,1252.5,27.0,0.0,1225.5,35,37,140
09/01/2026,Cainta,87,CEFALEXIN 500 MG,2058.2,18.3,0.0,2039.9,28,35,100
09/01/2026,Cainta,87,MEFENAMIC 500 MG,2187.0,23.6,0.0,2163.4,34,31,120
09/01/2026,Cainta,87,INSULIN,1201.7,27.8,0.0,1173.9,32,38,150
09/01/2026,Cainta,87,1CC/3CC,899.0,9.1,0.0,889.9,28,28,50
09/01/2026,Cainta,87,5CC/10CC,735.9,8.4,0.0,727.5,48,49,50
09/01/2026,Cainta,87,CETIRIZINE,2076.0,16.5,0.0,2059.5,39,48,100
09/01/2026,Cainta,87,G23,731.9,4.2,0.0,727.7,54,46,50
09/01/2026,Cainta,87,G27,629.2,4.4,0.0,624.8,23,23,50
09/01/2026,Cainta,87,GAUZE PAD,120.1,9.0,43.9,155.0,24,25,50
09/01/2026,Cainta,87,COTTON BALLS,2487.3,47.7,0.0,2439.6,36,44,240
09/01/2026,Cainta,87,BETADINE,6.6,0.4,0.0,6.2,25,23,50
09/01/2026,Cainta,87,ALCOHOL,12.7,0.4,0.0,12.3,31,42,50
09/01/2026,Cainta,87,FACEMASK,1.1,18.6,34.5,17.0,56,78,100
09/01/2026,Cainta,87,GLOVES,722.2,15.6,0.0,706.6,29,37,100
09/01/2026,Cainta,87,MICROPRE,146.8,4.3,45.9,188.4,29,28,50
09/01/2026,Cainta,87,STERILE WATER,13.5,2.6,0.0,10.9,42,50,50
09/01/2026,Cainta,87,REF THERMOMETER,9.5,0.9,0.0,8.6,39,33,50
09/01/2026,Cainta,87,ACRYLIC CONTAINERS,7.7,1.7,0.0,6.0,42,56,50
09/01/2026,Cainta,87,COOLER,11.4,0.4,0.0,11.0,35,39,50
09/01/2026,Cainta,87,KIDNEY BASIN,16.7,1.7,0.0,15.0,51,46,50
09/01/2026,Cainta,87,WEIGHING SCALE,19.3,0.4,0.0,18.9,27,27,50
09/01/2026,Cainta,87,FORCEPS,8.7,1.8,0.0,6.9,37,47,50
09/01/2026,Cainta,87,BETADINE CONTAINER,5.9,0.9,0.0,5.0,46,61,50
09/01/2026,Cainta,87,ALCOHOL PUMP CONTAINER,3.6,0.9,0.0,2.7,52,58,50
10/01/2026,Cainta,21,SPEEDA,1226.1,3.2,0.0,1222.9,8,9,70
10/01/2026,Cainta,21,ABHAYRAB,5.0,1.1,0.0,3.9,10,13,50
10/01/2026,Cainta,21,VAXIRAB,60.5,1.0,0.0,59.5,6,8,50
10/01/2026,Cainta,21,CHIRORAB,94.3,1.1,0.0,93.2,7,9,50
10/01/2026,Cainta,21,ERIG,25.7,0.8,0.0,24.9,6,6,50
10/01/2026,Cainta,21,HRIG,7.0,0.4,0.0,6.6,11,13,50
10/01/2026,Cainta,21,"ATS 1,500 ""IU""",5.1,0.4,0.0,4.7,8,11,50
10/01/2026,Cainta,21,"ATS 3000 ""IU""",37.2,0.4,0.0,36.8,11,10,50
10/01/2026,Cainta,21,"ATS 5,000 ""IU""",5.0,0.4,0.0,4.6,6,6,50
10/01/2026,Cainta,21,HTIG,6.9,0.2,7.2,13.9,12,10,50
10/01/2026,Cainta,21,TOXOID BETT,1042.3,2.0,0.0,1040.3,12,13,50
10/01/2026,Cainta,21,TOXOID ABHAYTOX,57.3,0.4,0.0,56.9,6,8,50
10/01/2026,Cainta,21,PPD,12.5,0.1,0.0,12.4,5,5,50
10/01/2026,Cainta,21,HEPA B,43.7,0.4,0.0,43.3,6,7,50
10/01/2026,Cainta,21,HEPA BIG,24.7,0.4,0.0,24.3,12,10,50
10/01/2026,Cainta,21,FLU,7.9,0.2,0.0,7.7,7,9,50
10/01/2026,Cainta,21,AMOXICILLIN 500MG,1225.5,5.1,0.0,1220.4,10,13,140
10/01/2026,Cainta,21,CEFALEXIN 500 MG,2039.9,4.7,0.0,2035.2,9,10,100
10/01/2026,Cainta,21,MEFENAMIC 500 MG,2163.4,5.4,0.0,2158.0,12,15,120
10/01/2026,Cainta,21,INSULIN,1173.9,6.0,0.0,1167.9,9,8,150
10/01/2026,Cainta,21,1CC/3CC,889.9,2.1,0.0,887.8,9,12,50
10/01/2026,Cainta,21,5CC/10CC,727.5,1.9,61.9,787.5,14,17,50
10/01/2026,Cainta,21,CETIRIZINE,2059.5,4.4,0.0,2055.1,7,6,100
10/01/2026,Cainta,21,G23,727.7,1.0,0.0,726.7,12,17,50
10/01/2026,Cainta,21,G27,624.8,1.0,0.0,623.8,6,5,50
10/01/2026,Cainta,21,GAUZE PAD,155.0,1.9,0.0,153.1,9,11,50
10/01/2026,Cainta,21,COTTON BALLS,2439.6,13.1,0.0,2426.5,13,12,240
10/01/2026,Cainta,21,BETADINE,6.2,0.1,0.0,6.1,11,14,50
10/01/2026,Cainta,21,ALCOHOL,12.3,0.1,0.0,12.2,11,9,50
10/01/2026,Cainta,21,FACEMASK,17.0,4.0,0.0,13.0,7,6,100
10/01/2026,Cainta,21,GLOVES,706.6,3.5,0.0,703.1,9,10,100
10/01/2026,Cainta,21,MICROPRE,188.4,1.0,0.0,187.4,8,11,50
10/01/2026,Cainta,21,STERILE WATER,10.9,0.6,0.0,10.3,10,10,50
10/01/2026,Cainta,21,REF THERMOMETER,8.6,0.2,0.0,8.4,9,11,50
10/01/2026,Cainta,21,ACRYLIC CONTAINERS,6.0,0.4,0.0,5.6,8,9,50
10/01/2026,Cainta,21,COOLER,11.0,0.1,0.0,10.9,8,10,50
10/01/2026,Cainta,21,KIDNEY BASIN,15.0,0.4,0.0,14.6,7,7,50
10/01/2026,Cainta,21,WEIGHING SCALE,18.9,0.1,0.0,18.8,8,9,50
10/01/2026,Cainta,21,FORCEPS,6.9,0.4,0.0,6.5,7,10,50
10/01/2026,Cainta,21,BETADINE CONTAINER,5.0,0.2,0.0,4.8,13,13,50
10/01/2026,Cainta,21,ALCOHOL PUMP CONTAINER,2.7,0.2,0.0,2.5,10,11,50
11/01/2026,Cainta,27,SPEEDA,1222.9,3.9,156.2,1375.2,8,11,70
11/01/2026,Cainta,27,ABHAYRAB,3.9,1.4,0.0,2.5,14,14,50
11/01/2026,Cainta,27,VAXIRAB,59.5,1.3,0.0,58.2,16,16,50
11/01/2026,Cainta,27,CHIRORAB,93.2,1.3,0.0,91.9,9,9,50
11/01/2026,Cainta,27,ERIG,24.9,1.1,0.0,23.8,8,10,50
11/01/2026,Cainta,27,HRIG,6.6,0.5,0.0,6.1,7,10,50
11/01/2026,Cainta,27,"ATS 1,500 ""IU""",4.7,0.5,0.0,4.2,7,8,50
11/01/2026,Cainta,27,"ATS 3000 ""IU""",36.8,0.5,0.0,36.3,15,18,50
11/01/2026,Cainta,27,"ATS 5,000 ""IU""",4.6,0.5,0.0,4.1,17,18,50
11/01/2026,Cainta,27,HTIG,13.9,0.3,0.0,13.6,7,6,50
11/01/2026,Cainta,27,TOXOID BETT,1040.3,2.8,0.0,1037.5,15,14,50
11/01/2026,Cainta,27,TOXOID ABHAYTOX,56.9,0.5,0.0,56.4,8,7,50
11/01/2026,Cainta,27,PPD,12.4,0.1,0.0,12.3,13,11,50
11/01/2026,Cainta,27,HEPA B,43.3,0.5,26.1,68.9,15,18,50
11/01/2026,Cainta,27,HEPA BIG,24.3,0.5,0.0,23.8,11,10,50
11/01/2026,Cainta,27,FLU,7.7,0.3,0.0,7.4,7,6,50
11/01/2026,Cainta,27,AMOXICILLIN 500MG,1220.4,8.0,0.0,1212.4,13,13,140
11/01/2026,Cainta,27,CEFALEXIN 500 MG,2035.2,4.7,0.0,2030.5,17,16,100
11/01/2026,Cainta,27,MEFENAMIC 500 MG,2158.0,6.0,236.6,2388.6,10,9,120
11/01/2026,Cainta,27,INSULIN,1167.9,7.0,0.0,1160.9,9,8,150
11/01/2026,Cainta,27,1CC/3CC,887.8,2.7,0.0,885.1,8,8,50
11/01/2026,Cainta,27,5CC/10CC,787.5,2.7,0.0,784.8,13,15,50
11/01/2026,Cainta,27,CETIRIZINE,2055.1,5.0,0.0,2050.1,13,16,100
11/01/2026,Cainta,27,G23,726.7,1.4,0.0,725.3,15,20,50
11/01/2026,Cainta,27,G27,623.8,1.3,0.0,622.5,15,19,50
11/01/2026,Cainta,27,GAUZE PAD,153.1,2.7,0.0,150.4,16,19,50
11/01/2026,Cainta,27,COTTON BALLS,2426.5,18.9,0.0,2407.6,15,20,240
11/01/2026,Cainta,27,BETADINE,6.1,0.1,0.0,6.0,9,10,50
11/01/2026,Cainta,27,ALCOHOL,12.2,0.1,0.0,12.1,13,15,50
11/01/2026,Cainta,27,FACEMASK,13.0,5.9,179.4,186.5,10,10,100
11/01/2026,Cainta,27,GLOVES,703.1,5.9,0.0,697.2,10,10,100
11/01/2026,Cainta,27,MICROPRE,187.4,1.3,0.0,186.1,17,17,50
11/01/2026,Cainta,27,STERILE WATER,10.3,0.8,0.0,9.5,14,12,50
11/01/2026,Cainta,27,REF THERMOMETER,8.4,0.3,0.0,8.1,17,22,50
11/01/2026,Cainta,27,ACRYLIC CONTAINERS,5.6,0.5,0.0,5.1,11,9,50
11/01/2026,Cainta,27,COOLER,10.9,0.1,0.0,10.8,13,16,50
11/01/2026,Cainta,27,KIDNEY BASIN,14.6,0.5,0.0,14.1,12,16,50
11/01/2026,Cainta,27,WEIGHING SCALE,18.8,0.1,0.0,18.7,8,9,50
11/01/2026,Cainta,27,FORCEPS,6.5,0.5,0.0,6.0,9,8,50
11/01/2026,Cainta,27,BETADINE CONTAINER,4.8,0.3,0.0,4.5,12,13,50
11/01/2026,Cainta,27,ALCOHOL PUMP CONTAINER,2.5,0.3,0.0,2.2,7,7,50
12/01/2026,Cainta,58,SPEEDA,1375.2,7.8,0.0,1367.4,36,50,70
12/01/2026,Cainta,58,ABHAYRAB,2.5,3.0,7.5,7.0,17,21,50
12/01/2026,Cainta,58,VAXIRAB,58.2,3.0,0.0,55.2,19,23,50
12/01/2026,Cainta,58,CHIRORAB,91.9,2.9,0.0,89.0,32,36,50
12/01/2026,Cainta,58,ERIG,23.8,2.3,0.0,21.5,17,21,50
12/01/2026,Cainta,58,HRIG,6.1,1.1,0.0,5.0,35,43,50
12/01/2026,Cainta,58,"ATS 1,500 ""IU""",4.2,1.2,0.0,3.0,31,26,50
12/01/2026,Cainta,58,"ATS 3000 ""IU""",36.3,1.2,0.0,35.1,16,15,50
12/01/2026,Cainta,58,"ATS 5,000 ""IU""",4.1,1.2,18.0,20.9,31,25,50
12/01/2026,Cainta,58,HTIG,13.6,0.6,0.0,13.0,29,32,50
12/01/2026,Cainta,58,TOXOID BETT,1037.5,5.7,0.0,1031.8,32,42,50
12/01/2026,Cainta,58,TOXOID ABHAYTOX,56.4,1.2,0.0,55.2,34,40,50
12/01/2026,Cainta,58,PPD,12.3,0.3,0.0,12.0,31,34,50
12/01/2026,Cainta,58,HEPA B,68.9,1.2,0.0,67.7,28,38,50
12/01/2026,Cainta,58,HEPA BIG,23.8,1.2,0.0,22.6,22,20,50
12/01/2026,Cainta,58,FLU,7.4,0.6,0.0,6.8,31,26,50
12/01/2026,Cainta,58,AMOXICILLIN 500MG,1212.4,16.5,0.0,1195.9,37,50,140
12/01/2026,Cainta,58,CEFALEXIN 500 MG,2030.5,11.4,0.0,2019.1,28,38,100
12/01/2026,Cainta,58,MEFENAMIC 500 MG,2388.6,16.0,0.0,2372.6,30,36,120
12/01/2026,Cainta,58,INSULIN,1160.9,16.3,0.0,1144.6,25,24,150
12/01/2026,Cainta,58,1CC/3CC,885.1,5.4,0.0,879.7,32,44,50
12/01/2026,Cainta,58,5CC/10CC,784.8,6.3,0.0,778.5,38,48,50
12/01/2026,Cainta,58,CETIRIZINE,2050.1,13.3,0.0,2036.8,18,22,100
12/01/2026,Cainta,58,G23,725.3,2.8,0.0,722.5,19,18,50
12/01/2026,Cainta,58,G27,622.5,3.0,0.0,619.5,27,30,50
12/01/2026,Cainta,58,GAUZE PAD,150.4,5.7,0.0,144.7,26,34,50
12/01/2026,Cainta,58,COTTON BALLS,2407.6,30.6,0.0,2377.0,28,37,240
12/01/2026,Cainta,58,BETADINE,6.0,0.3,0.0,5.7,16,18,50
12/01/2026,Cainta,58,ALCOHOL,12.1,0.3,0.0,11.8,24,27,50
12/01/2026,Cainta,58,FACEMASK,186.5,10.7,131.2,307.0,28,34,100
12/01/2026,Cainta,58,GLOVES,697.2,10.8,0.0,686.4,28,31,100
12/01/2026,Cainta,58,MICROPRE,186.1,2.8,0.0,183.3,30,32,50
12/01/2026,Cainta,58,STERILE WATER,9.5,1.7,16.7,24.5,31,26,50
12/01/2026,Cainta,58,REF THERMOMETER,8.1,0.6,0.0,7.5,29,25,50
12/01/2026,Cainta,58,ACRYLIC CONTAINERS,5.1,1.2,0.0,3.9,33,41,50
12/01/2026,Cainta,58,COOLER,10.8,0.3,0.0,10.5,29,24,50
12/01/2026,Cainta,58,KIDNEY BASIN,14.1,1.2,0.0,12.9,27,22,50
12/01/2026,Cainta,58,WEIGHING SCALE,18.7,0.3,0.0,18.4,29,39,50
12/01/2026,Cainta,58,FORCEPS,6.0,1.2,0.0,4.8,17,21,50
12/01/2026,Cainta,58,BETADINE CONTAINER,4.5,0.6,0.0,3.9,21,17,50
12/01/2026,Cainta,58,ALCOHOL PUMP CONTAINER,2.2,0.6,0.0,1.6,27,27,50
13/01/2026,Cainta,23,SPEEDA,1367.4,3.5,0.0,1363.9,14,18,70
13/01/2026,Cainta,23,ABHAYRAB,7.0,1.2,46.9,52.7,12,13,50
13/01/2026,Cainta,23,VAXIRAB,55.2,1.2,0.0,54.0,7,8,50
13/01/2026,Cainta,23,CHIRORAB,89.0,1.1,0.0,87.9,11,12,50
13/01/2026,Cainta,23,ERIG,21.5,0.9,0.0,20.6,8,7,50
13/01/2026,Cainta,23,HRIG,5.0,0.5,0.0,4.5,13,16,50
13/01/2026,Cainta,23,"ATS 1,500 ""IU""",3.0,0.5,0.0,2.5,13,11,50
13/01/2026,Cainta,23,"ATS 3000 ""IU""",35.1,0.5,0.0,34.6,11,12,50
13/01/2026,Cainta,23,"ATS 5,000 ""IU""",20.9,0.5,0.0,20.4,11,10,50
13/01/2026,Cainta,23,HTIG,13.0,0.2,0.0,12.8,9,7,50
13/01/2026,Cainta,23,TOXOID BETT,1031.8,2.4,0.0,1029.4,10,9,50
13/01/2026,Cainta,23,TOXOID ABHAYTOX,55.2,0.5,32.7,87.4,14,19,50
13/01/2026,Cainta,23,PPD,12.0,0.1,0.0,11.9,12,11,50
13/01/2026,Cainta,23,HEPA B,67.7,0.5,0.0,67.2,11,11,50
13/01/2026,Cainta,23,HEPA BIG,22.6,0.5,0.0,22.1,9,8,50
13/01/2026,Cainta,23,FLU,6.8,0.2,0.0,6.6,6,7,50
13/01/2026,Cainta,23,AMOXICILLIN 500MG,1195.9,6.7,0.0,1189.2,7,7,140
13/01/2026,Cainta,23,CEFALEXIN 500 MG,2019.1,5.3,0.0,2013.8,8,11,100
13/01/2026,Cainta,23,MEFENAMIC 500 MG,2372.6,4.9,0.0,2367.7,9,11,120
13/01/2026,Cainta,23,INSULIN,1144.6,7.7,0.0,1136.9,14,16,150
13/01/2026,Cainta,23,1CC/3CC,879.7,2.2,0.0,877.5,10,12,50
13/01/2026,Cainta,23,5CC/10CC,778.5,2.5,0.0,776.0,8,7,50
13/01/2026,Cainta,23,CETIRIZINE,2036.8,5.6,140.5,2171.7,7,10,100
13/01/2026,Cainta,23,G23,722.5,1.1,0.0,721.4,9,12,50
13/01/2026,Cainta,23,G27,619.5,1.1,0.0,618.4,13,13,50
13/01/2026,Cainta,23,GAUZE PAD,144.7,2.4,16.6,158.9,9,11,50
13/01/2026,Cainta,23,COTTON BALLS,2377.0,10.6,0.0,2366.4,13,12,240
13/01/2026,Cainta,23,BETADINE,5.7,0.1,0.0,5.6,13,15,50
13/01/2026,Cainta,23,ALCOHOL,11.8,0.1,0.0,11.7,7,9,50
13/01/2026,Cainta,23,FACEMASK,307.0,3.8,0.0,303.2,11,15,100
13/01/2026,Cainta,23,GLOVES,686.4,4.6,0.0,681.8,15,15,100
13/01/2026,Cainta,23,MICROPRE,183.3,1.1,0.0,182.2,9,11,50
13/01/2026,Cainta,23,STERILE WATER,24.5,0.7,0.0,23.8,6,7,50
13/01/2026,Cainta,23,REF THERMOMETER,7.5,0.2,0.0,7.3,14,13,50
13/01/2026,Cainta,23,ACRYLIC CONTAINERS,3.9,0.5,0.0,3.4,14,16,50
13/01/2026,Cainta,23,COOLER,10.5,0.1,0.0,10.4,11,13,50
13/01/2026,Cainta,23,KIDNEY BASIN,12.9,0.5,0.0,12.4,11,14,50
13/01/2026,Cainta,23,WEIGHING SCALE,18.4,0.1,0.0,18.3,8,11,50
13/01/2026,Cainta,23,FORCEPS,4.8,0.5,13.4,17.7,13,11,50
13/01/2026,Cainta,23,BETADINE CONTAINER,3.9,0.2,0.0,3.7,10,9,50
13/01/2026,Cainta,23,ALCOHOL PUMP CONTAINER,1.6,0.2,0.0,1.4,6,5,50
14/01/2026,Cainta,36,SPEEDA,1363.9,5.8,0.0,1358.1,19,17,70
14/01/2026,Cainta,36,ABHAYRAB,52.7,1.8,0.0,50.9,23,25,50
14/01/2026,Cainta,36,VAXIRAB,54.0,1.8,22.0,74.2,21,28,50
14/01/2026,Cainta,36,CHIRORAB,87.9,1.7,0.0,86.2,13,14,50
14/01/2026,Cainta,36,ERIG,20.6,1.4,0.0,19.2,10,12,50
14/01/2026,Cainta,36,HRIG,4.5,0.7,0.0,3.8,23,24,50
14/01/2026,Cainta,36,"ATS 1,500 ""IU""",2.5,0.7,0.0,1.8,22,22,50
14/01/2026,Cainta,36,"ATS 3000 ""IU""",34.6,0.7,0.0,33.9,17,22,50
14/01/2026,Cainta,36,"ATS 5,000 ""IU""",20.4,0.7,0.0,19.7,18,21,50
14/01/2026,Cainta,36,HTIG,12.8,0.4,0.0,12.4,16,16,50
14/01/2026,Cainta,36,TOXOID BETT,1029.4,3.7,169.1,1194.8,15,20,50
14/01/2026,Cainta,36,TOXOID ABHAYTOX,87.4,0.7,0.0,86.7,11,12,50
14/01/2026,Cainta,36,PPD,11.9,0.2,0.0,11.7,10,9,50
14/01/2026,Cainta,36,HEPA B,67.2,0.7,0.0,66.5,12,13,50
14/01/2026,Cainta,36,HEPA BIG,22.1,0.7,0.0,21.4,21,25,50
14/01/2026,Cainta,36,FLU,6.6,0.4,0.0,6.2,11,11,50
14/01/2026,Cainta,36,AMOXICILLIN 500MG,1189.2,7.7,0.0,1181.5,12,16,140
14/01/2026,Cainta,36,CEFALEXIN 500 MG,2013.8,7.0,0.0,2006.8,17,19,100
14/01/2026,Cainta,36,MEFENAMIC 500 MG,2367.7,8.1,0.0,2359.6,12,13,120
14/01/2026,Cainta,36,INSULIN,1136.9,11.1,137.9,1263.7,11,14,150
14/01/2026,Cainta,36,1CC/3CC,877.5,4.2,0.0,873.3,17,18,50
14/01/2026,Cainta,36,5CC/10CC,776.0,3.7,199.6,971.9,14,15,50
14/01/2026,Cainta,36,CETIRIZINE,2171.7,7.0,0.0,2164.7,18,16,100
14/01/2026,Cainta,36,G23,721.4,1.9,0.0,719.5,22,22,50
14/01/2026,Cainta,36,G27,618.4,1.8,0.0,616.6,11,11,50
14/01/2026,Cainta,36,GAUZE PAD,158.9,3.7,43.9,199.1,22,20,50
14/01/2026,Cainta,36,COTTON BALLS,2366.4,20.3,0.0,2346.1,22,25,240
14/01/2026,Cainta,36,BETADINE,5.6,0.2,0.0,5.4,21,19,50
14/01/2026,Cainta,36,ALCOHOL,11.7,0.2,0.0,11.5,18,17,50
14/01/2026,Cainta,36,FACEMASK,303.2,7.5,188.6,484.3,18,20,100
14/01/2026,Cainta,36,GLOVES,681.8,6.6,0.0,675.2,18,17,100
14/01/2026,Cainta,36,MICROPRE,182.2,1.8,0.0,180.4,19,22,50
14/01/2026,Cainta,36,STERILE WATER,23.8,1.1,0.0,22.7,9,11,50
14/01/2026,Cainta,36,REF THERMOMETER,7.3,0.4,0.0,6.9,23,23,50
14/01/2026,Cainta,36,ACRYLIC CONTAINERS,3.4,0.7,0.0,2.7,17,14,50
14/01/2026,Cainta,36,COOLER,10.4,0.2,0.0,10.2,20,22,50
14/01/2026,Cainta,36,KIDNEY BASIN,12.4,0.7,0.0,11.7,14,12,50
14/01/2026,Cainta,36,WEIGHING SCALE,18.3,0.2,0.0,18.1,9,10,50
14/01/2026,Cainta,36,FORCEPS,17.7,0.7,0.0,17.0,16,20,50
14/01/2026,Cainta,36,BETADINE CONTAINER,3.7,0.4,0.0,3.3,16,19,50
14/01/2026,Cainta,36,ALCOHOL PUMP CONTAINER,1.4,0.4,0.0,1.0,15,16,50
15/01/2026,Cainta,83,SPEEDA,1358.1,12.2,0.0,1345.9,32,44,70
15/01/2026,Cainta,83,ABHAYRAB,50.9,4.1,0.0,46.8,29,25,50
15/01/2026,Cainta,83,VAXIRAB,74.2,4.5,0.0,69.7,38,50,50
15/01/2026,Cainta,83,CHIRORAB,86.2,4.2,0.0,82.0,33,42,50
15/01/2026,Cainta,83,ERIG,19.2,3.2,15.6,31.6,53,56,50
15/01/2026,Cainta,83,HRIG,3.8,1.7,0.0,2.1,26,23,50
15/01/2026,Cainta,83,"ATS 1,500 ""IU""",1.8,1.7,0.0,0.1,31,28,50
15/01/2026,Cainta,83,"ATS 3000 ""IU""",33.9,1.7,0.0,32.2,31,42,50
15/01/2026,Cainta,83,"ATS 5,000 ""IU""",19.7,1.6,0.0,18.1,39,37,50
15/01/2026,Cainta,83,HTIG,12.4,0.8,0.0,11.6,37,49,50
15/01/2026,Cainta,83,TOXOID BETT,1194.8,9.1,0.0,1185.7,42,46,50
15/01/2026,Cainta,83,TOXOID ABHAYTOX,86.7,1.7,0.0,85.0,52,56,50
15/01/2026,Cainta,83,PPD,11.7,0.4,0.0,11.3,30,35,50
15/01/2026,Cainta,83,HEPA B,66.5,1.7,0.0,64.8,44,41,50
15/01/2026,Cainta,83,HEPA BIG,21.4,1.6,0.0,19.8,22,23,50
15/01/2026,Cainta,83,FLU,6.2,0.8,0.0,5.4,29,40,50
15/01/2026,Cainta,83,AMOXICILLIN 500MG,1181.5,26.2,0.0,1155.3,36,34,140
15/01/2026,Cainta,83,CEFALEXIN 500 MG,2006.8,18.2,0.0,1988.6,22,30,100
15/01/2026,Cainta,83,MEFENAMIC 500 MG,2359.6,18.4,0.0,2341.2,41,57,120
15/01/2026,Cainta,83,INSULIN,1263.7,25.2,0.0,1238.5,43,36,150
15/01/2026,Cainta,83,1CC/3CC,873.3,7.9,0.0,865.4,46,51,50
15/01/2026,Cainta,83,5CC/10CC,971.9,8.4,0.0,963.5,38,34,50
15/01/2026,Cainta,83,CETIRIZINE,2164.7,15.2,0.0,2149.5,41,48,100
15/01/2026,Cainta,83,G23,719.5,4.1,0.0,715.4,34,47,50
15/01/2026,Cainta,83,G27,616.6,4.0,0.0,612.6,22,29,50
15/01/2026,Cainta,83,GAUZE PAD,199.1,8.6,49.7,240.2,24,33,50
15/01/2026,Cainta,83,COTTON BALLS,2346.1,49.3,0.0,2296.8,42,39,240
15/01/2026,Cainta,83,BETADINE,5.4,0.4,0.0,5.0,54,61,50
15/01/2026,Cainta,83,ALCOHOL,11.5,0.4,0.0,11.1,21,20,50
15/01/2026,Cainta,83,FACEMASK,484.3,14.4,0.0,469.9,39,52,100
15/01/2026,Cainta,83,GLOVES,675.2,16.1,148.5,807.6,46,42,100
15/01/2026,Cainta,83,MICROPRE,180.4,4.1,0.0,176.3,48,43,50
15/01/2026,Cainta,83,STERILE WATER,22.7,2.6,0.0,20.1,39,31,50
15/01/2026,Cainta,83,REF THERMOMETER,6.9,0.8,0.0,6.1,41,37,50
15/01/2026,Cainta,83,ACRYLIC CONTAINERS,2.7,1.7,0.0,1.0,44,40,50
15/01/2026,Cainta,83,COOLER,10.2,0.4,0.0,9.8,49,41,50
15/01/2026,Cainta,83,KIDNEY BASIN,11.7,1.7,0.0,10.0,25,33,50
15/01/2026,Cainta,83,WEIGHING SCALE,18.1,0.4,0.0,17.7,51,65,50
15/01/2026,Cainta,83,FORCEPS,17.0,1.7,0.0,15.3,22,21,50
15/01/2026,Cainta,83,BETADINE CONTAINER,3.3,0.8,0.0,2.5,49,62,50
15/01/2026,Cainta,83,ALCOHOL PUMP CONTAINER,1.0,0.8,0.0,0.2,23,24,50
16/01/2026,Cainta,27,SPEEDA,1345.9,4.5,0.0,1341.4,9,11,70
16/01/2026,Cainta,27,ABHAYRAB,46.8,1.4,0.0,45.4,7,7,50
16/01/2026,Cainta,27,VAXIRAB,69.7,1.3,0.0,68.4,12,14,50
16/01/2026,Cainta,27,CHIRORAB,82.0,1.3,0.0,80.7,10,10,50
16/01/2026,Cainta,27,ERIG,31.6,1.1,0.0,30.5,9,8,50
16/01/2026,Cainta,27,HRIG,2.1,0.5,15.5,17.1,12,14,50
16/01/2026,Cainta,27,"ATS 1,500 ""IU""",0.1,0.5,9.4,9.0,11,14,50
16/01/2026,Cainta,27,"ATS 3000 ""IU""",32.2,0.5,0.0,31.7,15,19,50
16/01/2026,Cainta,27,"ATS 5,000 ""IU""",18.1,0.5,0.0,17.6,16,16,50
16/01/2026,Cainta,27,HTIG,11.6,0.3,0.0,11.3,14,16,50
16/01/2026,Cainta,27,TOXOID BETT,1185.7,2.7,0.0,1183.0,8,10,50
16/01/2026,Cainta,27,TOXOID ABHAYTOX,85.0,0.5,0.0,84.5,10,8,50
16/01/2026,Cainta,27,PPD,11.3,0.1,0.0,11.2,17,14,50
16/01/2026,Cainta,27,HEPA B,64.8,0.5,0.0,64.3,8,8,50
16/01/2026,Cainta,27,HEPA BIG,19.8,0.5,0.0,19.3,11,10,50
16/01/2026,Cainta,27,FLU,5.4,0.3,0.0,5.1,17,17,50
16/01/2026,Cainta,27,AMOXICILLIN 500MG,1155.3,7.5,0.0,1147.8,17,15,140
16/01/2026,Cainta,27,CEFALEXIN 500 MG,1988.6,4.5,0.0,1984.1,11,13,100
16/01/2026,Cainta,27,MEFENAMIC 500 MG,2341.2,7.3,375.4,2709.3,14,17,120
16/01/2026,Cainta,27,INSULIN,1238.5,7.4,0.0,1231.1,12,15,150
16/01/2026,Cainta,27,1CC/3CC,865.4,2.5,157.5,1020.4,15,18,50
16/01/2026,Cainta,27,5CC/10CC,963.5,2.6,0.0,960.9,7,7,50
16/01/2026,Cainta,27,CETIRIZINE,2149.5,5.3,0.0,2144.2,8,11,100
16/01/2026,Cainta,27,G23,715.4,1.3,0.0,714.1,13,16,50
16/01/2026,Cainta,27,G27,612.6,1.3,108.7,720.0,9,10,50
16/01/2026,Cainta,27,GAUZE PAD,240.2,2.8,0.0,237.4,14,13,50
16/01/2026,Cainta,27,COTTON BALLS,2296.8,17.4,0.0,2279.4,11,13,240
16/01/2026,Cainta,27,BETADINE,5.0,0.1,0.0,4.9,16,18,50
16/01/2026,Cainta,27,ALCOHOL,11.1,0.1,0.0,11.0,16,19,50
16/01/2026,Cainta,27,FACEMASK,469.9,5.3,0.0,464.6,12,15,100
16/01/2026,Cainta,27,GLOVES,807.6,5.4,0.0,802.2,15,20,100
16/01/2026,Cainta,27,MICROPRE,176.3,1.4,0.0,174.9,10,14,50
16/01/2026,Cainta,27,STERILE WATER,20.1,0.8,0.0,19.3,12,14,50
16/01/2026,Cainta,27,REF THERMOMETER,6.1,0.3,0.0,5.8,9,12,50
16/01/2026,Cainta,27,ACRYLIC CONTAINERS,1.0,0.5,0.0,0.5,16,22,50
16/01/2026,Cainta,27,COOLER,9.8,0.1,0.0,9.7,16,13,50
16/01/2026,Cainta,27,KIDNEY BASIN,10.0,0.5,0.0,9.5,16,19,50
16/01/2026,Cainta,27,WEIGHING SCALE,17.7,0.1,0.0,17.6,16,15,50
16/01/2026,Cainta,27,FORCEPS,15.3,0.5,0.0,14.8,17,17,50
16/01/2026,Cainta,27,BETADINE CONTAINER,2.5,0.3,0.0,2.2,9,9,50
16/01/2026,Cainta,27,ALCOHOL PUMP CONTAINER,0.2,0.3,10.1,10.0,17,19,50
17/01/2026,Cainta,95,SPEEDA,1341.4,14.7,0.0,1326.7,45,36,70
17/01/2026,Cainta,95,ABHAYRAB,45.4,4.6,0.0,40.8,40,38,50
17/01/2026,Cainta,95,VAXIRAB,68.4,5.0,0.0,63.4,45,37,50
17/01/2026,Cainta,95,CHIRORAB,80.7,4.9,0.0,75.8,37,44,50
17/01/2026,Cainta,95,ERIG,30.5,3.8,0.0,26.7,35,47,50
17/01/2026,Cainta,95,HRIG,17.1,1.9,0.0,15.2,33,46,50
17/01/2026,Cainta,95,"ATS 1,500 ""IU""",9.0,1.9,0.0,7.1,27,29,50
17/01/2026,Cainta,95,"ATS 3000 ""IU""",31.7,1.9,0.0,29.8,43,41,50
17/01/2026,Cainta,95,"ATS 5,000 ""IU""",17.6,1.9,0.0,15.7,57,75,50
17/01/2026,Cainta,95,HTIG,11.3,1.0,0.0,10.3,48,42,50
17/01/2026,Cainta,95,TOXOID BETT,1183.0,10.3,0.0,1172.7,44,61,50
17/01/2026,Cainta,95,TOXOID ABHAYTOX,84.5,1.9,0.0,82.6,40,49,50
17/01/2026,Cainta,95,PPD,11.2,0.5,0.0,10.7,41,45,50
17/01/2026,Cainta,95,HEPA B,64.3,1.9,0.0,62.4,32,27,50
17/01/2026,Cainta,95,HEPA BIG,19.3,1.9,0.0,17.4,55,45,50
17/01/2026,Cainta,95,FLU,5.1,1.0,0.0,4.1,31,35,50
17/01/2026,Cainta,95,AMOXICILLIN 500MG,1147.8,37.4,341.0,1451.4,51,53,140
17/01/2026,Cainta,95,CEFALEXIN 500 MG,1984.1,18.6,0.0,1965.5,53,69,100
17/01/2026,Cainta,95,MEFENAMIC 500 MG,2709.3,21.5,0.0,2687.8,46,55,120
17/01/2026,Cainta,95,INSULIN,1231.1,25.8,0.0,1205.3,57,60,150
17/01/2026,Cainta,95,1CC/3CC,1020.4,9.0,0.0,1011.4,35,33,50
17/01/2026,Cainta,95,5CC/10CC,960.9,9.1,0.0,951.8,57,62,50
17/01/2026,Cainta,95,CETIRIZINE,2144.2,18.3,249.1,2375.0,51,46,100
17/01/2026,Cainta,95,G23,714.1,4.6,0.0,709.5,54,65,50
17/01/2026,Cainta,95,G27,720.0,4.8,0.0,715.2,49,57,50
17/01/2026,Cainta,95,GAUZE PAD,237.4,9.9,45.4,272.9,56,72,50
17/01/2026,Cainta,95,COTTON BALLS,2279.4,39.6,383.6,2623.4,61,65,240
17/01/2026,Cainta,95,BETADINE,4.9,0.5,0.0,4.4,40,39,50
17/01/2026,Cainta,95,ALCOHOL,11.0,0.5,0.0,10.5,55,72,50
17/01/2026,Cainta,95,FACEMASK,464.6,21.1,0.0,443.5,52,63,100
17/01/2026,Cainta,95,GLOVES,802.2,17.8,0.0,784.4,41,50,100
17/01/2026,Cainta,95,MICROPRE,174.9,4.9,0.0,170.0,59,66,50
17/01/2026,Cainta,95,STERILE WATER,19.3,2.8,15.1,31.6,39,52,50
17/01/2026,Cainta,95,REF THERMOMETER,5.8,1.0,0.0,4.8,45,42,50
17/01/2026,Cainta,95,ACRYLIC CONTAINERS,0.5,1.9,17.7,16.3,28,29,50
17/01/2026,Cainta,95,COOLER,9.7,0.5,0.0,9.2,32,41,50
17/01/2026,Cainta,95,KIDNEY BASIN,9.5,1.9,0.0,7.6,56,49,50
17/01/2026,Cainta,95,WEIGHING SCALE,17.6,0.5,0.0,17.1,39,50,50
17/01/2026,Cainta,95,FORCEPS,14.8,1.9,0.0,12.9,39,39,50
17/01/2026,Cainta,95,BETADINE CONTAINER,2.2,0.9,0.0,1.3,33,29,50
17/01/2026,Cainta,95,ALCOHOL PUMP CONTAINER,10.0,1.0,0.0,9.0,42,36,50
18/01/2026,Cainta,17,SPEEDA,1326.7,2.3,0.0,1324.4,10,13,70
18/01/2026,Cainta,17,ABHAYRAB,40.8,0.9,0.0,39.9,10,13,50
18/01/2026,Cainta,17,VAXIRAB,63.4,0.8,0.0,62.6,5,5,50
18/01/2026,Cainta,17,CHIRORAB,75.8,0.9,0.0,74.9,8,7,50
18/01/2026,Cainta,17,ERIG,26.7,0.7,0.0,26.0,7,7,50
18/01/2026,Cainta,17,HRIG,15.2,0.3,0.0,14.9,8,7,50
18/01/2026,Cainta,17,"ATS 1,500 ""IU""",7.1,0.3,0.0,6.8,7,9,50
18/01/2026,Cainta,17,"ATS 3000 ""IU""",29.8,0.3,10.4,39.9,7,7,50
18/01/2026,Cainta,17,"ATS 5,000 ""IU""",15.7,0.3,0.0,15.4,7,7,50
18/01/2026,Cainta,17,HTIG,10.3,0.2,0.0,10.1,8,7,50
18/01/2026,Cainta,17,TOXOID BETT,1172.7,1.5,0.0,1171.2,8,9,50
18/01/2026,Cainta,17,TOXOID ABHAYTOX,82.6,0.3,0.0,82.3,7,8,50
18/01/2026,Cainta,17,PPD,10.7,0.1,0.0,10.6,10,12,50
18/01/2026,Cainta,17,HEPA B,62.4,0.3,0.0,62.1,9,10,50
18/01/2026,Cainta,17,HEPA BIG,17.4,0.3,0.0,17.1,7,10,50
18/01/2026,Cainta,17,FLU,4.1,0.2,0.0,3.9,10,11,50
18/01/2026,Cainta,17,AMOXICILLIN 500MG,1451.4,4.9,0.0,1446.5,10,13,140
18/01/2026,Cainta,17,CEFALEXIN 500 MG,1965.5,3.3,0.0,1962.2,5,6,100
18/01/2026,Cainta,17,MEFENAMIC 500 MG,2687.8,4.6,0.0,2683.2,8,7,120
18/01/2026,Cainta,17,INSULIN,1205.3,5.4,0.0,1199.9,6,8,150
18/01/2026,Cainta,17,1CC/3CC,1011.4,1.7,0.0,1009.7,9,10,50
18/01/2026,Cainta,17,5CC/10CC,951.8,1.7,0.0,950.1,6,7,50
18/01/2026,Cainta,17,CETIRIZINE,2375.0,2.9,0.0,2372.1,9,8,100
18/01/2026,Cainta,17,G23,709.5,0.9,0.0,708.6,6,6,50
18/01/2026,Cainta,17,G27,715.2,0.9,83.1,797.4,8,11,50
18/01/2026,Cainta,17,GAUZE PAD,272.9,1.6,0.0,271.3,11,10,50
18/01/2026,Cainta,17,COTTON BALLS,2623.4,8.1,0.0,2615.3,7,6,240
18/01/2026,Cainta,17,BETADINE,4.4,0.1,0.0,4.3,10,10,50
18/01/2026,Cainta,17,ALCOHOL,10.5,0.1,0.0,10.4,11,12,50
18/01/2026,Cainta,17,FACEMASK,443.5,3.5,0.0,440.0,10,13,100
18/01/2026,Cainta,17,GLOVES,784.4,3.9,0.0,780.5,5,6,100
18/01/2026,Cainta,17,MICROPRE,170.0,0.9,0.0,169.1,10,14,50
18/01/2026,Cainta,17,STERILE WATER,31.6,0.5,17.9,49.0,4,4,50
18/01/2026,Cainta,17,REF THERMOMETER,4.8,0.2,0.0,4.6,7,7,50
18/01/2026,Cainta,17,ACRYLIC CONTAINERS,16.3,0.3,0.0,16.0,10,9,50
18/01/2026,Cainta,17,COOLER,9.2,0.1,0.0,9.1,9,8,50
18/01/2026,Cainta,17,KIDNEY BASIN,7.6,0.3,5.9,13.2,8,10,50
18/01/2026,Cainta,17,WEIGHING SCALE,17.1,0.1,0.0,17.0,7,6,50
18/01/2026,Cainta,17,FORCEPS,12.9,0.3,0.0,12.6,10,9,50
18/01/2026,Cainta,17,BETADINE CONTAINER,1.3,0.2,0.0,1.1,9,12,50
18/01/2026,Cainta,17,ALCOHOL PUMP CONTAINER,9.0,0.2,0.0,8.8,7,8,50
19/01/2026,Cainta,31,SPEEDA,1324.4,4.7,0.0,1319.7,19,16,70
19/01/2026,Cainta,31,ABHAYRAB,39.9,1.6,0.0,38.3,11,13,50
19/01/2026,Cainta,31,VAXIRAB,62.6,1.5,43.8,104.9,10,11,50
19/01/2026,Cainta,31,CHIRORAB,74.9,1.6,0.0,73.3,16,21,50
19/01/2026,Cainta,31,ERIG,26.0,1.2,0.0,24.8,20,24,50
19/01/2026,Cainta,31,HRIG,14.9,0.6,0.0,14.3,11,9,50
19/01/2026,Cainta,31,"ATS 1,500 ""IU""",6.8,0.6,0.0,6.2,11,10,50
19/01/2026,Cainta,31,"ATS 3000 ""IU""",39.9,0.6,0.0,39.3,9,9,50
19/01/2026,Cainta,31,"ATS 5,000 ""IU""",15.4,0.6,0.0,14.8,18,22,50
19/01/2026,Cainta,31,HTIG,10.1,0.3,0.0,9.8,11,12,50
19/01/2026,Cainta,31,TOXOID BETT,1171.2,3.2,0.0,1168.0,14,17,50
19/01/2026,Cainta,31,TOXOID ABHAYTOX,82.3,0.6,0.0,81.7,20,22,50
19/01/2026,Cainta,31,PPD,10.6,0.2,0.0,10.4,8,8,50
19/01/2026,Cainta,31,HEPA B,62.1,0.6,0.0,61.5,15,13,50
19/01/2026,Cainta,31,HEPA BIG,17.1,0.6,0.0,16.5,14,13,50
19/01/2026,Cainta,31,FLU,3.9,0.3,0.0,3.6,18,19,50
19/01/2026,Cainta,31,AMOXICILLIN 500MG,1446.5,7.9,0.0,1438.6,12,14,140
19/01/2026,Cainta,31,CEFALEXIN 500 MG,1962.2,7.2,325.7,2280.7,13,18,100
19/01/2026,Cainta,31,MEFENAMIC 500 MG,2683.2,9.8,0.0,2673.4,10,9,120
19/01/2026,Cainta,31,INSULIN,1199.9,9.3,101.6,1292.2,17,20,150
19/01/2026,Cainta,31,1CC/3CC,1009.7,3.3,0.0,1006.4,17,15,50
19/01/2026,Cainta,31,5CC/10CC,950.1,3.3,0.0,946.8,9,11,50
19/01/2026,Cainta,31,CETIRIZINE,2372.1,5.8,0.0,2366.3,13,10,100
19/01/2026,Cainta,31,G23,708.6,1.5,0.0,707.1,19,23,50
19/01/2026,Cainta,31,G27,797.4,1.6,0.0,795.8,8,7,50
19/01/2026,Cainta,31,GAUZE PAD,271.3,3.4,0.0,267.9,11,10,50
19/01/2026,Cainta,31,COTTON BALLS,2615.3,17.3,0.0,2598.0,15,17,240
19/01/2026,Cainta,31,BETADINE,4.3,0.2,0.0,4.1,12,12,50
19/01/2026,Cainta,31,ALCOHOL,10.4,0.2,0.0,10.2,11,12,50
19/01/2026,Cainta,31,FACEMASK,440.0,5.9,0.0,434.1,13,13,100
19/01/2026,Cainta,31,GLOVES,780.5,6.0,0.0,774.5,10,14,100
19/01/2026,Cainta,31,MICROPRE,169.1,1.6,0.0,167.5,14,14,50
19/01/2026,Cainta,31,STERILE WATER,49.0,1.0,28.1,76.1,17,19,50
19/01/2026,Cainta,31,REF THERMOMETER,4.6,0.3,0.0,4.3,15,20,50
19/01/2026,Cainta,31,ACRYLIC CONTAINERS,16.0,0.6,0.0,15.4,9,11,50
19/01/2026,Cainta,31,COOLER,9.1,0.2,0.0,8.9,18,18,50
19/01/2026,Cainta,31,KIDNEY BASIN,13.2,0.6,0.0,12.6,10,11,50
19/01/2026,Cainta,31,WEIGHING SCALE,17.0,0.2,0.0,16.8,17,14,50
19/01/2026,Cainta,31,FORCEPS,12.6,0.6,0.0,12.0,12,14,50
19/01/2026,Cainta,31,BETADINE CONTAINER,1.1,0.3,0.0,0.8,17,18,50
19/01/2026,Cainta,31,ALCOHOL PUMP CONTAINER,8.8,0.3,0.0,8.5,10,13,50
20/01/2026,Cainta,27,SPEEDA,1319.7,3.7,0.0,1316.0,9,12,70
20/01/2026,Cainta,27,ABHAYRAB,38.3,1.4,0.0,36.9,12,11,50
20/01/2026,Cainta,27,VAXIRAB,104.9,1.3,0.0,103.6,7,6,50
20/01/2026,Cainta,27,CHIRORAB,73.3,1.4,0.0,71.9,9,9,50
20/01/2026,Cainta,27,ERIG,24.8,1.1,11.6,35.3,15,17,50
20/01/2026,Cainta,27,HRIG,14.3,0.5,0.0,13.8,16,16,50
20/01/2026,Cainta,27,"ATS 1,500 ""IU""",6.2,0.5,0.0,5.7,8,9,50
20/01/2026,Cainta,27,"ATS 3000 ""IU""",39.3,0.5,0.0,38.8,16,18,50
20/01/2026,Cainta,27,"ATS 5,000 ""IU""",14.8,0.5,0.0,14.3,15,20,50
20/01/2026,Cainta,27,HTIG,9.8,0.3,0.0,9.5,16,17,50
20/01/2026,Cainta,27,TOXOID BETT,1168.0,2.6,0.0,1165.4,14,12,50
20/01/2026,Cainta,27,TOXOID ABHAYTOX,81.7,0.5,0.0,81.2,14,14,50
20/01/2026,Cainta,27,PPD,10.4,0.1,0.0,10.3,12,14,50
20/01/2026,Cainta,27,HEPA B,61.5,0.5,0.0,61.0,14,13,50
20/01/2026,Cainta,27,HEPA BIG,16.5,0.5,0.0,16.0,17,16,50
20/01/2026,Cainta,27,FLU,3.6,0.3,0.0,3.3,8,8,50
20/01/2026,Cainta,27,AMOXICILLIN 500MG,1438.6,7.4,0.0,1431.2,10,12,140
20/01/2026,Cainta,27,CEFALEXIN 500 MG,2280.7,5.5,0.0,2275.2,8,11,100
20/01/2026,Cainta,27,MEFENAMIC 500 MG,2673.4,7.4,0.0,2666.0,17,17,120
20/01/2026,Cainta,27,INSULIN,1292.2,8.1,155.1,1439.2,12,11,150
20/01/2026,Cainta,27,1CC/3CC,1006.4,2.8,0.0,1003.6,14,15,50
20/01/2026,Cainta,27,5CC/10CC,946.8,2.6,0.0,944.2,16,16,50
20/01/2026,Cainta,27,CETIRIZINE,2366.3,5.3,129.9,2490.9,17,24,100
20/01/2026,Cainta,27,G23,707.1,1.3,0.0,705.8,8,9,50
20/01/2026,Cainta,27,G27,795.8,1.3,0.0,794.5,15,18,50
20/01/2026,Cainta,27,GAUZE PAD,267.9,2.7,0.0,265.2,16,22,50
20/01/2026,Cainta,27,COTTON BALLS,2598.0,9.9,142.3,2730.4,7,8,240
20/01/2026,Cainta,27,BETADINE,4.1,0.1,0.0,4.0,15,14,50
20/01/2026,Cainta,27,ALCOHOL,10.2,0.1,0.0,10.1,11,13,50
20/01/2026,Cainta,27,FACEMASK,434.1,5.3,0.0,428.8,14,15,100
20/01/2026,Cainta,27,GLOVES,774.5,5.3,0.0,769.2,12,13,100
20/01/2026,Cainta,27,MICROPRE,167.5,1.3,0.0,166.2,10,14,50
20/01/2026,Cainta,27,STERILE WATER,76.1,0.8,0.0,75.3,8,8,50
20/01/2026,Cainta,27,REF THERMOMETER,4.3,0.3,0.0,4.0,8,9,50
20/01/2026,Cainta,27,ACRYLIC CONTAINERS,15.4,0.5,0.0,14.9,8,7,50
20/01/2026,Cainta,27,COOLER,8.9,0.1,0.0,8.8,14,13,50
20/01/2026,Cainta,27,KIDNEY BASIN,12.6,0.5,0.0,12.1,11,13,50
20/01/2026,Cainta,27,WEIGHING SCALE,16.8,0.1,0.0,16.7,9,11,50
20/01/2026,Cainta,27,FORCEPS,12.0,0.5,0.0,11.5,14,17,50
20/01/2026,Cainta,27,BETADINE CONTAINER,0.8,0.3,0.0,0.5,14,14,50
20/01/2026,Cainta,27,ALCOHOL PUMP CONTAINER,8.5,0.3,0.0,8.2,13,11,50
21/01/2026,Cainta,55,SPEEDA,1316.0,8.0,0.0,1308.0,34,37,70
21/01/2026,Cainta,55,ABHAYRAB,36.9,2.8,0.0,34.1,22,24,50
21/01/2026,Cainta,55,VAXIRAB,103.6,2.8,0.0,100.8,32,40,50
21/01/2026,Cainta,55,CHIRORAB,71.9,2.7,0.0,69.2,15,18,50
21/01/2026,Cainta,55,ERIG,35.3,2.2,0.0,33.1,30,40,50
21/01/2026,Cainta,55,HRIG,13.8,1.1,0.0,12.7,35,44,50
21/01/2026,Cainta,55,"ATS 1,500 ""IU""",5.7,1.1,26.3,30.9,32,33,50
21/01/2026,Cainta,55,"ATS 3000 ""IU""",38.8,1.1,0.0,37.7,27,32,50
21/01/2026,Cainta,55,"ATS 5,000 ""IU""",14.3,1.1,0.0,13.2,28,35,50
21/01/2026,Cainta,55,HTIG,9.5,0.5,0.0,9.0,22,30,50
21/01/2026,Cainta,55,TOXOID BETT,1165.4,5.4,0.0,1160.0,29,31,50
21/01/2026,Cainta,55,TOXOID ABHAYTOX,81.2,1.1,44.8,124.9,31,37,50
21/01/2026,Cainta,55,PPD,10.3,0.3,0.0,10.0,36,37,50
21/01/2026,Cainta,55,HEPA B,61.0,1.1,0.0,59.9,25,31,50
21/01/2026,Cainta,55,HEPA BIG,16.0,1.1,0.0,14.9,15,20,50
21/01/2026,Cainta,55,FLU,3.3,0.5,0.0,2.8,27,36,50
21/01/2026,Cainta,55,AMOXICILLIN 500MG,1431.2,16.3,0.0,1414.9,16,14,140
21/01/2026,Cainta,55,CEFALEXIN 500 MG,2275.2,9.2,0.0,2266.0,19,18,100
21/01/2026,Cainta,55,MEFENAMIC 500 MG,2666.0,13.6,0.0,2652.4,21,26,120
21/01/2026,Cainta,55,INSULIN,1439.2,14.6,0.0,1424.6,30,35,150
21/01/2026,Cainta,55,1CC/3CC,1003.6,5.8,0.0,997.8,18,24,50
21/01/2026,Cainta,55,5CC/10CC,944.2,5.4,0.0,938.8,17,17,50
21/01/2026,Cainta,55,CETIRIZINE,2490.9,10.9,0.0,2480.0,15,20,100
21/01/2026,Cainta,55,G23,705.8,2.7,0.0,703.1,33,40,50
21/01/2026,Cainta,55,G27,794.5,2.9,0.0,791.6,29,27,50
21/01/2026,Cainta,55,GAUZE PAD,265.2,5.4,0.0,259.8,15,13,50
21/01/2026,Cainta,55,COTTON BALLS,2730.4,39.7,0.0,2690.7,14,17,240
21/01/2026,Cainta,55,BETADINE,4.0,0.3,0.0,3.7,26,23,50
21/01/2026,Cainta,55,ALCOHOL,10.1,0.3,0.0,9.8,20,26,50
21/01/2026,Cainta,55,FACEMASK,428.8,11.4,0.0,417.4,27,31,100
21/01/2026,Cainta,55,GLOVES,769.2,11.4,177.7,935.5,23,25,100
21/01/2026,Cainta,55,MICROPRE,166.2,2.6,0.0,163.6,34,33,50
21/01/2026,Cainta,55,STERILE WATER,75.3,1.6,13.9,87.6,20,28,50
21/01/2026,Cainta,55,REF THERMOMETER,4.0,0.6,0.0,3.4,29,36,50
21/01/2026,Cainta,55,ACRYLIC CONTAINERS,14.9,1.1,0.0,13.8,15,19,50
21/01/2026,Cainta,55,COOLER,8.8,0.3,0.0,8.5,35,44,50
21/01/2026,Cainta,55,KIDNEY BASIN,12.1,1.1,0.0,11.0,35,40,50
21/01/2026,Cainta,55,WEIGHING SCALE,16.7,0.3,0.0,16.4,30,41,50
21/01/2026,Cainta,55,FORCEPS,11.5,1.1,0.0,10.4,24,28,50
21/01/2026,Cainta,55,BETADINE CONTAINER,0.5,0.5,0.0,0.0,19,21,50
21/01/2026,Cainta,55,ALCOHOL PUMP CONTAINER,8.2,0.6,0.0,7.6,32,31,50
22/01/2026,Cainta,69,SPEEDA,1308.0,10.1,0.0,1297.9,38,37,70
22/01/2026,Cainta,69,ABHAYRAB,34.1,3.3,0.0,30.8,23,29,50
22/01/2026,Cainta,69,VAXIRAB,100.8,3.4,0.0,97.4,30,30,50
22/01/2026,Cainta,69,CHIRORAB,69.2,3.6,0.0,65.6,30,37,50
22/01/2026,Cainta,69,ERIG,33.1,2.7,0.0,30.4,40,55,50
22/01/2026,Cainta,69,HRIG,12.7,1.4,0.0,11.3,36,38,50
22/01/2026,Cainta,69,"ATS 1,500 ""IU""",30.9,1.4,0.0,29.5,35,30,50
22/01/2026,Cainta,69,"ATS 3000 ""IU""",37.7,1.4,0.0,36.3,35,42,50
22/01/2026,Cainta,69,"ATS 5,000 ""IU""",13.2,1.4,0.0,11.8,25,20,50
22/01/2026,Cainta,69,HTIG,9.0,0.7,0.0,8.3,28,36,50
22/01/2026,Cainta,69,TOXOID BETT,1160.0,6.8,0.0,1153.2,19,21,50
22/01/2026,Cainta,69,TOXOID ABHAYTOX,124.9,1.4,0.0,123.5,39,43,50
22/01/2026,Cainta,69,PPD,10.0,0.3,0.0,9.7,29,33,50
22/01/2026,Cainta,69,HEPA B,59.9,1.4,0.0,58.5,29,32,50
22/01/2026,Cainta,69,HEPA BIG,14.9,1.4,11.0,24.5,24,24,50
22/01/2026,Cainta,69,FLU,2.8,0.7,0.0,2.1,23,22,50
22/01/2026,Cainta,69,AMOXICILLIN 500MG,1414.9,17.6,0.0,1397.3,33,35,140
22/01/2026,Cainta,69,CEFALEXIN 500 MG,2266.0,13.0,0.0,2253.0,24,32,100
22/01/2026,Cainta,69,MEFENAMIC 500 MG,2652.4,15.6,0.0,2636.8,19,17,120
22/01/2026,Cainta,69,INSULIN,1424.6,18.9,0.0,1405.7,38,38,150
22/01/2026,Cainta,69,1CC/3CC,997.8,6.7,0.0,991.1,28,26,50
22/01/2026,Cainta,69,5CC/10CC,938.8,6.7,0.0,932.1,28,30,50
22/01/2026,Cainta,69,CETIRIZINE,2480.0,15.0,0.0,2465.0,29,26,100
22/01/2026,Cainta,69,G23,703.1,3.3,0.0,699.8,40,50,50
22/01/2026,Cainta,69,G27,791.6,3.5,0.0,788.1,26,22,50
22/01/2026,Cainta,69,GAUZE PAD,259.8,7.3,0.0,252.5,38,46,50
22/01/2026,Cainta,69,COTTON BALLS,2690.7,31.1,0.0,2659.6,43,41,240
22/01/2026,Cainta,69,BETADINE,3.7,0.3,0.0,3.4,35,38,50
22/01/2026,Cainta,69,ALCOHOL,9.8,0.3,0.0,9.5,29,27,50
22/01/2026,Cainta,69,FACEMASK,417.4,15.5,0.0,401.9,38,47,100
22/01/2026,Cainta,69,GLOVES,935.5,14.1,0.0,921.4,30,41,100
22/01/2026,Cainta,69,MICROPRE,163.6,3.4,0.0,160.2,29,27,50
22/01/2026,Cainta,69,STERILE WATER,87.6,2.1,0.0,85.5,32,44,50
22/01/2026,Cainta,69,REF THERMOMETER,3.4,0.7,0.0,2.7,26,26,50
22/01/2026,Cainta,69,ACRYLIC CONTAINERS,13.8,1.4,0.0,12.4,20,23,50
22/01/2026,Cainta,69,COOLER,8.5,0.3,0.0,8.2,29,35,50
22/01/2026,Cainta,69,KIDNEY BASIN,11.0,1.4,0.0,9.6,21,19,50
22/01/2026,Cainta,69,WEIGHING SCALE,16.4,0.3,0.0,16.1,29,31,50
22/01/2026,Cainta,69,FORCEPS,10.4,1.4,0.0,9.0,33,28,50
22/01/2026,Cainta,69,BETADINE CONTAINER,0.0,0.7,14.7,14.0,43,52,50
22/01/2026,Cainta,69,ALCOHOL PUMP CONTAINER,7.6,0.7,0.0,6.9,18,19,50
23/01/2026,Cainta,84,SPEEDA,1297.9,12.0,0.0,1285.9,42,56,70
23/01/2026,Cainta,84,ABHAYRAB,30.8,4.3,0.0,26.5,36,35,50
23/01/2026,Cainta,84,VAXIRAB,97.4,3.9,0.0,93.5,22,30,50
23/01/2026,Cainta,84,CHIRORAB,65.6,4.1,0.0,61.5,29,26,50
23/01/2026,Cainta,84,ERIG,30.4,3.4,0.0,27.0,25,29,50
23/01/2026,Cainta,84,HRIG,11.3,1.7,0.0,9.6,28,28,50
23/01/2026,Cainta,84,"ATS 1,500 ""IU""",29.5,1.7,0.0,27.8,30,27,50
23/01/2026,Cainta,84,"ATS 3000 ""IU""",36.3,1.7,0.0,34.6,34,29,50
23/01/2026,Cainta,84,"ATS 5,000 ""IU""",11.8,1.7,0.0,10.1,39,47,50
23/01/2026,Cainta,84,HTIG,8.3,0.8,0.0,7.5,21,20,50
23/01/2026,Cainta,84,TOXOID BETT,1153.2,7.5,198.3,1344.0,26,30,50
23/01/2026,Cainta,84,TOXOID ABHAYTOX,123.5,1.6,0.0,121.9,24,33,50
23/01/2026,Cainta,84,PPD,9.7,0.4,0.0,9.3,39,39,50
23/01/2026,Cainta,84,HEPA B,58.5,1.7,0.0,56.8,32,26,50
23/01/2026,Cainta,84,HEPA BIG,24.5,1.6,0.0,22.9,39,35,50
23/01/2026,Cainta,84,FLU,2.1,0.8,0.0,1.3,28,24,50
23/01/2026,Cainta,84,AMOXICILLIN 500MG,1397.3,23.3,0.0,1374.0,22,24,140
23/01/2026,Cainta,84,CEFALEXIN 500 MG,2253.0,19.3,329.6,2563.3,53,66,100
23/01/2026,Cainta,84,MEFENAMIC 500 MG,2636.8,20.1,0.0,2616.7,25,24,120
23/01/2026,Cainta,84,INSULIN,1405.7,26.7,0.0,1379.0,25,22,150
23/01/2026,Cainta,84,1CC/3CC,991.1,8.5,0.0,982.6,26,31,50
23/01/2026,Cainta,84,5CC/10CC,932.1,7.6,0.0,924.5,54,53,50
23/01/2026,Cainta,84,CETIRIZINE,2465.0,18.1,0.0,2446.9,42,48,100
23/01/2026,Cainta,84,G23,699.8,4.2,0.0,695.6,42,57,50
23/01/2026,Cainta,84,G27,788.1,4.3,0.0,783.8,54,53,50
23/01/2026,Cainta,84,GAUZE PAD,252.5,10.2,0.0,242.3,24,27,50
23/01/2026,Cainta,84,COTTON BALLS,2659.6,27.7,0.0,2631.9,54,69,240
23/01/2026,Cainta,84,BETADINE,3.4,0.4,0.0,3.0,28,34,50
23/01/2026,Cainta,84,ALCOHOL,9.5,0.4,0.0,9.1,42,53,50
23/01/2026,Cainta,84,FACEMASK,401.9,17.3,0.0,384.6,35,44,100
23/01/2026,Cainta,84,GLOVES,921.4,16.7,156.2,1060.9,34,38,100
23/01/2026,Cainta,84,MICROPRE,160.2,4.1,0.0,156.1,52,58,50
23/01/2026,Cainta,84,STERILE WATER,85.5,2.5,0.0,83.0,26,32,50
23/01/2026,Cainta,84,REF THERMOMETER,2.7,0.8,0.0,1.9,55,67,50
23/01/2026,Cainta,84,ACRYLIC CONTAINERS,12.4,1.7,0.0,10.7,34,41,50
23/01/2026,Cainta,84,COOLER,8.2,0.4,0.0,7.8,43,44,50
23/01/2026,Cainta,84,KIDNEY BASIN,9.6,1.7,0.0,7.9,54,70,50
23/01/2026,Cainta,84,WEIGHING SCALE,16.1,0.4,0.0,15.7,23,22,50
23/01/2026,Cainta,84,FORCEPS,9.0,1.7,0.0,7.3,52,46,50
23/01/2026,Cainta,84,BETADINE CONTAINER,14.0,0.9,0.0,13.1,40,40,50
23/01/2026,Cainta,84,ALCOHOL PUMP CONTAINER,6.9,0.8,0.0,6.1,45,43,50
24/01/2026,Cainta,89,SPEEDA,1285.9,13.7,0.0,1272.2,28,34,70
24/01/2026,Cainta,89,ABHAYRAB,26.5,4.4,0.0,22.1,41,38,50
24/01/2026,Cainta,89,VAXIRAB,93.5,4.6,15.1,104.0,46,55,50
24/01/2026,Cainta,89,CHIRORAB,61.5,4.5,0.0,57.0,38,42,50
24/01/2026,Cainta,89,ERIG,27.0,3.7,0.0,23.3,28,25,50
24/01/2026,Cainta,89,HRIG,9.6,1.8,0.0,7.8,31,30,50
24/01/2026,Cainta,89,"ATS 1,500 ""IU""",27.8,1.8,0.0,26.0,53,59,50
24/01/2026,Cainta,89,"ATS 3000 ""IU""",34.6,1.8,0.0,32.8,23,29,50
24/01/2026,Cainta,89,"ATS 5,000 ""IU""",10.1,1.8,0.0,8.3,47,49,50
24/01/2026,Cainta,89,HTIG,7.5,0.9,0.0,6.6,58,55,50
24/01/2026,Cainta,89,TOXOID BETT,1344.0,9.2,0.0,1334.8,23,22,50
24/01/2026,Cainta,89,TOXOID ABHAYTOX,121.9,1.8,0.0,120.1,28,24,50
24/01/2026,Cainta,89,PPD,9.3,0.4,0.0,8.9,46,37,50
24/01/2026,Cainta,89,HEPA B,56.8,1.8,0.0,55.0,24,33,50
24/01/2026,Cainta,89,HEPA BIG,22.9,1.8,0.0,21.1,43,37,50
24/01/2026,Cainta,89,FLU,1.3,0.9,0.0,0.4,47,41,50
24/01/2026,Cainta,89,AMOXICILLIN 500MG,1374.0,27.6,0.0,1346.4,43,57,140
24/01/2026,Cainta,89,CEFALEXIN 500 MG,2563.3,20.8,0.0,2542.5,35,42,100
24/01/2026,Cainta,89,MEFENAMIC 500 MG,2616.7,25.0,0.0,2591.7,47,50,120
24/01/2026,Cainta,89,INSULIN,1379.0,30.4,0.0,1348.6,43,51,150
24/01/2026,Cainta,89,1CC/3CC,982.6,8.7,0.0,973.9,30,41,50
24/01/2026,Cainta,89,5CC/10CC,924.5,8.5,0.0,916.0,42,36,50
24/01/2026,Cainta,89,CETIRIZINE,2446.9,19.6,277.9,2705.2,54,51,100
24/01/2026,Cainta,89,G23,695.6,4.6,0.0,691.0,46,61,50
24/01/2026,Cainta,89,G27,783.8,4.7,0.0,779.1,39,49,50
24/01/2026,Cainta,89,GAUZE PAD,242.3,8.6,0.0,233.7,34,47,50
24/01/2026,Cainta,89,COTTON BALLS,2631.9,42.5,0.0,2589.4,25,25,240
24/01/2026,Cainta,89,BETADINE,3.0,0.4,0.0,2.6,31,42,50
24/01/2026,Cainta,89,ALCOHOL,9.1,0.4,0.0,8.7,23,23,50
24/01/2026,Cainta,89,FACEMASK,384.6,19.7,80.0,444.9,57,70,100
24/01/2026,Cainta,89,GLOVES,1060.9,17.0,0.0,1043.9,30,40,100
24/01/2026,Cainta,89,MICROPRE,156.1,4.5,0.0,151.6,51,46,50
24/01/2026,Cainta,89,STERILE WATER,83.0,2.7,0.0,80.3,28,26,50
24/01/2026,Cainta,89,REF THERMOMETER,1.9,0.9,0.0,1.0,32,37,50
24/01/2026,Cainta,89,ACRYLIC CONTAINERS,10.7,1.8,0.0,8.9,37,48,50
24/01/2026,Cainta,89,COOLER,7.8,0.4,0.0,7.4,34,29,50
24/01/2026,Cainta,89,KIDNEY BASIN,7.9,1.7,0.0,6.2,51,67,50
24/01/2026,Cainta,89,WEIGHING SCALE,15.7,0.4,0.0,15.3,56,56,50
24/01/2026,Cainta,89,FORCEPS,7.3,1.8,0.0,5.5,53,55,50
24/01/2026,Cainta,89,BETADINE CONTAINER,13.1,0.9,0.0,12.2,28,28,50
24/01/2026,Cainta,89,ALCOHOL PUMP CONTAINER,6.1,0.9,0.0,5.2,50,67,50
25/01/2026,Cainta,5,SPEEDA,1272.2,0.8,0.0,1271.4,2,2,70
25/01/2026,Cainta,5,ABHAYRAB,22.1,0.3,0.0,21.8,3,3,50
25/01/2026,Cainta,5,VAXIRAB,104.0,0.2,0.0,103.8,2,2,50
25/01/2026,Cainta,5,CHIRORAB,57.0,0.3,0.0,56.7,2,3,50
25/01/2026,Cainta,5,ERIG,23.3,0.2,0.0,23.1,2,3,50
25/01/2026,Cainta,5,HRIG,7.8,0.1,0.0,7.7,1,1,50
25/01/2026,Cainta,5,"ATS 1,500 ""IU""",26.0,0.1,0.0,25.9,2,2,50
25/01/2026,Cainta,5,"ATS 3000 ""IU""",32.8,0.1,0.0,32.7,3,3,50
25/01/2026,Cainta,5,"ATS 5,000 ""IU""",8.3,0.1,0.0,8.2,3,3,50
25/01/2026,Cainta,5,HTIG,6.6,0.0,0.0,6.6,3,4,50
25/01/2026,Cainta,5,TOXOID BETT,1334.8,0.5,0.0,1334.3,1,1,50
25/01/2026,Cainta,5,TOXOID ABHAYTOX,120.1,0.1,0.0,120.0,2,2,50
25/01/2026,Cainta,5,PPD,8.9,0.0,7.7,16.6,2,2,50
25/01/2026,Cainta,5,HEPA B,55.0,0.1,0.0,54.9,2,2,50
25/01/2026,Cainta,5,HEPA BIG,21.1,0.1,0.0,21.0,2,2,50
25/01/2026,Cainta,5,FLU,0.4,0.0,0.0,0.4,2,2,50
25/01/2026,Cainta,5,AMOXICILLIN 500MG,1346.4,1.1,0.0,1345.3,2,2,140
25/01/2026,Cainta,5,CEFALEXIN 500 MG,2542.5,1.0,0.0,2541.5,2,2,100
25/01/2026,Cainta,5,MEFENAMIC 500 MG,2591.7,1.0,101.2,2691.9,2,2,120
25/01/2026,Cainta,5,INSULIN,1348.6,1.5,0.0,1347.1,3,3,150
25/01/2026,Cainta,5,1CC/3CC,973.9,0.5,0.0,973.4,2,2,50
25/01/2026,Cainta,5,5CC/10CC,916.0,0.6,0.0,915.4,3,4,50
25/01/2026,Cainta,5,CETIRIZINE,2705.2,1.1,0.0,2704.1,2,2,100
25/01/2026,Cainta,5,G23,691.0,0.3,0.0,690.7,3,3,50
25/01/2026,Cainta,5,G27,779.1,0.3,0.0,778.8,3,2,50
25/01/2026,Cainta,5,GAUZE PAD,233.7,0.5,0.0,233.2,3,3,50
25/01/2026,Cainta,5,COTTON BALLS,2589.4,2.8,118.3,2704.9,3,2,240
25/01/2026,Cainta,5,BETADINE,2.6,0.0,0.0,2.6,3,3,50
25/01/2026,Cainta,5,ALCOHOL,8.7,0.0,0.0,8.7,2,3,50
25/01/2026,Cainta,5,FACEMASK,444.9,1.1,0.0,443.8,2,2,100
25/01/2026,Cainta,5,GLOVES,1043.9,1.1,0.0,1042.8,1,1,100
25/01/2026,Cainta,5,MICROPRE,151.6,0.3,0.0,151.3,2,2,50
25/01/2026,Cainta,5,STERILE WATER,80.3,0.1,0.0,80.2,1,1,50
25/01/2026,Cainta,5,REF THERMOMETER,1.0,0.0,0.0,1.0,2,2,50
25/01/2026,Cainta,5,ACRYLIC CONTAINERS,8.9,0.1,0.0,8.8,1,1,50
25/01/2026,Cainta,5,COOLER,7.4,0.0,0.0,7.4,2,2,50
25/01/2026,Cainta,5,KIDNEY BASIN,6.2,0.1,0.0,6.1,2,3,50
25/01/2026,Cainta,5,WEIGHING SCALE,15.3,0.0,0.0,15.3,2,3,50
25/01/2026,Cainta,5,FORCEPS,5.5,0.1,0.0,5.4,3,3,50
25/01/2026,Cainta,5,BETADINE CONTAINER,12.2,0.1,0.0,12.1,3,4,50
25/01/2026,Cainta,5,ALCOHOL PUMP CONTAINER,5.2,0.1,2.7,7.8,2,2,50
26/01/2026,Cainta,21,SPEEDA,1271.4,3.1,0.0,1268.3,10,11,70
26/01/2026,Cainta,21,ABHAYRAB,21.8,1.0,30.2,51.0,10,8,50
26/01/2026,Cainta,21,VAXIRAB,103.8,1.1,0.0,102.7,9,8,50
26/01/2026,Cainta,21,CHIRORAB,56.7,1.1,0.0,55.6,11,13,50
26/01/2026,Cainta,21,ERIG,23.1,0.8,0.0,22.3,7,9,50
26/01/2026,Cainta,21,HRIG,7.7,0.4,0.0,7.3,13,11,50
26/01/2026,Cainta,21,"ATS 1,500 ""IU""",25.9,0.4,0.0,25.5,6,7,50
26/01/2026,Cainta,21,"ATS 3000 ""IU""",32.7,0.4,0.0,32.3,12,14,50
26/01/2026,Cainta,21,"ATS 5,000 ""IU""",8.2,0.4,0.0,7.8,10,14,50
26/01/2026,Cainta,21,HTIG,6.6,0.2,0.0,6.4,7,8,50
26/01/2026,Cainta,21,TOXOID BETT,1334.3,2.3,66.2,1398.2,12,10,50
26/01/2026,Cainta,21,TOXOID ABHAYTOX,120.0,0.4,0.0,119.6,6,5,50
26/01/2026,Cainta,21,PPD,16.6,0.1,0.0,16.5,12,14,50
26/01/2026,Cainta,21,HEPA B,54.9,0.4,0.0,54.5,10,9,50
26/01/2026,Cainta,21,HEPA BIG,21.0,0.4,0.0,20.6,6,8,50
26/01/2026,Cainta,21,FLU,0.4,0.2,0.0,0.2,6,8,50
26/01/2026,Cainta,21,AMOXICILLIN 500MG,1345.3,5.9,0.0,1339.4,12,16,140
26/01/2026,Cainta,21,CEFALEXIN 500 MG,2541.5,4.2,0.0,2537.3,8,8,100
26/01/2026,Cainta,21,MEFENAMIC 500 MG,2691.9,6.2,0.0,2685.7,13,16,120
26/01/2026,Cainta,21,INSULIN,1347.1,5.2,0.0,1341.9,12,14,150
26/01/2026,Cainta,21,1CC/3CC,973.4,2.0,113.1,1084.5,11,9,50
26/01/2026,Cainta,21,5CC/10CC,915.4,2.0,128.0,1041.4,8,8,50
26/01/2026,Cainta,21,CETIRIZINE,2704.1,4.7,0.0,2699.4,11,10,100
26/01/2026,Cainta,21,G23,690.7,1.0,0.0,689.7,13,13,50
26/01/2026,Cainta,21,G27,778.8,1.0,0.0,777.8,6,8,50
26/01/2026,Cainta,21,GAUZE PAD,233.2,2.1,0.0,231.1,8,10,50
26/01/2026,Cainta,21,COTTON BALLS,2704.9,11.7,0.0,2693.2,7,7,240
26/01/2026,Cainta,21,BETADINE,2.6,0.1,0.0,2.5,9,10,50
26/01/2026,Cainta,21,ALCOHOL,8.7,0.1,0.0,8.6,11,10,50
26/01/2026,Cainta,21,FACEMASK,443.8,4.0,0.0,439.8,9,9,100
26/01/2026,Cainta,21,GLOVES,1042.8,4.7,0.0,1038.1,10,8,100
26/01/2026,Cainta,21,MICROPRE,151.3,1.0,0.0,150.3,8,9,50
26/01/2026,Cainta,21,STERILE WATER,80.2,0.6,0.0,79.6,6,7,50
26/01/2026,Cainta,21,REF THERMOMETER,1.0,0.2,0.0,0.8,7,9,50
26/01/2026,Cainta,21,ACRYLIC CONTAINERS,8.8,0.4,0.0,8.4,12,16,50
26/01/2026,Cainta,21,COOLER,7.4,0.1,0.0,7.3,10,9,50
26/01/2026,Cainta,21,KIDNEY BASIN,6.1,0.4,0.0,5.7,8,10,50
26/01/2026,Cainta,21,WEIGHING SCALE,15.3,0.1,0.0,15.2,12,11,50
26/01/2026,Cainta,21,FORCEPS,5.4,0.4,0.0,5.0,6,6,50
26/01/2026,Cainta,21,BETADINE CONTAINER,12.1,0.2,0.0,11.9,7,8,50
26/01/2026,Cainta,21,ALCOHOL PUMP CONTAINER,7.8,0.2,0.0,7.6,7,6,50
27/01/2026,Cainta,66,SPEEDA,1268.3,9.9,0.0,1258.4,43,38,70
27/01/2026,Cainta,66,ABHAYRAB,51.0,3.3,36.9,84.6,35,34,50
27/01/2026,Cainta,66,VAXIRAB,102.7,3.3,0.0,99.4,33,29,50
27/01/2026,Cainta,66,CHIRORAB,55.6,3.3,0.0,52.3,17,23,50
27/01/2026,Cainta,66,ERIG,22.3,2.6,0.0,19.7,21,20,50
27/01/2026,Cainta,66,HRIG,7.3,1.3,0.0,6.0,33,36,50
27/01/2026,Cainta,66,"ATS 1,500 ""IU""",25.5,1.3,0.0,24.2,27,38,50
27/01/2026,Cainta,66,"ATS 3000 ""IU""",32.3,1.3,0.0,31.0,41,47,50
27/01/2026,Cainta,66,"ATS 5,000 ""IU""",7.8,1.3,0.0,6.5,37,39,50
27/01/2026,Cainta,66,HTIG,6.4,0.7,0.0,5.7,28,38,50
27/01/2026,Cainta,66,TOXOID BETT,1398.2,6.8,0.0,1391.4,36,34,50
27/01/2026,Cainta,66,TOXOID ABHAYTOX,119.6,1.3,0.0,118.3,42,38,50
27/01/2026,Cainta,66,PPD,16.5,0.3,0.0,16.2,29,33,50
27/01/2026,Cainta,66,HEPA B,54.5,1.3,0.0,53.2,33,35,50
27/01/2026,Cainta,66,HEPA BIG,20.6,1.3,0.0,19.3,41,52,50
27/01/2026,Cainta,66,FLU,0.2,0.7,10.5,10.0,23,19,50
27/01/2026,Cainta,66,AMOXICILLIN 500MG,1339.4,16.1,0.0,1323.3,40,47,140
27/01/2026,Cainta,66,CEFALEXIN 500 MG,2537.3,12.3,0.0,2525.0,19,23,100
27/01/2026,Cainta,66,MEFENAMIC 500 MG,2685.7,15.9,0.0,2669.8,34,47,120
27/01/2026,Cainta,66,INSULIN,1341.9,17.6,0.0,1324.3,37,33,150
27/01/2026,Cainta,66,1CC/3CC,1084.5,7.2,0.0,1077.3,33,31,50
27/01/2026,Cainta,66,5CC/10CC,1041.4,6.3,177.7,1212.8,30,41,50
27/01/2026,Cainta,66,CETIRIZINE,2699.4,12.5,0.0,2686.9,33,39,100
27/01/2026,Cainta,66,G23,689.7,3.3,63.8,750.2,21,17,50
27/01/2026,Cainta,66,G27,777.8,3.2,0.0,774.6,22,19,50
27/01/2026,Cainta,66,GAUZE PAD,231.1,6.5,0.0,224.6,24,31,50
27/01/2026,Cainta,66,COTTON BALLS,2693.2,35.2,0.0,2658.0,32,36,240
27/01/2026,Cainta,66,BETADINE,2.5,0.3,0.0,2.2,28,32,50
27/01/2026,Cainta,66,ALCOHOL,8.6,0.3,0.0,8.3,23,31,50
27/01/2026,Cainta,66,FACEMASK,439.8,12.5,0.0,427.3,40,38,100
27/01/2026,Cainta,66,GLOVES,1038.1,11.3,0.0,1026.8,26,23,100
27/01/2026,Cainta,66,MICROPRE,150.3,3.3,0.0,147.0,28,33,50
27/01/2026,Cainta,66,STERILE WATER,79.6,2.1,0.0,77.5,27,36,50
27/01/2026,Cainta,66,REF THERMOMETER,0.8,0.7,0.0,0.1,21,20,50
27/01/2026,Cainta,66,ACRYLIC CONTAINERS,8.4,1.3,0.0,7.1,36,44,50
27/01/2026,Cainta,66,COOLER,7.3,0.3,0.0,7.0,28,25,50
27/01/2026,Cainta,66,KIDNEY BASIN,5.7,1.3,0.0,4.4,17,15,50
27/01/2026,Cainta,66,WEIGHING SCALE,15.2,0.3,0.0,14.9,42,56,50
27/01/2026,Cainta,66,FORCEPS,5.0,1.3,0.0,3.7,38,33,50
27/01/2026,Cainta,66,BETADINE CONTAINER,11.9,0.7,0.0,11.2,36,29,50
27/01/2026,Cainta,66,ALCOHOL PUMP CONTAINER,7.6,0.7,0.0,6.9,39,49,50
28/01/2026,Cainta,21,SPEEDA,1258.4,3.6,0.0,1254.8,13,13,70
28/01/2026,Cainta,21,ABHAYRAB,84.6,1.1,47.7,131.2,8,8,50
28/01/2026,Cainta,21,VAXIRAB,99.4,1.1,0.0,98.3,10,13,50
28/01/2026,Cainta,21,CHIRORAB,52.3,1.1,0.0,51.2,10,9,50
28/01/2026,Cainta,21,ERIG,19.7,0.8,0.0,18.9,7,8,50
28/01/2026,Cainta,21,HRIG,6.0,0.4,0.0,5.6,7,7,50
28/01/2026,Cainta,21,"ATS 1,500 ""IU""",24.2,0.4,0.0,23.8,6,5,50
28/01/2026,Cainta,21,"ATS 3000 ""IU""",31.0,0.4,0.0,30.6,11,13,50
28/01/2026,Cainta,21,"ATS 5,000 ""IU""",6.5,0.4,0.0,6.1,12,12,50
28/01/2026,Cainta,21,HTIG,5.7,0.2,0.0,5.5,12,16,50
28/01/2026,Cainta,21,TOXOID BETT,1391.4,2.1,152.7,1542.0,8,11,50
28/01/2026,Cainta,21,TOXOID ABHAYTOX,118.3,0.4,0.0,117.9,7,9,50
28/01/2026,Cainta,21,PPD,16.2,0.1,0.0,16.1,9,9,50
28/01/2026,Cainta,21,HEPA B,53.2,0.4,0.0,52.8,10,9,50
28/01/2026,Cainta,21,HEPA BIG,19.3,0.4,0.0,18.9,13,17,50
28/01/2026,Cainta,21,FLU,10.0,0.2,0.0,9.8,13,14,50
28/01/2026,Cainta,21,AMOXICILLIN 500MG,1323.3,7.1,0.0,1316.2,13,16,140
28/01/2026,Cainta,21,CEFALEXIN 500 MG,2525.0,4.2,178.5,2699.3,12,16,100
28/01/2026,Cainta,21,MEFENAMIC 500 MG,2669.8,5.5,0.0,2664.3,13,13,120
28/01/2026,Cainta,21,INSULIN,1324.3,5.5,0.0,1318.8,9,8,150
28/01/2026,Cainta,21,1CC/3CC,1077.3,2.2,0.0,1075.1,6,7,50
28/01/2026,Cainta,21,5CC/10CC,1212.8,2.2,0.0,1210.6,6,7,50
28/01/2026,Cainta,21,CETIRIZINE,2686.9,4.5,0.0,2682.4,9,9,100
28/01/2026,Cainta,21,G23,750.2,1.0,0.0,749.2,7,8,50
28/01/2026,Cainta,21,G27,774.6,1.1,0.0,773.5,7,9,50
28/01/2026,Cainta,21,GAUZE PAD,224.6,2.0,0.0,222.6,13,13,50
28/01/2026,Cainta,21,COTTON BALLS,2658.0,12.5,0.0,2645.5,7,7,240
28/01/2026,Cainta,21,BETADINE,2.2,0.1,0.0,2.1,13,16,50
28/01/2026,Cainta,21,ALCOHOL,8.3,0.1,0.0,8.2,12,15,50
28/01/2026,Cainta,21,FACEMASK,427.3,3.9,149.3,572.7,11,15,100
28/01/2026,Cainta,21,GLOVES,1026.8,4.4,0.0,1022.4,11,10,100
28/01/2026,Cainta,21,MICROPRE,147.0,1.0,0.0,146.0,8,11,50
28/01/2026,Cainta,21,STERILE WATER,77.5,0.6,0.0,76.9,11,14,50
28/01/2026,Cainta,21,REF THERMOMETER,0.1,0.2,6.1,6.0,7,9,50
28/01/2026,Cainta,21,ACRYLIC CONTAINERS,7.1,0.4,28.7,35.4,13,13,50
28/01/2026,Cainta,21,COOLER,7.0,0.1,0.0,6.9,8,7,50
28/01/2026,Cainta,21,KIDNEY BASIN,4.4,0.4,0.0,4.0,7,8,50
28/01/2026,Cainta,21,WEIGHING SCALE,14.9,0.1,0.0,14.8,11,11,50
28/01/2026,Cainta,21,FORCEPS,3.7,0.4,0.0,3.3,11,11,50
28/01/2026,Cainta,21,BETADINE CONTAINER,11.2,0.2,0.0,11.0,9,12,50
28/01/2026,Cainta,21,ALCOHOL PUMP CONTAINER,6.9,0.2,0.0,6.7,11,10,50
29/01/2026,Cainta,47,SPEEDA,1254.8,6.9,0.0,1247.9,15,20,70
29/01/2026,Cainta,47,ABHAYRAB,131.2,2.3,18.9,147.8,24,26,50
29/01/2026,Cainta,47,VAXIRAB,98.3,2.4,0.0,95.9,17,22,50
29/01/2026,Cainta,47,CHIRORAB,51.2,2.5,0.0,48.7,17,16,50
29/01/2026,Cainta,47,ERIG,18.9,1.9,0.0,17.0,15,18,50
29/01/2026,Cainta,47,HRIG,5.6,0.9,0.0,4.7,18,20,50
29/01/2026,Cainta,47,"ATS 1,500 ""IU""",23.8,0.9,0.0,22.9,18,24,50
29/01/2026,Cainta,47,"ATS 3000 ""IU""",30.6,0.9,0.0,29.7,20,18,50
29/01/2026,Cainta,47,"ATS 5,000 ""IU""",6.1,0.9,0.0,5.2,15,14,50
29/01/2026,Cainta,47,HTIG,5.5,0.5,0.0,5.0,15,21,50
29/01/2026,Cainta,47,TOXOID BETT,1542.0,4.3,124.6,1662.3,22,19,50
29/01/2026,Cainta,47,TOXOID ABHAYTOX,117.9,1.0,0.0,116.9,14,17,50
29/01/2026,Cainta,47,PPD,16.1,0.2,0.0,15.9,25,21,50
29/01/2026,Cainta,47,HEPA B,52.8,0.9,0.0,51.9,29,25,50
29/01/2026,Cainta,47,HEPA BIG,18.9,0.9,0.0,18.0,20,23,50
29/01/2026,Cainta,47,FLU,9.8,0.5,10.9,20.2,29,33,50
29/01/2026,Cainta,47,AMOXICILLIN 500MG,1316.2,10.9,0.0,1305.3,14,16,140
29/01/2026,Cainta,47,CEFALEXIN 500 MG,2699.3,10.9,0.0,2688.4,13,14,100
29/01/2026,Cainta,47,MEFENAMIC 500 MG,2664.3,11.8,0.0,2652.5,25,31,120
29/01/2026,Cainta,47,INSULIN,1318.8,15.1,0.0,1303.7,26,36,150
29/01/2026,Cainta,47,1CC/3CC,1075.1,4.9,0.0,1070.2,28,27,50
29/01/2026,Cainta,47,5CC/10CC,1210.6,4.5,0.0,1206.1,13,13,50
29/01/2026,Cainta,47,CETIRIZINE,2682.4,9.9,0.0,2672.5,26,26,100
29/01/2026,Cainta,47,G23,749.2,2.3,0.0,746.9,19,24,50
29/01/2026,Cainta,47,G27,773.5,2.4,72.3,843.4,17,17,50
29/01/2026,Cainta,47,GAUZE PAD,222.6,4.2,0.0,218.4,15,18,50
29/01/2026,Cainta,47,COTTON BALLS,2645.5,23.0,0.0,2622.5,30,32,240
29/01/2026,Cainta,47,BETADINE,2.1,0.2,0.0,1.9,13,15,50
29/01/2026,Cainta,47,ALCOHOL,8.2,0.2,0.0,8.0,27,35,50
29/01/2026,Cainta,47,FACEMASK,572.7,9.9,0.0,562.8,24,27,100
29/01/2026,Cainta,47,GLOVES,1022.4,8.8,0.0,1013.6,26,28,100
29/01/2026,Cainta,47,MICROPRE,146.0,2.3,0.0,143.7,25,24,50
29/01/2026,Cainta,47,STERILE WATER,76.9,1.4,0.0,75.5,28,31,50
29/01/2026,Cainta,47,REF THERMOMETER,6.0,0.5,0.0,5.5,15,14,50
29/01/2026,Cainta,47,ACRYLIC CONTAINERS,35.4,0.9,0.0,34.5,12,16,50
29/01/2026,Cainta,47,COOLER,6.9,0.2,0.0,6.7,23,24,50
29/01/2026,Cainta,47,KIDNEY BASIN,4.0,0.9,0.0,3.1,18,16,50
29/01/2026,Cainta,47,WEIGHING SCALE,14.8,0.2,0.0,14.6,14,13,50
29/01/2026,Cainta,47,FORCEPS,3.3,0.9,0.0,2.4,15,17,50
29/01/2026,Cainta,47,BETADINE CONTAINER,11.0,0.5,0.0,10.5,18,24,50
29/01/2026,Cainta,47,ALCOHOL PUMP CONTAINER,6.7,0.5,0.0,6.2,13,13,50
30/01/2026,Cainta,26,SPEEDA,1247.9,3.9,0.0,1244.0,7,7,70
30/01/2026,Cainta,26,ABHAYRAB,147.8,1.4,0.0,146.4,16,17,50
30/01/2026,Cainta,26,VAXIRAB,95.9,1.3,0.0,94.6,10,14,50
30/01/2026,Cainta,26,CHIRORAB,48.7,1.3,0.0,47.4,17,22,50
30/01/2026,Cainta,26,ERIG,17.0,1.0,0.0,16.0,17,15,50
30/01/2026,Cainta,26,HRIG,4.7,0.5,0.0,4.2,8,9,50
30/01/2026,Cainta,26,"ATS 1,500 ""IU""",22.9,0.5,0.0,22.4,14,18,50
30/01/2026,Cainta,26,"ATS 3000 ""IU""",29.7,0.5,0.0,29.2,13,16,50
30/01/2026,Cainta,26,"ATS 5,000 ""IU""",5.2,0.5,0.0,4.7,14,15,50
30/01/2026,Cainta,26,HTIG,5.0,0.3,0.0,4.7,8,10,50
30/01/2026,Cainta,26,TOXOID BETT,1662.3,2.6,100.7,1760.4,8,9,50
30/01/2026,Cainta,26,TOXOID ABHAYTOX,116.9,0.5,0.0,116.4,7,6,50
30/01/2026,Cainta,26,PPD,15.9,0.1,0.0,15.8,13,11,50
30/01/2026,Cainta,26,HEPA B,51.9,0.5,0.0,51.4,17,17,50
30/01/2026,Cainta,26,HEPA BIG,18.0,0.5,0.0,17.5,13,11,50
30/01/2026,Cainta,26,FLU,20.2,0.3,0.0,19.9,14,15,50
30/01/2026,Cainta,26,AMOXICILLIN 500MG,1305.3,8.8,0.0,1296.5,17,22,140
30/01/2026,Cainta,26,CEFALEXIN 500 MG,2688.4,4.7,0.0,2683.7,14,18,100
30/01/2026,Cainta,26,MEFENAMIC 500 MG,2652.5,5.9,0.0,2646.6,7,6,120
30/01/2026,Cainta,26,INSULIN,1303.7,6.3,0.0,1297.4,16,13,150
30/01/2026,Cainta,26,1CC/3CC,1070.2,2.5,0.0,1067.7,10,12,50
30/01/2026,Cainta,26,5CC/10CC,1206.1,2.7,160.4,1363.8,7,8,50
30/01/2026,Cainta,26,CETIRIZINE,2672.5,5.5,0.0,2667.0,12,11,100
30/01/2026,Cainta,26,G23,746.9,1.3,0.0,745.6,16,21,50
30/01/2026,Cainta,26,G27,843.4,1.3,0.0,842.1,9,8,50
30/01/2026,Cainta,26,GAUZE PAD,218.4,2.5,0.0,215.9,12,10,50
30/01/2026,Cainta,26,COTTON BALLS,2622.5,12.2,0.0,2610.3,8,10,240
30/01/2026,Cainta,26,BETADINE,1.9,0.1,0.0,1.8,7,8,50
30/01/2026,Cainta,26,ALCOHOL,8.0,0.1,0.0,7.9,7,7,50
30/01/2026,Cainta,26,FACEMASK,562.8,4.6,0.0,558.2,14,17,100
30/01/2026,Cainta,26,GLOVES,1013.6,5.7,0.0,1007.9,15,20,100
30/01/2026,Cainta,26,MICROPRE,143.7,1.3,0.0,142.4,8,7,50
30/01/2026,Cainta,26,STERILE WATER,75.5,0.8,0.0,74.7,9,11,50
30/01/2026,Cainta,26,REF THERMOMETER,5.5,0.3,0.0,5.2,9,8,50
30/01/2026,Cainta,26,ACRYLIC CONTAINERS,34.5,0.5,0.0,34.0,7,8,50
30/01/2026,Cainta,26,COOLER,6.7,0.1,0.0,6.6,12,13,50
30/01/2026,Cainta,26,KIDNEY BASIN,3.1,0.5,0.0,2.6,14,14,50
30/01/2026,Cainta,26,WEIGHING SCALE,14.6,0.1,0.0,14.5,13,12,50
30/01/2026,Cainta,26,FORCEPS,2.4,0.5,0.0,1.9,11,14,50
30/01/2026,Cainta,26,BETADINE CONTAINER,10.5,0.3,0.0,10.2,12,12,50
30/01/2026,Cainta,26,ALCOHOL PUMP CONTAINER,6.2,0.3,0.0,5.9,7,9,50
31/01/2026,Cainta,48,SPEEDA,1244.0,7.0,0.0,1237.0,15,15,70
31/01/2026,Cainta,48,ABHAYRAB,146.4,2.4,0.0,144.0,30,39,50
31/01/2026,Cainta,48,VAXIRAB,94.6,2.4,0.0,92.2,27,30,50
31/01/2026,Cainta,48,CHIRORAB,47.4,2.4,0.0,45.0,30,31,50
31/01/2026,Cainta,48,ERIG,16.0,1.9,0.0,14.1,30,37,50
31/01/2026,Cainta,48,HRIG,4.2,1.0,0.0,3.2,24,31,50
31/01/2026,Cainta,48,"ATS 1,500 ""IU""",22.4,1.0,0.0,21.4,30,33,50
31/01/2026,Cainta,48,"ATS 3000 ""IU""",29.2,1.0,0.0,28.2,20,21,50
31/01/2026,Cainta,48,"ATS 5,000 ""IU""",4.7,1.0,0.0,3.7,12,14,50
31/01/2026,Cainta,48,HTIG,4.7,0.5,0.0,4.2,13,15,50
31/01/2026,Cainta,48,TOXOID BETT,1760.4,5.0,0.0,1755.4,14,15,50
31/01/2026,Cainta,48,TOXOID ABHAYTOX,116.4,1.0,0.0,115.4,14,18,50
31/01/2026,Cainta,48,PPD,15.8,0.2,0.0,15.6,19,20,50
31/01/2026,Cainta,48,HEPA B,51.4,0.9,0.0,50.5,25,27,50
31/01/2026,Cainta,48,HEPA BIG,17.5,1.0,0.0,16.5,27,31,50
31/01/2026,Cainta,48,FLU,19.9,0.5,0.0,19.4,23,32,50
31/01/2026,Cainta,48,AMOXICILLIN 500MG,1296.5,16.1,0.0,1280.4,15,14,140
31/01/2026,Cainta,48,CEFALEXIN 500 MG,2683.7,11.5,0.0,2672.2,26,24,100
31/01/2026,Cainta,48,MEFENAMIC 500 MG,2646.6,9.8,0.0,2636.8,19,17,120
31/01/2026,Cainta,48,INSULIN,1297.4,13.3,0.0,1284.1,12,15,150
31/01/2026,Cainta,48,1CC/3CC,1067.7,4.6,0.0,1063.1,17,18,50
31/01/2026,Cainta,48,5CC/10CC,1363.8,5.0,0.0,1358.8,18,19,50
31/01/2026,Cainta,48,CETIRIZINE,2667.0,8.6,0.0,2658.4,17,16,100
31/01/2026,Cainta,48,G23,745.6,2.5,0.0,743.1,28,37,50
31/01/2026,Cainta,48,G27,842.1,2.5,0.0,839.6,27,29,50
31/01/2026,Cainta,48,GAUZE PAD,215.9,5.0,0.0,210.9,25,29,50
31/01/2026,Cainta,48,COTTON BALLS,2610.3,25.4,0.0,2584.9,15,13,240
31/01/2026,Cainta,48,BETADINE,1.8,0.2,0.0,1.6,28,24,50
31/01/2026,Cainta,48,ALCOHOL,7.9,0.2,0.0,7.7,25,21,50
31/01/2026,Cainta,48,FACEMASK,558.2,10.9,0.0,547.3,16,16,100
31/01/2026,Cainta,48,GLOVES,1007.9,10.4,0.0,997.5,24,26,100
31/01/2026,Cainta,48,MICROPRE,142.4,2.4,0.0,140.0,21,20,50
31/01/2026,Cainta,48,STERILE WATER,74.7,1.4,0.0,73.3,20,20,50
31/01/2026,Cainta,48,REF THERMOMETER,5.2,0.5,0.0,4.7,14,11,50
31/01/2026,Cainta,48,ACRYLIC CONTAINERS,34.0,0.9,0.0,33.1,22,22,50
31/01/2026,Cainta,48,COOLER,6.6,0.2,0.0,6.4,14,12,50
31/01/2026,Cainta,48,KIDNEY BASIN,2.6,0.9,0.0,1.7,15,13,50
31/01/2026,Cainta,48,WEIGHING SCALE,14.5,0.2,0.0,14.3,15,12,50
31/01/2026,Cainta,48,FORCEPS,1.9,1.0,0.0,0.9,30,37,50
31/01/2026,Cainta,48,BETADINE CONTAINER,10.2,0.5,0.0,9.7,17,23,50
31/01/2026,Cainta,48,ALCOHOL PUMP CONTAINER,5.9,0.5,0.0,5.4,19,22,50
01/02/2026,Cainta,41,SPEEDA,1237.0,6.6,0.0,1230.4,16,14,70
01/02/2026,Cainta,41,ABHAYRAB,144.0,2.1,0.0,141.9,25,35,50
01/02/2026,Cainta,41,VAXIRAB,92.2,2.2,41.4,131.4,19,26,50
01/02/2026,Cainta,41,CHIRORAB,45.0,1.9,0.0,43.1,25,27,50
01/02/2026,Cainta,41,ERIG,14.1,1.7,0.0,12.4,15,13,50
01/02/2026,Cainta,41,HRIG,3.2,0.8,0.0,2.4,12,15,50
01/02/2026,Cainta,41,"ATS 1,500 ""IU""",21.4,0.8,0.0,20.6,19,26,50
01/02/2026,Cainta,41,"ATS 3000 ""IU""",28.2,0.8,0.0,27.4,16,20,50
01/02/2026,Cainta,41,"ATS 5,000 ""IU""",3.7,0.8,0.0,2.9,23,27,50
01/02/2026,Cainta,41,HTIG,4.2,0.4,0.0,3.8,25,29,50
01/02/2026,Cainta,41,TOXOID BETT,1755.4,3.7,0.0,1751.7,18,25,50
01/02/2026,Cainta,41,TOXOID ABHAYTOX,115.4,0.8,0.0,114.6,26,22,50
01/02/2026,Cainta,41,PPD,15.6,0.2,0.0,15.4,19,17,50
01/02/2026,Cainta,41,HEPA B,50.5,0.8,0.0,49.7,15,19,50
01/02/2026,Cainta,41,HEPA BIG,16.5,0.8,0.0,15.7,18,16,50
01/02/2026,Cainta,41,FLU,19.4,0.4,0.0,19.0,11,11,50
01/02/2026,Cainta,41,AMOXICILLIN 500MG,1280.4,12.6,0.0,1267.8,23,22,140
01/02/2026,Cainta,41,CEFALEXIN 500 MG,2672.2,7.5,214.5,2879.2,12,11,100
01/02/2026,Cainta,41,MEFENAMIC 500 MG,2636.8,9.4,0.0,2627.4,15,12,120
01/02/2026,Cainta,41,INSULIN,1284.1,14.7,0.0,1269.4,20,23,150
01/02/2026,Cainta,41,1CC/3CC,1063.1,4.4,0.0,1058.7,11,11,50
01/02/2026,Cainta,41,5CC/10CC,1358.8,4.1,0.0,1354.7,12,14,50
01/02/2026,Cainta,41,CETIRIZINE,2658.4,8.2,248.7,2898.9,22,22,100
01/02/2026,Cainta,41,G23,743.1,2.0,0.0,741.1,11,15,50
01/02/2026,Cainta,41,G27,839.6,2.1,0.0,837.5,18,21,50
01/02/2026,Cainta,41,GAUZE PAD,210.9,4.2,0.0,206.7,16,22,50
01/02/2026,Cainta,41,COTTON BALLS,2584.9,30.2,0.0,2554.7,14,14,240
01/02/2026,Cainta,41,BETADINE,1.6,0.2,0.0,1.4,13,10,50
01/02/2026,Cainta,41,ALCOHOL,7.7,0.2,0.0,7.5,23,29,50
01/02/2026,Cainta,41,FACEMASK,547.3,8.4,0.0,538.9,26,34,100
01/02/2026,Cainta,41,GLOVES,997.5,8.7,0.0,988.8,13,11,100
01/02/2026,Cainta,41,MICROPRE,140.0,2.0,0.0,138.0,26,31,50
01/02/2026,Cainta,41,STERILE WATER,73.3,1.2,0.0,72.1,20,24,50
01/02/2026,Cainta,41,REF THERMOMETER,4.7,0.4,0.0,4.3,21,19,50
01/02/2026,Cainta,41,ACRYLIC CONTAINERS,33.1,0.8,0.0,32.3,22,25,50
01/02/2026,Cainta,41,COOLER,6.4,0.2,0.0,6.2,22,21,50
01/02/2026,Cainta,41,KIDNEY BASIN,1.7,0.8,0.0,0.9,24,19,50
01/02/2026,Cainta,41,WEIGHING SCALE,14.3,0.2,0.0,14.1,18,24,50
01/02/2026,Cainta,41,FORCEPS,0.9,0.8,0.0,0.1,19,21,50
01/02/2026,Cainta,41,BETADINE CONTAINER,9.7,0.4,0.0,9.3,16,20,50
01/02/2026,Cainta,41,ALCOHOL PUMP CONTAINER,5.4,0.4,0.0,5.0,12,15,50
02/02/2026,Cainta,20,SPEEDA,1230.4,2.8,0.0,1227.6,10,14,70
02/02/2026,Cainta,20,ABHAYRAB,141.9,1.0,0.0,140.9,5,5,50
02/02/2026,Cainta,20,VAXIRAB,131.4,0.9,0.0,130.5,7,7,50
02/02/2026,Cainta,20,CHIRORAB,43.1,1.0,0.0,42.1,6,6,50
02/02/2026,Cainta,20,ERIG,12.4,0.8,0.0,11.6,7,8,50
02/02/2026,Cainta,20,HRIG,2.4,0.4,0.0,2.0,10,11,50
02/02/2026,Cainta,20,"ATS 1,500 ""IU""",20.6,0.4,0.0,20.2,10,12,50
02/02/2026,Cainta,20,"ATS 3000 ""IU""",27.4,0.4,0.0,27.0,8,8,50
02/02/2026,Cainta,20,"ATS 5,000 ""IU""",2.9,0.4,0.0,2.5,6,5,50
02/02/2026,Cainta,20,HTIG,3.8,0.2,0.0,3.6,8,11,50
02/02/2026,Cainta,20,TOXOID BETT,1751.7,2.1,0.0,1749.6,8,10,50
02/02/2026,Cainta,20,TOXOID ABHAYTOX,114.6,0.4,47.3,161.5,11,11,50
02/02/2026,Cainta,20,PPD,15.4,0.1,0.0,15.3,10,12,50
02/02/2026,Cainta,20,HEPA B,49.7,0.4,0.0,49.3,9,10,50
02/02/2026,Cainta,20,HEPA BIG,15.7,0.4,0.0,15.3,9,11,50
02/02/2026,Cainta,20,FLU,19.0,0.2,0.0,18.8,13,13,50
02/02/2026,Cainta,20,AMOXICILLIN 500MG,1267.8,7.7,0.0,1260.1,11,12,140
02/02/2026,Cainta,20,CEFALEXIN 500 MG,2879.2,3.6,0.0,2875.6,9,8,100
02/02/2026,Cainta,20,MEFENAMIC 500 MG,2627.4,4.4,0.0,2623.0,9,8,120
02/02/2026,Cainta,20,INSULIN,1269.4,7.1,0.0,1262.3,5,6,150
02/02/2026,Cainta,20,1CC/3CC,1058.7,2.0,0.0,1056.7,13,13,50
02/02/2026,Cainta,20,5CC/10CC,1354.7,1.9,125.8,1478.6,8,7,50
02/02/2026,Cainta,20,CETIRIZINE,2898.9,4.1,0.0,2894.8,7,6,100
02/02/2026,Cainta,20,G23,741.1,1.0,0.0,740.1,13,14,50
02/02/2026,Cainta,20,G27,837.5,1.0,72.1,908.6,11,14,50
02/02/2026,Cainta,20,GAUZE PAD,206.7,2.1,0.0,204.6,5,5,50
02/02/2026,Cainta,20,COTTON BALLS,2554.7,11.1,0.0,2543.6,5,6,240
02/02/2026,Cainta,20,BETADINE,1.4,0.1,0.0,1.3,5,7,50
02/02/2026,Cainta,20,ALCOHOL,7.5,0.1,0.0,7.4,10,10,50
02/02/2026,Cainta,20,FACEMASK,538.9,4.0,0.0,534.9,6,8,100
02/02/2026,Cainta,20,GLOVES,988.8,3.6,0.0,985.2,12,11,100
02/02/2026,Cainta,20,MICROPRE,138.0,1.0,0.0,137.0,12,13,50
02/02/2026,Cainta,20,STERILE WATER,72.1,0.6,0.0,71.5,9,8,50
02/02/2026,Cainta,20,REF THERMOMETER,4.3,0.2,0.0,4.1,10,8,50
02/02/2026,Cainta,20,ACRYLIC CONTAINERS,32.3,0.4,23.4,55.3,7,6,50
02/02/2026,Cainta,20,COOLER,6.2,0.1,0.0,6.1,6,5,50
02/02/2026,Cainta,20,KIDNEY BASIN,0.9,0.4,0.0,0.5,11,14,50
02/02/2026,Cainta,20,WEIGHING SCALE,14.1,0.1,0.0,14.0,6,7,50
02/02/2026,Cainta,20,FORCEPS,0.1,0.4,6.3,6.0,6,8,50
02/02/2026,Cainta,20,BETADINE CONTAINER,9.3,0.2,0.0,9.1,7,8,50
02/02/2026,Cainta,20,ALCOHOL PUMP CONTAINER,5.0,0.2,0.0,4.8,5,6,50
03/02/2026,Cainta,19,SPEEDA,1227.6,2.7,0.0,1224.9,8,7,70
03/02/2026,Cainta,19,ABHAYRAB,140.9,0.9,0.0,140.0,10,11,50
03/02/2026,Cainta,19,VAXIRAB,130.5,1.0,0.0,129.5,11,11,50
03/02/2026,Cainta,19,CHIRORAB,42.1,1.0,0.0,41.1,9,12,50
03/02/2026,Cainta,19,ERIG,11.6,0.8,0.0,10.8,11,15,50
03/02/2026,Cainta,19,HRIG,2.0,0.4,0.0,1.6,8,7,50
03/02/2026,Cainta,19,"ATS 1,500 ""IU""",20.2,0.4,0.0,19.8,11,13,50
03/02/2026,Cainta,19,"ATS 3000 ""IU""",27.0,0.4,0.0,26.6,9,11,50
03/02/2026,Cainta,19,"ATS 5,000 ""IU""",2.5,0.4,28.0,30.1,6,7,50
03/02/2026,Cainta,19,HTIG,3.6,0.2,0.0,3.4,12,10,50
03/02/2026,Cainta,19,TOXOID BETT,1749.6,1.8,0.0,1747.8,7,8,50
03/02/2026,Cainta,19,TOXOID ABHAYTOX,161.5,0.4,0.0,161.1,5,6,50
03/02/2026,Cainta,19,PPD,15.3,0.1,0.0,15.2,7,7,50
03/02/2026,Cainta,19,HEPA B,49.3,0.4,0.0,48.9,8,9,50
03/02/2026,Cainta,19,HEPA BIG,15.3,0.4,0.0,14.9,7,6,50
03/02/2026,Cainta,19,FLU,18.8,0.2,10.7,29.3,9,12,50
03/02/2026,Cainta,19,AMOXICILLIN 500MG,1260.1,5.6,0.0,1254.5,11,10,140
03/02/2026,Cainta,19,CEFALEXIN 500 MG,2875.6,4.0,0.0,2871.6,7,6,100
03/02/2026,Cainta,19,MEFENAMIC 500 MG,2623.0,5.9,0.0,2617.1,9,9,120
03/02/2026,Cainta,19,INSULIN,1262.3,6.3,0.0,1256.0,7,9,150
03/02/2026,Cainta,19,1CC/3CC,1056.7,1.9,130.7,1185.5,11,13,50
03/02/2026,Cainta,19,5CC/10CC,1478.6,1.8,0.0,1476.8,6,5,50
03/02/2026,Cainta,19,CETIRIZINE,2894.8,4.3,0.0,2890.5,6,5,100
03/02/2026,Cainta,19,G23,740.1,0.9,0.0,739.2,9,11,50
03/02/2026,Cainta,19,G27,908.6,1.0,0.0,907.6,10,10,50
03/02/2026,Cainta,19,GAUZE PAD,204.6,1.9,0.0,202.7,11,9,50
03/02/2026,Cainta,19,COTTON BALLS,2543.6,13.1,0.0,2530.5,9,12,240
03/02/2026,Cainta,19,BETADINE,1.3,0.1,0.0,1.2,11,10,50
03/02/2026,Cainta,19,ALCOHOL,7.4,0.1,0.0,7.3,8,9,50
03/02/2026,Cainta,19,FACEMASK,534.9,3.6,0.0,531.3,5,5,100
03/02/2026,Cainta,19,GLOVES,985.2,3.7,58.1,1039.6,6,7,100
03/02/2026,Cainta,19,MICROPRE,137.0,1.0,0.0,136.0,5,6,50
03/02/2026,Cainta,19,STERILE WATER,71.5,0.6,0.0,70.9,7,7,50
03/02/2026,Cainta,19,REF THERMOMETER,4.1,0.2,0.0,3.9,9,11,50
03/02/2026,Cainta,19,ACRYLIC CONTAINERS,55.3,0.4,0.0,54.9,7,9,50
03/02/2026,Cainta,19,COOLER,6.1,0.1,0.0,6.0,9,12,50
03/02/2026,Cainta,19,KIDNEY BASIN,0.5,0.4,0.0,0.1,8,8,50
03/02/2026,Cainta,19,WEIGHING SCALE,14.0,0.1,0.0,13.9,10,11,50
03/02/2026,Cainta,19,FORCEPS,6.0,0.4,0.0,5.6,10,13,50
03/02/2026,Cainta,19,BETADINE CONTAINER,9.1,0.2,4.0,12.9,7,6,50
03/02/2026,Cainta,19,ALCOHOL PUMP CONTAINER,4.8,0.2,0.0,4.6,7,6,50
04/02/2026,Cainta,87,SPEEDA,1224.9,11.3,0.0,1213.6,42,39,70
04/02/2026,Cainta,87,ABHAYRAB,140.0,4.2,39.8,175.6,43,56,50
04/02/2026,Cainta,87,VAXIRAB,129.5,4.3,43.9,169.1,33,29,50
04/02/2026,Cainta,87,CHIRORAB,41.1,4.6,0.0,36.5,33,32,50
04/02/2026,Cainta,87,ERIG,10.8,3.4,0.0,7.4,46,54,50
04/02/2026,Cainta,87,HRIG,1.6,1.7,14.1,14.0,44,40,50
04/02/2026,Cainta,87,"ATS 1,500 ""IU""",19.8,1.7,0.0,18.1,26,26,50
04/02/2026,Cainta,87,"ATS 3000 ""IU""",26.6,1.7,0.0,24.9,37,40,50
04/02/2026,Cainta,87,"ATS 5,000 ""IU""",30.1,1.7,0.0,28.4,53,50,50
04/02/2026,Cainta,87,HTIG,3.4,0.9,0.0,2.5,23,32,50
04/02/2026,Cainta,87,TOXOID BETT,1747.8,9.4,0.0,1738.4,52,47,50
04/02/2026,Cainta,87,TOXOID ABHAYTOX,161.1,1.8,16.3,175.6,27,35,50
04/02/2026,Cainta,87,PPD,15.2,0.4,0.0,14.8,39,42,50
04/02/2026,Cainta,87,HEPA B,48.9,1.7,0.0,47.2,37,32,50
04/02/2026,Cainta,87,HEPA BIG,14.9,1.7,0.0,13.2,22,19,50
04/02/2026,Cainta,87,FLU,29.3,0.9,0.0,28.4,54,59,50
04/02/2026,Cainta,87,AMOXICILLIN 500MG,1254.5,28.2,0.0,1226.3,38,38,140
04/02/2026,Cainta,87,CEFALEXIN 500 MG,2871.6,16.2,0.0,2855.4,55,52,100
04/02/2026,Cainta,87,MEFENAMIC 500 MG,2617.1,28.2,0.0,2588.9,32,44,120
04/02/2026,Cainta,87,INSULIN,1256.0,31.2,0.0,1224.8,52,56,150
04/02/2026,Cainta,87,1CC/3CC,1185.5,8.8,0.0,1176.7,54,73,50
04/02/2026,Cainta,87,5CC/10CC,1476.8,9.2,0.0,1467.6,41,37,50
04/02/2026,Cainta,87,CETIRIZINE,2890.5,19.4,0.0,2871.1,29,26,100
04/02/2026,Cainta,87,G23,739.2,4.3,0.0,734.9,46,53,50
04/02/2026,Cainta,87,G27,907.6,4.2,137.5,1040.9,41,39,50
04/02/2026,Cainta,87,GAUZE PAD,202.7,8.7,11.7,205.7,55,50,50
04/02/2026,Cainta,87,COTTON BALLS,2530.5,51.7,0.0,2478.8,37,32,240
04/02/2026,Cainta,87,BETADINE,1.2,0.4,0.0,0.8,31,26,50
04/02/2026,Cainta,87,ALCOHOL,7.3,0.4,0.0,6.9,27,34,50
04/02/2026,Cainta,87,FACEMASK,531.3,16.1,81.5,596.7,46,45,100
04/02/2026,Cainta,87,GLOVES,1039.6,17.3,0.0,1022.3,56,78,100
04/02/2026,Cainta,87,MICROPRE,136.0,4.3,0.0,131.7,23,21,50
04/02/2026,Cainta,87,STERILE WATER,70.9,2.7,0.0,68.2,48,49,50
04/02/2026,Cainta,87,REF THERMOMETER,3.9,0.9,0.0,3.0,54,55,50
04/02/2026,Cainta,87,ACRYLIC CONTAINERS,54.9,1.7,0.0,53.2,24,26,50
04/02/2026,Cainta,87,COOLER,6.0,0.4,0.0,5.6,26,34,50
04/02/2026,Cainta,87,KIDNEY BASIN,0.1,1.8,14.7,13.0,46,60,50
04/02/2026,Cainta,87,WEIGHING SCALE,13.9,0.4,0.0,13.5,44,35,50
04/02/2026,Cainta,87,FORCEPS,5.6,1.7,0.0,3.9,24,25,50
04/02/2026,Cainta,87,BETADINE CONTAINER,12.9,0.9,0.0,12.0,51,66,50
04/02/2026,Cainta,87,ALCOHOL PUMP CONTAINER,4.6,0.9,0.0,3.7,40,32,50
05/02/2026,Cainta,75,SPEEDA,1213.6,11.2,0.0,1202.4,46,52,70
05/02/2026,Cainta,75,ABHAYRAB,175.6,3.8,0.0,171.8,45,43,50
05/02/2026,Cainta,75,VAXIRAB,169.1,3.5,0.0,165.6,43,45,50
05/02/2026,Cainta,75,CHIRORAB,36.5,3.8,13.9,46.6,34,36,50
05/02/2026,Cainta,75,ERIG,7.4,3.0,0.0,4.4,26,27,50
05/02/2026,Cainta,75,HRIG,14.0,1.5,0.0,12.5,34,45,50
05/02/2026,Cainta,75,"ATS 1,500 ""IU""",18.1,1.5,0.0,16.6,22,25,50
05/02/2026,Cainta,75,"ATS 3000 ""IU""",24.9,1.5,0.0,23.4,39,52,50
05/02/2026,Cainta,75,"ATS 5,000 ""IU""",28.4,1.5,0.0,26.9,23,28,50
05/02/2026,Cainta,75,HTIG,2.5,0.8,0.0,1.7,34,34,50
05/02/2026,Cainta,75,TOXOID BETT,1738.4,7.2,0.0,1731.2,20,22,50
05/02/2026,Cainta,75,TOXOID ABHAYTOX,175.6,1.5,0.0,174.1,28,29,50
05/02/2026,Cainta,75,PPD,14.8,0.4,0.0,14.4,26,34,50
05/02/2026,Cainta,75,HEPA B,47.2,1.5,0.0,45.7,37,34,50
05/02/2026,Cainta,75,HEPA BIG,13.2,1.5,0.0,11.7,42,57,50
05/02/2026,Cainta,75,FLU,28.4,0.7,0.0,27.7,20,23,50
05/02/2026,Cainta,75,AMOXICILLIN 500MG,1226.3,20.8,0.0,1205.5,44,51,140
05/02/2026,Cainta,75,CEFALEXIN 500 MG,2855.4,14.1,0.0,2841.3,45,50,100
05/02/2026,Cainta,75,MEFENAMIC 500 MG,2588.9,18.6,0.0,2570.3,29,33,120
05/02/2026,Cainta,75,INSULIN,1224.8,24.0,0.0,1200.8,39,47,150
05/02/2026,Cainta,75,1CC/3CC,1176.7,7.7,0.0,1169.0,31,37,50
05/02/2026,Cainta,75,5CC/10CC,1467.6,6.9,86.9,1547.6,23,21,50
05/02/2026,Cainta,75,CETIRIZINE,2871.1,16.7,0.0,2854.4,35,40,100
05/02/2026,Cainta,75,G23,734.9,3.8,0.0,731.1,21,21,50
05/02/2026,Cainta,75,G27,1040.9,3.9,0.0,1037.0,45,53,50
05/02/2026,Cainta,75,GAUZE PAD,205.7,7.7,0.0,198.0,46,52,50
05/02/2026,Cainta,75,COTTON BALLS,2478.8,46.7,393.2,2825.3,43,39,240
05/02/2026,Cainta,75,BETADINE,0.8,0.4,0.0,0.4,36,45,50
05/02/2026,Cainta,75,ALCOHOL,6.9,0.4,0.0,6.5,35,38,50
05/02/2026,Cainta,75,FACEMASK,596.7,15.8,0.0,580.9,48,54,100
05/02/2026,Cainta,75,GLOVES,1022.3,14.9,0.0,1007.4,26,31,100
05/02/2026,Cainta,75,MICROPRE,131.7,4.0,0.0,127.7,21,25,50
05/02/2026,Cainta,75,STERILE WATER,68.2,2.3,0.0,65.9,36,45,50
05/02/2026,Cainta,75,REF THERMOMETER,3.0,0.8,0.0,2.2,29,27,50
05/02/2026,Cainta,75,ACRYLIC CONTAINERS,53.2,1.5,0.0,51.7,28,24,50
05/02/2026,Cainta,75,COOLER,5.6,0.4,0.0,5.2,19,23,50
05/02/2026,Cainta,75,KIDNEY BASIN,13.0,1.5,0.0,11.5,37,35,50
05/02/2026,Cainta,75,WEIGHING SCALE,13.5,0.4,0.0,13.1,27,23,50
05/02/2026,Cainta,75,FORCEPS,3.9,1.5,0.0,2.4,24,21,50
05/02/2026,Cainta,75,BETADINE CONTAINER,12.0,0.8,0.0,11.2,20,20,50
05/02/2026,Cainta,75,ALCOHOL PUMP CONTAINER,3.7,0.8,0.0,2.9,30,42,50
06/02/2026,Cainta,14,SPEEDA,1202.4,2.2,0.0,1200.2,8,7,70
06/02/2026,Cainta,14,ABHAYRAB,171.8,0.7,0.0,171.1,5,5,50
06/02/2026,Cainta,14,VAXIRAB,165.6,0.7,0.0,164.9,7,9,50
06/02/2026,Cainta,14,CHIRORAB,46.6,0.7,0.0,45.9,8,11,50
06/02/2026,Cainta,14,ERIG,4.4,0.6,0.0,3.8,5,5,50
06/02/2026,Cainta,14,HRIG,12.5,0.3,0.0,12.2,8,11,50
06/02/2026,Cainta,14,"ATS 1,500 ""IU""",16.6,0.3,0.0,16.3,7,6,50
06/02/2026,Cainta,14,"ATS 3000 ""IU""",23.4,0.3,15.2,38.3,7,9,50
06/02/2026,Cainta,14,"ATS 5,000 ""IU""",26.9,0.3,0.0,26.6,4,3,50
06/02/2026,Cainta,14,HTIG,1.7,0.1,0.0,1.6,4,4,50
06/02/2026,Cainta,14,TOXOID BETT,1731.2,1.2,0.0,1730.0,9,9,50
06/02/2026,Cainta,14,TOXOID ABHAYTOX,174.1,0.3,0.0,173.8,8,10,50
06/02/2026,Cainta,14,PPD,14.4,0.1,0.0,14.3,9,7,50
06/02/2026,Cainta,14,HEPA B,45.7,0.3,0.0,45.4,9,10,50
06/02/2026,Cainta,14,HEPA BIG,11.7,0.3,0.0,11.4,4,5,50
06/02/2026,Cainta,14,FLU,27.7,0.1,0.0,27.6,8,7,50
06/02/2026,Cainta,14,AMOXICILLIN 500MG,1205.5,5.4,300.4,1500.5,6,8,140
06/02/2026,Cainta,14,CEFALEXIN 500 MG,2841.3,3.4,209.2,3047.1,8,8,100
06/02/2026,Cainta,14,MEFENAMIC 500 MG,2570.3,3.6,171.7,2738.4,4,4,120
06/02/2026,Cainta,14,INSULIN,1200.8,4.9,0.0,1195.9,5,5,150
06/02/2026,Cainta,14,1CC/3CC,1169.0,1.4,0.0,1167.6,8,8,50
06/02/2026,Cainta,14,5CC/10CC,1547.6,1.3,0.0,1546.3,8,7,50
06/02/2026,Cainta,14,CETIRIZINE,2854.4,2.7,0.0,2851.7,7,8,100
06/02/2026,Cainta,14,G23,731.1,0.7,0.0,730.4,5,6,50
06/02/2026,Cainta,14,G27,1037.0,0.7,0.0,1036.3,5,5,50
06/02/2026,Cainta,14,GAUZE PAD,198.0,1.4,0.0,196.6,9,10,50
06/02/2026,Cainta,14,COTTON BALLS,2825.3,6.9,0.0,2818.4,6,8,240
06/02/2026,Cainta,14,BETADINE,0.4,0.1,0.0,0.3,6,6,50
06/02/2026,Cainta,14,ALCOHOL,6.5,0.1,0.0,6.4,7,8,50
06/02/2026,Cainta,14,FACEMASK,580.9,2.5,0.0,578.4,6,8,100
06/02/2026,Cainta,14,GLOVES,1007.4,2.6,0.0,1004.8,7,7,100
06/02/2026,Cainta,14,MICROPRE,127.7,0.7,40.5,167.5,6,7,50
06/02/2026,Cainta,14,STERILE WATER,65.9,0.4,0.0,65.5,8,11,50
06/02/2026,Cainta,14,REF THERMOMETER,2.2,0.1,0.0,2.1,9,10,50
06/02/2026,Cainta,14,ACRYLIC CONTAINERS,51.7,0.3,0.0,51.4,9,12,50
06/02/2026,Cainta,14,COOLER,5.2,0.1,0.0,5.1,7,7,50
06/02/2026,Cainta,14,KIDNEY BASIN,11.5,0.3,0.0,11.2,6,7,50
06/02/2026,Cainta,14,WEIGHING SCALE,13.1,0.1,0.0,13.0,7,7,50
06/02/2026,Cainta,14,FORCEPS,2.4,0.3,0.0,2.1,8,6,50
06/02/2026,Cainta,14,BETADINE CONTAINER,11.2,0.1,0.0,11.1,7,10,50
06/02/2026,Cainta,14,ALCOHOL PUMP CONTAINER,2.9,0.1,0.0,2.8,7,7,50
07/02/2026,Cainta,10,SPEEDA,1200.2,1.4,0.0,1198.8,5,7,70
07/02/2026,Cainta,10,ABHAYRAB,171.1,0.5,0.0,170.6,5,6,50
07/02/2026,Cainta,10,VAXIRAB,164.9,0.5,0.0,164.4,5,7,50
07/02/2026,Cainta,10,CHIRORAB,45.9,0.5,0.0,45.4,3,4,50
07/02/2026,Cainta,10,ERIG,3.8,0.4,0.0,3.4,4,5,50
07/02/2026,Cainta,10,HRIG,12.2,0.2,0.0,12.0,5,7,50
07/02/2026,Cainta,10,"ATS 1,500 ""IU""",16.3,0.2,0.0,16.1,3,4,50
07/02/2026,Cainta,10,"ATS 3000 ""IU""",38.3,0.2,0.0,38.1,6,7,50
07/02/2026,Cainta,10,"ATS 5,000 ""IU""",26.6,0.2,0.0,26.4,5,6,50
07/02/2026,Cainta,10,HTIG,1.6,0.1,0.0,1.5,3,3,50
07/02/2026,Cainta,10,TOXOID BETT,1730.0,1.1,0.0,1728.9,6,5,50
07/02/2026,Cainta,10,TOXOID ABHAYTOX,173.8,0.2,0.0,173.6,5,5,50
07/02/2026,Cainta,10,PPD,14.3,0.0,0.0,14.3,6,6,50
07/02/2026,Cainta,10,HEPA B,45.4,0.2,0.0,45.2,4,4,50
07/02/2026,Cainta,10,HEPA BIG,11.4,0.2,0.0,11.2,6,7,50
07/02/2026,Cainta,10,FLU,27.6,0.1,0.0,27.5,4,5,50
07/02/2026,Cainta,10,AMOXICILLIN 500MG,1500.5,2.7,0.0,1497.8,5,6,140
07/02/2026,Cainta,10,CEFALEXIN 500 MG,3047.1,2.0,0.0,3045.1,3,4,100
07/02/2026,Cainta,10,MEFENAMIC 500 MG,2738.4,2.5,0.0,2735.9,5,7,120
07/02/2026,Cainta,10,INSULIN,1195.9,2.8,0.0,1193.1,5,7,150
07/02/2026,Cainta,10,1CC/3CC,1167.6,0.9,0.0,1166.7,5,6,50
07/02/2026,Cainta,10,5CC/10CC,1546.3,1.0,0.0,1545.3,4,4,50
07/02/2026,Cainta,10,CETIRIZINE,2851.7,2.0,0.0,2849.7,6,8,100
07/02/2026,Cainta,10,G23,730.4,0.5,0.0,729.9,5,5,50
07/02/2026,Cainta,10,G27,1036.3,0.5,0.0,1035.8,4,4,50
07/02/2026,Cainta,10,GAUZE PAD,196.6,1.1,35.7,231.2,6,6,50
07/02/2026,Cainta,10,COTTON BALLS,2818.4,4.2,0.0,2814.2,5,6,240
07/02/2026,Cainta,10,BETADINE,0.3,0.1,0.0,0.2,6,7,50
07/02/2026,Cainta,10,ALCOHOL,6.4,0.0,0.0,6.4,6,5,50
07/02/2026,Cainta,10,FACEMASK,578.4,2.1,0.0,576.3,6,8,100
07/02/2026,Cainta,10,GLOVES,1004.8,2.1,84.6,1087.3,6,5,100
07/02/2026,Cainta,10,MICROPRE,167.5,0.5,0.0,167.0,5,5,50
07/02/2026,Cainta,10,STERILE WATER,65.5,0.3,0.0,65.2,3,3,50
07/02/2026,Cainta,10,REF THERMOMETER,2.1,0.1,0.0,2.0,5,5,50
07/02/2026,Cainta,10,ACRYLIC CONTAINERS,51.4,0.2,0.0,51.2,6,8,50
07/02/2026,Cainta,10,COOLER,5.1,0.1,0.0,5.0,5,4,50
07/02/2026,Cainta,10,KIDNEY BASIN,11.2,0.2,0.0,11.0,6,6,50
07/02/2026,Cainta,10,WEIGHING SCALE,13.0,0.0,0.0,13.0,3,2,50
07/02/2026,Cainta,10,FORCEPS,2.1,0.2,5.4,7.3,4,5,50
07/02/2026,Cainta,10,BETADINE CONTAINER,11.1,0.1,0.0,11.0,5,7,50
07/02/2026,Cainta,10,ALCOHOL PUMP CONTAINER,2.8,0.1,0.0,2.7,4,5,50
08/02/2026,Cainta,85,SPEEDA,1198.8,12.5,0.0,1186.3,25,29,70
08/02/2026,Cainta,85,ABHAYRAB,170.6,4.5,0.0,166.1,26,35,50
08/02/2026,Cainta,85,VAXIRAB,164.4,4.0,0.0,160.4,50,48,50
08/02/2026,Cainta,85,CHIRORAB,45.4,4.1,0.0,41.3,38,32,50
08/02/2026,Cainta,85,ERIG,3.4,3.5,17.1,17.0,23,25,50
08/02/2026,Cainta,85,HRIG,12.0,1.7,0.0,10.3,22,21,50
08/02/2026,Cainta,85,"ATS 1,500 ""IU""",16.1,1.7,0.0,14.4,37,40,50
08/02/2026,Cainta,85,"ATS 3000 ""IU""",38.1,1.7,24.4,60.8,27,29,50
08/02/2026,Cainta,85,"ATS 5,000 ""IU""",26.4,1.7,0.0,24.7,45,45,50
08/02/2026,Cainta,85,HTIG,1.5,0.9,0.0,0.6,48,52,50
08/02/2026,Cainta,85,TOXOID BETT,1728.9,8.8,117.4,1837.5,29,30,50
08/02/2026,Cainta,85,TOXOID ABHAYTOX,173.6,1.7,0.0,171.9,41,36,50
08/02/2026,Cainta,85,PPD,14.3,0.4,0.0,13.9,27,36,50
08/02/2026,Cainta,85,HEPA B,45.2,1.7,0.0,43.5,32,39,50
08/02/2026,Cainta,85,HEPA BIG,11.2,1.7,0.0,9.5,51,42,50
08/02/2026,Cainta,85,FLU,27.5,0.9,0.0,26.6,40,35,50
08/02/2026,Cainta,85,AMOXICILLIN 500MG,1497.8,29.1,0.0,1468.7,51,44,140
08/02/2026,Cainta,85,CEFALEXIN 500 MG,3045.1,15.3,0.0,3029.8,29,24,100
08/02/2026,Cainta,85,MEFENAMIC 500 MG,2735.9,25.1,0.0,2710.8,32,27,120
08/02/2026,Cainta,85,INSULIN,1193.1,26.7,0.0,1166.4,37,33,150
08/02/2026,Cainta,85,1CC/3CC,1166.7,8.8,0.0,1157.9,38,50,50
08/02/2026,Cainta,85,5CC/10CC,1545.3,9.1,0.0,1536.2,55,71,50
08/02/2026,Cainta,85,CETIRIZINE,2849.7,15.2,0.0,2834.5,25,32,100
08/02/2026,Cainta,85,G23,729.9,4.2,0.0,725.7,50,58,50
08/02/2026,Cainta,85,G27,1035.8,4.2,0.0,1031.6,51,63,50
08/02/2026,Cainta,85,GAUZE PAD,231.2,7.9,0.0,223.3,40,50,50
08/02/2026,Cainta,85,COTTON BALLS,2814.2,45.6,0.0,2768.6,33,44,240
08/02/2026,Cainta,85,BETADINE,0.2,0.4,11.2,11.0,39,48,50
08/02/2026,Cainta,85,ALCOHOL,6.4,0.4,0.0,6.0,31,38,50
08/02/2026,Cainta,85,FACEMASK,576.3,16.9,0.0,559.4,48,62,100
08/02/2026,Cainta,85,GLOVES,1087.3,18.1,0.0,1069.2,38,43,100
08/02/2026,Cainta,85,MICROPRE,167.0,4.3,0.0,162.7,53,49,50
08/02/2026,Cainta,85,STERILE WATER,65.2,2.5,0.0,62.7,42,36,50
08/02/2026,Cainta,85,REF THERMOMETER,2.0,0.8,0.0,1.2,39,41,50
08/02/2026,Cainta,85,ACRYLIC CONTAINERS,51.2,1.7,0.0,49.5,45,38,50
08/02/2026,Cainta,85,COOLER,5.0,0.4,0.0,4.6,38,34,50
08/02/2026,Cainta,85,KIDNEY BASIN,11.0,1.7,0.0,9.3,52,42,50
08/02/2026,Cainta,85,WEIGHING SCALE,13.0,0.4,0.0,12.6,28,27,50
08/02/2026,Cainta,85,FORCEPS,7.3,1.7,0.0,5.6,54,75,50
08/02/2026,Cainta,85,BETADINE CONTAINER,11.0,0.9,0.0,10.1,49,50,50
08/02/2026,Cainta,85,ALCOHOL PUMP CONTAINER,2.7,0.9,0.0,1.8,51,48,50
09/02/2026,Cainta,82,SPEEDA,1186.3,13.4,0.0,1172.9,36,38,70
09/02/2026,Cainta,82,ABHAYRAB,166.1,4.1,47.5,209.5,48,47,50
09/02/2026,Cainta,82,VAXIRAB,160.4,4.2,0.0,156.2,31,37,50
09/02/2026,Cainta,82,CHIRORAB,41.3,4.1,0.0,37.2,45,53,50
09/02/2026,Cainta,82,ERIG,17.0,3.4,0.0,13.6,25,20,50
09/02/2026,Cainta,82,HRIG,10.3,1.6,0.0,8.7,31,34,50
09/02/2026,Cainta,82,"ATS 1,500 ""IU""",14.4,1.6,0.0,12.8,35,29,50
09/02/2026,Cainta,82,"ATS 3000 ""IU""",60.8,1.6,0.0,59.2,31,37,50
09/02/2026,Cainta,82,"ATS 5,000 ""IU""",24.7,1.6,0.0,23.1,33,45,50
09/02/2026,Cainta,82,HTIG,0.6,0.8,17.2,17.0,47,63,50
09/02/2026,Cainta,82,TOXOID BETT,1837.5,7.9,0.0,1829.6,29,27,50
09/02/2026,Cainta,82,TOXOID ABHAYTOX,171.9,1.6,0.0,170.3,45,56,50
09/02/2026,Cainta,82,PPD,13.9,0.4,0.0,13.5,23,29,50
09/02/2026,Cainta,82,HEPA B,43.5,1.7,0.0,41.8,46,61,50
09/02/2026,Cainta,82,HEPA BIG,9.5,1.7,0.0,7.8,46,44,50
09/02/2026,Cainta,82,FLU,26.6,0.8,0.0,25.8,34,36,50
09/02/2026,Cainta,82,AMOXICILLIN 500MG,1468.7,20.5,0.0,1448.2,44,41,140
09/02/2026,Cainta,82,CEFALEXIN 500 MG,3029.8,16.5,0.0,3013.3,51,42,100
09/02/2026,Cainta,82,MEFENAMIC 500 MG,2710.8,17.6,0.0,2693.2,47,56,120
09/02/2026,Cainta,82,INSULIN,1166.4,22.2,139.7,1283.9,33,35,150
09/02/2026,Cainta,82,1CC/3CC,1157.9,7.8,0.0,1150.1,36,34,50
09/02/2026,Cainta,82,5CC/10CC,1536.2,8.7,0.0,1527.5,46,60,50
09/02/2026,Cainta,82,CETIRIZINE,2834.5,15.8,248.7,3067.4,30,33,100
09/02/2026,Cainta,82,G23,725.7,4.2,102.3,823.8,47,66,50
09/02/2026,Cainta,82,G27,1031.6,4.2,0.0,1027.4,31,40,50
09/02/2026,Cainta,82,GAUZE PAD,223.3,9.2,0.0,214.1,47,62,50
09/02/2026,Cainta,82,COTTON BALLS,2768.6,30.5,0.0,2738.1,23,29,240
09/02/2026,Cainta,82,BETADINE,11.0,0.4,0.0,10.6,22,19,50
09/02/2026,Cainta,82,ALCOHOL,6.0,0.4,0.0,5.6,53,44,50
09/02/2026,Cainta,82,FACEMASK,559.4,14.9,113.9,658.4,49,66,100
09/02/2026,Cainta,82,GLOVES,1069.2,18.1,0.0,1051.1,49,43,100
09/02/2026,Cainta,82,MICROPRE,162.7,4.1,0.0,158.6,52,54,50
09/02/2026,Cainta,82,STERILE WATER,62.7,2.4,0.0,60.3,35,41,50
09/02/2026,Cainta,82,REF THERMOMETER,1.2,0.8,0.0,0.4,30,28,50
09/02/2026,Cainta,82,ACRYLIC CONTAINERS,49.5,1.6,0.0,47.9,25,23,50
09/02/2026,Cainta,82,COOLER,4.6,0.4,0.0,4.2,37,40,50
09/02/2026,Cainta,82,KIDNEY BASIN,9.3,1.6,0.0,7.7,28,28,50
09/02/2026,Cainta,82,WEIGHING SCALE,12.6,0.4,0.0,12.2,51,62,50
09/02/2026,Cainta,82,FORCEPS,5.6,1.6,0.0,4.0,21,18,50
09/02/2026,Cainta,82,BETADINE CONTAINER,10.1,0.8,0.0,9.3,25,27,50
09/02/2026,Cainta,82,ALCOHOL PUMP CONTAINER,1.8,0.8,0.0,1.0,29,26,50
10/02/2026,Cainta,76,SPEEDA,1172.9,10.2,0.0,1162.7,25,29,70
10/02/2026,Cainta,76,ABHAYRAB,209.5,3.8,0.0,205.7,26,23,50
10/02/2026,Cainta,76,VAXIRAB,156.2,3.8,0.0,152.4,39,36,50
10/02/2026,Cainta,76,CHIRORAB,37.2,3.8,0.0,33.4,29,37,50
10/02/2026,Cainta,76,ERIG,13.6,3.0,0.0,10.6,38,36,50
10/02/2026,Cainta,76,HRIG,8.7,1.5,0.0,7.2,46,57,50
10/02/2026,Cainta,76,"ATS 1,500 ""IU""",12.8,1.5,0.0,11.3,37,36,50
10/02/2026,Cainta,76,"ATS 3000 ""IU""",59.2,1.5,0.0,57.7,40,38,50
10/02/2026,Cainta,76,"ATS 5,000 ""IU""",23.1,1.5,0.0,21.6,30,29,50
10/02/2026,Cainta,76,HTIG,17.0,0.8,0.0,16.2,24,32,50
10/02/2026,Cainta,76,TOXOID BETT,1829.6,8.1,0.0,1821.5,29,30,50
10/02/2026,Cainta,76,TOXOID ABHAYTOX,170.3,1.5,0.0,168.8,48,45,50
10/02/2026,Cainta,76,PPD,13.5,0.4,0.0,13.1,38,43,50
10/02/2026,Cainta,76,HEPA B,41.8,1.5,0.0,40.3,27,28,50
10/02/2026,Cainta,76,HEPA BIG,7.8,1.5,0.0,6.3,33,42,50
10/02/2026,Cainta,76,FLU,25.8,0.8,0.0,25.0,44,61,50
10/02/2026,Cainta,76,AMOXICILLIN 500MG,1448.2,30.3,0.0,1417.9,39,44,140
10/02/2026,Cainta,76,CEFALEXIN 500 MG,3013.3,13.8,0.0,2999.5,36,39,100
10/02/2026,Cainta,76,MEFENAMIC 500 MG,2693.2,17.2,0.0,2676.0,46,46,120
10/02/2026,Cainta,76,INSULIN,1283.9,25.6,0.0,1258.3,39,54,150
10/02/2026,Cainta,76,1CC/3CC,1150.1,7.0,63.7,1206.8,39,43,50
10/02/2026,Cainta,76,5CC/10CC,1527.5,7.4,188.9,1709.0,25,23,50
10/02/2026,Cainta,76,CETIRIZINE,3067.4,16.1,0.0,3051.3,22,30,100
10/02/2026,Cainta,76,G23,823.8,3.7,72.2,892.3,48,66,50
10/02/2026,Cainta,76,G27,1027.4,3.8,53.8,1077.4,37,39,50
10/02/2026,Cainta,76,GAUZE PAD,214.1,7.9,0.0,206.2,32,32,50
10/02/2026,Cainta,76,COTTON BALLS,2738.1,41.3,0.0,2696.8,37,45,240
10/02/2026,Cainta,76,BETADINE,10.6,0.4,0.0,10.2,21,27,50
10/02/2026,Cainta,76,ALCOHOL,5.6,0.4,0.0,5.2,44,48,50
10/02/2026,Cainta,76,FACEMASK,658.4,15.8,0.0,642.6,26,26,100
10/02/2026,Cainta,76,GLOVES,1051.1,15.0,0.0,1036.1,43,42,100
10/02/2026,Cainta,76,MICROPRE,158.6,3.9,0.0,154.7,35,35,50
10/02/2026,Cainta,76,STERILE WATER,60.3,2.3,0.0,58.0,27,24,50
10/02/2026,Cainta,76,REF THERMOMETER,0.4,0.8,19.4,19.0,20,25,50
10/02/2026,Cainta,76,ACRYLIC CONTAINERS,47.9,1.5,27.0,73.4,44,38,50
10/02/2026,Cainta,76,COOLER,4.2,0.4,0.0,3.8,24,25,50
10/02/2026,Cainta,76,KIDNEY BASIN,7.7,1.5,0.0,6.2,21,27,50
10/02/2026,Cainta,76,WEIGHING SCALE,12.2,0.4,0.0,11.8,42,44,50
10/02/2026,Cainta,76,FORCEPS,4.0,1.5,0.0,2.5,30,29,50
10/02/2026,Cainta,76,BETADINE CONTAINER,9.3,0.8,0.0,8.5,31,42,50
10/02/2026,Cainta,76,ALCOHOL PUMP CONTAINER,1.0,0.8,0.0,0.2,27,24,50
11/02/2026,Cainta,83,SPEEDA,1162.7,12.0,0.0,1150.7,49,65,70
11/02/2026,Cainta,83,ABHAYRAB,205.7,4.2,19.6,221.1,31,26,50
11/02/2026,Cainta,83,VAXIRAB,152.4,4.2,16.3,164.5,28,29,50
11/02/2026,Cainta,83,CHIRORAB,33.4,4.2,0.0,29.2,31,37,50
11/02/2026,Cainta,83,ERIG,10.6,3.3,0.0,7.3,27,28,50
11/02/2026,Cainta,83,HRIG,7.2,1.7,0.0,5.5,31,35,50
11/02/2026,Cainta,83,"ATS 1,500 ""IU""",11.3,1.7,0.0,9.6,24,22,50
11/02/2026,Cainta,83,"ATS 3000 ""IU""",57.7,1.7,0.0,56.0,26,30,50
11/02/2026,Cainta,83,"ATS 5,000 ""IU""",21.6,1.6,0.0,20.0,35,31,50
11/02/2026,Cainta,83,HTIG,16.2,0.8,0.0,15.4,50,64,50
11/02/2026,Cainta,83,TOXOID BETT,1821.5,9.3,63.5,1875.7,23,26,50
11/02/2026,Cainta,83,TOXOID ABHAYTOX,168.8,1.7,0.0,167.1,28,30,50
11/02/2026,Cainta,83,PPD,13.1,0.4,0.0,12.7,51,42,50
11/02/2026,Cainta,83,HEPA B,40.3,1.7,0.0,38.6,50,55,50
11/02/2026,Cainta,83,HEPA BIG,6.3,1.7,0.0,4.6,43,49,50
11/02/2026,Cainta,83,FLU,25.0,0.8,0.0,24.2,29,28,50
11/02/2026,Cainta,83,AMOXICILLIN 500MG,1417.9,20.6,0.0,1397.3,35,42,140
11/02/2026,Cainta,83,CEFALEXIN 500 MG,2999.5,17.9,0.0,2981.6,28,24,100
11/02/2026,Cainta,83,MEFENAMIC 500 MG,2676.0,22.3,0.0,2653.7,25,23,120
11/02/2026,Cainta,83,INSULIN,1258.3,24.4,0.0,1233.9,33,41,150
11/02/2026,Cainta,83,1CC/3CC,1206.8,8.4,0.0,1198.4,40,36,50
11/02/2026,Cainta,83,5CC/10CC,1709.0,8.7,0.0,1700.3,33,31,50
11/02/2026,Cainta,83,CETIRIZINE,3051.3,18.1,0.0,3033.2,41,49,100
11/02/2026,Cainta,83,G23,892.3,4.0,0.0,888.3,31,38,50
11/02/2026,Cainta,83,G27,1077.4,4.3,79.4,1152.5,32,27,50
11/02/2026,Cainta,83,GAUZE PAD,206.2,8.3,0.0,197.9,47,41,50
11/02/2026,Cainta,83,COTTON BALLS,2696.8,42.1,0.0,2654.7,50,53,240
11/02/2026,Cainta,83,BETADINE,10.2,0.4,0.0,9.8,31,36,50
11/02/2026,Cainta,83,ALCOHOL,5.2,0.4,0.0,4.8,40,43,50
11/02/2026,Cainta,83,FACEMASK,642.6,18.7,0.0,623.9,30,36,100
11/02/2026,Cainta,83,GLOVES,1036.1,16.5,0.0,1019.6,23,29,100
11/02/2026,Cainta,83,MICROPRE,154.7,4.0,0.0,150.7,45,62,50
11/02/2026,Cainta,83,STERILE WATER,58.0,2.5,0.0,55.5,26,26,50
11/02/2026,Cainta,83,REF THERMOMETER,19.0,0.8,0.0,18.2,35,31,50
11/02/2026,Cainta,83,ACRYLIC CONTAINERS,73.4,1.7,0.0,71.7,37,35,50
11/02/2026,Cainta,83,COOLER,3.8,0.4,0.0,3.4,27,24,50
11/02/2026,Cainta,83,KIDNEY BASIN,6.2,1.6,0.0,4.6,24,25,50
11/02/2026,Cainta,83,WEIGHING SCALE,11.8,0.4,0.0,11.4,32,42,50
11/02/2026,Cainta,83,FORCEPS,2.5,1.7,0.0,0.8,52,52,50
11/02/2026,Cainta,83,BETADINE CONTAINER,8.5,0.8,0.0,7.7,41,36,50
11/02/2026,Cainta,83,ALCOHOL PUMP CONTAINER,0.2,0.8,8.6,8.0,33,37,50
12/02/2026,Cainta,38,SPEEDA,1150.7,5.9,145.0,1289.8,10,14,70
12/02/2026,Cainta,38,ABHAYRAB,221.1,1.9,0.0,219.2,19,17,50
12/02/2026,Cainta,38,VAXIRAB,164.5,2.0,0.0,162.5,11,14,50
12/02/2026,Cainta,38,CHIRORAB,29.2,2.0,0.0,27.2,18,23,50
12/02/2026,Cainta,38,ERIG,7.3,1.5,0.0,5.8,21,22,50
12/02/2026,Cainta,38,HRIG,5.5,0.8,0.0,4.7,16,19,50
12/02/2026,Cainta,38,"ATS 1,500 ""IU""",9.6,0.8,0.0,8.8,14,15,50
12/02/2026,Cainta,38,"ATS 3000 ""IU""",56.0,0.8,26.6,81.8,10,10,50
12/02/2026,Cainta,38,"ATS 5,000 ""IU""",20.0,0.8,0.0,19.2,10,11,50
12/02/2026,Cainta,38,HTIG,15.4,0.4,0.0,15.0,16,14,50
12/02/2026,Cainta,38,TOXOID BETT,1875.7,4.0,0.0,1871.7,23,28,50
12/02/2026,Cainta,38,TOXOID ABHAYTOX,167.1,0.8,0.0,166.3,13,17,50
12/02/2026,Cainta,38,PPD,12.7,0.2,0.0,12.5,18,18,50
12/02/2026,Cainta,38,HEPA B,38.6,0.8,0.0,37.8,20,23,50
12/02/2026,Cainta,38,HEPA BIG,4.6,0.8,0.0,3.8,10,9,50
12/02/2026,Cainta,38,FLU,24.2,0.4,0.0,23.8,12,11,50
12/02/2026,Cainta,38,AMOXICILLIN 500MG,1397.3,10.5,0.0,1386.8,15,18,140
12/02/2026,Cainta,38,CEFALEXIN 500 MG,2981.6,8.7,0.0,2972.9,20,18,100
12/02/2026,Cainta,38,MEFENAMIC 500 MG,2653.7,10.0,0.0,2643.7,16,20,120
12/02/2026,Cainta,38,INSULIN,1233.9,11.5,0.0,1222.4,21,20,150
12/02/2026,Cainta,38,1CC/3CC,1198.4,3.5,0.0,1194.9,23,30,50
12/02/2026,Cainta,38,5CC/10CC,1700.3,3.6,0.0,1696.7,21,21,50
12/02/2026,Cainta,38,CETIRIZINE,3033.2,7.8,0.0,3025.4,25,26,100
12/02/2026,Cainta,38,G23,888.3,1.8,0.0,886.5,21,26,50
12/02/2026,Cainta,38,G27,1152.5,2.0,0.0,1150.5,22,24,50
12/02/2026,Cainta,38,GAUZE PAD,197.9,3.8,0.0,194.1,22,20,50
12/02/2026,Cainta,38,COTTON BALLS,2654.7,36.3,0.0,2618.4,21,28,240
12/02/2026,Cainta,38,BETADINE,9.8,0.2,0.0,9.6,22,22,50
12/02/2026,Cainta,38,ALCOHOL,4.8,0.2,0.0,4.6,24,21,50
12/02/2026,Cainta,38,FACEMASK,623.9,7.5,0.0,616.4,17,18,100
12/02/2026,Cainta,38,GLOVES,1019.6,8.4,188.0,1199.2,19,22,100
12/02/2026,Cainta,38,MICROPRE,150.7,2.0,0.0,148.7,17,20,50
12/02/2026,Cainta,38,STERILE WATER,55.5,1.1,0.0,54.4,22,29,50
12/02/2026,Cainta,38,REF THERMOMETER,18.2,0.4,0.0,17.8,16,18,50
12/02/2026,Cainta,38,ACRYLIC CONTAINERS,71.7,0.8,0.0,70.9,22,21,50
12/02/2026,Cainta,38,COOLER,3.4,0.2,0.0,3.2,22,21,50
12/02/2026,Cainta,38,KIDNEY BASIN,4.6,0.8,9.8,13.6,24,21,50
12/02/2026,Cainta,38,WEIGHING SCALE,11.4,0.2,0.0,11.2,13,16,50
12/02/2026,Cainta,38,FORCEPS,0.8,0.8,0.0,0.0,20,17,50
12/02/2026,Cainta,38,BETADINE CONTAINER,7.7,0.4,0.0,7.3,21,24,50
12/02/2026,Cainta,38,ALCOHOL PUMP CONTAINER,8.0,0.4,0.0,7.6,24,28,50
13/02/2026,Cainta,40,SPEEDA,1289.8,5.6,0.0,1284.2,25,32,70
13/02/2026,Cainta,40,ABHAYRAB,219.2,1.9,0.0,217.3,19,16,50
13/02/2026,Cainta,40,VAXIRAB,162.5,2.0,0.0,160.5,19,18,50
13/02/2026,Cainta,40,CHIRORAB,27.2,2.0,0.0,25.2,13,17,50
13/02/2026,Cainta,40,ERIG,5.8,1.6,0.0,4.2,26,30,50
13/02/2026,Cainta,40,HRIG,4.7,0.8,0.0,3.9,14,15,50
13/02/2026,Cainta,40,"ATS 1,500 ""IU""",8.8,0.8,0.0,8.0,22,27,50
13/02/2026,Cainta,40,"ATS 3000 ""IU""",81.8,0.8,0.0,81.0,23,31,50
13/02/2026,Cainta,40,"ATS 5,000 ""IU""",19.2,0.8,0.0,18.4,17,16,50
13/02/2026,Cainta,40,HTIG,15.0,0.4,0.0,14.6,13,17,50
13/02/2026,Cainta,40,TOXOID BETT,1871.7,4.1,0.0,1867.6,13,11,50
13/02/2026,Cainta,40,TOXOID ABHAYTOX,166.3,0.8,0.0,165.5,24,33,50
13/02/2026,Cainta,40,PPD,12.5,0.2,0.0,12.3,18,16,50
13/02/2026,Cainta,40,HEPA B,37.8,0.8,0.0,37.0,11,11,50
13/02/2026,Cainta,40,HEPA BIG,3.8,0.8,0.0,3.0,21,18,50
13/02/2026,Cainta,40,FLU,23.8,0.4,0.0,23.4,14,18,50
13/02/2026,Cainta,40,AMOXICILLIN 500MG,1386.8,12.3,0.0,1374.5,24,33,140
13/02/2026,Cainta,40,CEFALEXIN 500 MG,2972.9,9.2,0.0,2963.7,15,15,100
13/02/2026,Cainta,40,MEFENAMIC 500 MG,2643.7,8.4,163.2,2798.5,13,13,120
13/02/2026,Cainta,40,INSULIN,1222.4,11.0,0.0,1211.4,11,11,150
13/02/2026,Cainta,40,1CC/3CC,1194.9,4.1,0.0,1190.8,18,16,50
13/02/2026,Cainta,40,5CC/10CC,1696.7,4.3,0.0,1692.4,17,22,50
13/02/2026,Cainta,40,CETIRIZINE,3025.4,7.6,0.0,3017.8,22,18,100
13/02/2026,Cainta,40,G23,886.5,2.0,0.0,884.5,17,23,50
13/02/2026,Cainta,40,G27,1150.5,1.9,0.0,1148.6,16,22,50
13/02/2026,Cainta,40,GAUZE PAD,194.1,4.0,0.0,190.1,14,12,50
13/02/2026,Cainta,40,COTTON BALLS,2618.4,30.1,0.0,2588.3,14,16,240
13/02/2026,Cainta,40,BETADINE,9.6,0.2,0.0,9.4,25,35,50
13/02/2026,Cainta,40,ALCOHOL,4.6,0.2,0.0,4.4,13,17,50
13/02/2026,Cainta,40,FACEMASK,616.4,8.3,0.0,608.1,26,32,100
13/02/2026,Cainta,40,GLOVES,1199.2,8.0,0.0,1191.2,15,12,100
13/02/2026,Cainta,40,MICROPRE,148.7,2.0,0.0,146.7,11,9,50
13/02/2026,Cainta,40,STERILE WATER,54.4,1.2,0.0,53.2,14,18,50
13/02/2026,Cainta,40,REF THERMOMETER,17.8,0.4,0.0,17.4,11,11,50
13/02/2026,Cainta,40,ACRYLIC CONTAINERS,70.9,0.8,0.0,70.1,23,28,50
13/02/2026,Cainta,40,COOLER,3.2,0.2,0.0,3.0,18,22,50
13/02/2026,Cainta,40,KIDNEY BASIN,13.6,0.8,0.0,12.8,15,16,50
13/02/2026,Cainta,40,WEIGHING SCALE,11.2,0.2,0.0,11.0,21,19,50
13/02/2026,Cainta,40,FORCEPS,0.0,0.8,13.8,13.0,20,21,50
13/02/2026,Cainta,40,BETADINE CONTAINER,7.3,0.4,0.0,6.9,25,33,50
13/02/2026,Cainta,40,ALCOHOL PUMP CONTAINER,7.6,0.4,0.0,7.2,25,25,50
14/02/2026,Cainta,53,SPEEDA,1284.2,7.5,0.0,1276.7,28,23,70
14/02/2026,Cainta,53,ABHAYRAB,217.3,2.6,0.0,214.7,31,43,50
14/02/2026,Cainta,53,VAXIRAB,160.5,2.5,0.0,158.0,30,36,50
14/02/2026,Cainta,53,CHIRORAB,25.2,2.7,0.0,22.5,24,27,50
14/02/2026,Cainta,53,ERIG,4.2,2.0,18.4,20.6,28,36,50
14/02/2026,Cainta,53,HRIG,3.9,1.0,0.0,2.9,15,16,50
14/02/2026,Cainta,53,"ATS 1,500 ""IU""",8.0,1.0,0.0,7.0,29,40,50
14/02/2026,Cainta,53,"ATS 3000 ""IU""",81.0,1.1,0.0,79.9,34,45,50
14/02/2026,Cainta,53,"ATS 5,000 ""IU""",18.4,1.1,0.0,17.3,15,15,50
14/02/2026,Cainta,53,HTIG,14.6,0.5,0.0,14.1,31,32,50
14/02/2026,Cainta,53,TOXOID BETT,1867.6,5.0,0.0,1862.6,33,32,50
14/02/2026,Cainta,53,TOXOID ABHAYTOX,165.5,1.0,0.0,164.5,18,22,50
14/02/2026,Cainta,53,PPD,12.3,0.3,0.0,12.0,24,28,50
14/02/2026,Cainta,53,HEPA B,37.0,1.1,12.0,47.9,33,37,50
14/02/2026,Cainta,53,HEPA BIG,3.0,1.1,0.0,1.9,34,47,50
14/02/2026,Cainta,53,FLU,23.4,0.5,0.0,22.9,16,17,50
14/02/2026,Cainta,53,AMOXICILLIN 500MG,1374.5,16.3,0.0,1358.2,21,27,140
14/02/2026,Cainta,53,CEFALEXIN 500 MG,2963.7,12.1,0.0,2951.6,28,33,100
14/02/2026,Cainta,53,MEFENAMIC 500 MG,2798.5,14.2,323.4,3107.7,18,20,120
14/02/2026,Cainta,53,INSULIN,1211.4,14.9,0.0,1196.5,20,17,150
14/02/2026,Cainta,53,1CC/3CC,1190.8,5.4,0.0,1185.4,14,17,50
14/02/2026,Cainta,53,5CC/10CC,1692.4,5.2,0.0,1687.2,17,20,50
14/02/2026,Cainta,53,CETIRIZINE,3017.8,10.6,0.0,3007.2,25,22,100
14/02/2026,Cainta,53,G23,884.5,2.6,0.0,881.9,27,34,50
14/02/2026,Cainta,53,G27,1148.6,2.6,0.0,1146.0,27,29,50
14/02/2026,Cainta,53,GAUZE PAD,190.1,5.4,0.0,184.7,30,30,50
14/02/2026,Cainta,53,COTTON BALLS,2588.3,21.7,0.0,2566.6,22,28,240
14/02/2026,Cainta,53,BETADINE,9.4,0.3,0.0,9.1,19,19,50
14/02/2026,Cainta,53,ALCOHOL,4.4,0.3,0.0,4.1,14,16,50
14/02/2026,Cainta,53,FACEMASK,608.1,9.0,0.0,599.1,18,21,100
14/02/2026,Cainta,53,GLOVES,1191.2,9.4,0.0,1181.8,20,17,100
14/02/2026,Cainta,53,MICROPRE,146.7,2.7,0.0,144.0,17,18,50
14/02/2026,Cainta,53,STERILE WATER,53.2,1.6,0.0,51.6,14,13,50
14/02/2026,Cainta,53,REF THERMOMETER,17.4,0.5,0.0,16.9,17,16,50
14/02/2026,Cainta,53,ACRYLIC CONTAINERS,70.1,1.1,0.0,69.0,27,32,50
14/02/2026,Cainta,53,COOLER,3.0,0.3,0.0,2.7,27,22,50
14/02/2026,Cainta,53,KIDNEY BASIN,12.8,1.1,0.0,11.7,33,46,50
14/02/2026,Cainta,53,WEIGHING SCALE,11.0,0.3,0.0,10.7,30,31,50
14/02/2026,Cainta,53,FORCEPS,13.0,1.0,0.0,12.0,25,24,50
14/02/2026,Cainta,53,BETADINE CONTAINER,6.9,0.5,0.0,6.4,16,22,50
14/02/2026,Cainta,53,ALCOHOL PUMP CONTAINER,7.2,0.5,0.0,6.7,25,27,50
15/02/2026,Cainta,26,SPEEDA,1276.7,3.9,0.0,1272.8,7,8,70
15/02/2026,Cainta,26,ABHAYRAB,214.7,1.3,0.0,213.4,11,13,50
15/02/2026,Cainta,26,VAXIRAB,158.0,1.2,0.0,156.8,11,15,50
15/02/2026,Cainta,26,CHIRORAB,22.5,1.3,0.0,21.2,11,10,50
15/02/2026,Cainta,26,ERIG,20.6,1.0,0.0,19.6,9,8,50
15/02/2026,Cainta,26,HRIG,2.9,0.5,0.0,2.4,14,20,50
15/02/2026,Cainta,26,"ATS 1,500 ""IU""",7.0,0.5,0.0,6.5,15,12,50
15/02/2026,Cainta,26,"ATS 3000 ""IU""",79.9,0.5,0.0,79.4,14,17,50
15/02/2026,Cainta,26,"ATS 5,000 ""IU""",17.3,0.5,0.0,16.8,13,15,50
15/02/2026,Cainta,26,HTIG,14.1,0.3,0.0,13.8,12,14,50
15/02/2026,Cainta,26,TOXOID BETT,1862.6,2.6,0.0,1860.0,7,9,50
15/02/2026,Cainta,26,TOXOID ABHAYTOX,164.5,0.5,0.0,164.0,14,20,50
15/02/2026,Cainta,26,PPD,12.0,0.1,0.0,11.9,12,10,50
15/02/2026,Cainta,26,HEPA B,47.9,0.5,0.0,47.4,9,11,50
15/02/2026,Cainta,26,HEPA BIG,1.9,0.5,0.0,1.4,10,12,50
15/02/2026,Cainta,26,FLU,22.9,0.3,0.0,22.6,16,16,50
15/02/2026,Cainta,26,AMOXICILLIN 500MG,1358.2,8.4,0.0,1349.8,13,17,140
15/02/2026,Cainta,26,CEFALEXIN 500 MG,2951.6,5.1,0.0,2946.5,11,12,100
15/02/2026,Cainta,26,MEFENAMIC 500 MG,3107.7,6.1,0.0,3101.6,13,12,120
15/02/2026,Cainta,26,INSULIN,1196.5,9.1,0.0,1187.4,11,14,150
15/02/2026,Cainta,26,1CC/3CC,1185.4,2.4,0.0,1183.0,11,15,50
15/02/2026,Cainta,26,5CC/10CC,1687.2,2.5,85.2,1769.9,10,9,50
15/02/2026,Cainta,26,CETIRIZINE,3007.2,5.0,0.0,3002.2,11,14,100
15/02/2026,Cainta,26,G23,881.9,1.3,0.0,880.6,14,13,50
15/02/2026,Cainta,26,G27,1146.0,1.3,0.0,1144.7,7,6,50
15/02/2026,Cainta,26,GAUZE PAD,184.7,2.5,0.0,182.2,15,14,50
15/02/2026,Cainta,26,COTTON BALLS,2566.6,12.2,0.0,2554.4,9,12,240
15/02/2026,Cainta,26,BETADINE,9.1,0.1,0.0,9.0,14,12,50
15/02/2026,Cainta,26,ALCOHOL,4.1,0.1,0.0,4.0,13,11,50
15/02/2026,Cainta,26,FACEMASK,599.1,5.7,0.0,593.4,13,16,100
15/02/2026,Cainta,26,GLOVES,1181.8,4.5,165.6,1342.9,13,14,100
15/02/2026,Cainta,26,MICROPRE,144.0,1.4,0.0,142.6,16,14,50
15/02/2026,Cainta,26,STERILE WATER,51.6,0.8,0.0,50.8,12,11,50
15/02/2026,Cainta,26,REF THERMOMETER,16.9,0.3,0.0,16.6,14,18,50
15/02/2026,Cainta,26,ACRYLIC CONTAINERS,69.0,0.5,0.0,68.5,14,16,50
15/02/2026,Cainta,26,COOLER,2.7,0.1,0.0,2.6,9,11,50
15/02/2026,Cainta,26,KIDNEY BASIN,11.7,0.5,0.0,11.2,9,8,50
15/02/2026,Cainta,26,WEIGHING SCALE,10.7,0.1,0.0,10.6,11,12,50
15/02/2026,Cainta,26,FORCEPS,12.0,0.5,0.0,11.5,9,12,50
15/02/2026,Cainta,26,BETADINE CONTAINER,6.4,0.3,0.0,6.1,10,10,50
15/02/2026,Cainta,26,ALCOHOL PUMP CONTAINER,6.7,0.3,0.0,6.4,11,10,50
16/02/2026,Cainta,21,SPEEDA,1272.8,3.1,175.8,1445.5,10,10,70
16/02/2026,Cainta,21,ABHAYRAB,213.4,1.0,36.5,248.9,7,7,50
16/02/2026,Cainta,21,VAXIRAB,156.8,1.0,0.0,155.8,12,11,50
16/02/2026,Cainta,21,CHIRORAB,21.2,1.1,0.0,20.1,9,12,50
16/02/2026,Cainta,21,ERIG,19.6,0.8,0.0,18.8,11,12,50
16/02/2026,Cainta,21,HRIG,2.4,0.4,0.0,2.0,6,7,50
16/02/2026,Cainta,21,"ATS 1,500 ""IU""",6.5,0.4,0.0,6.1,9,8,50
16/02/2026,Cainta,21,"ATS 3000 ""IU""",79.4,0.4,0.0,79.0,5,6,50
16/02/2026,Cainta,21,"ATS 5,000 ""IU""",16.8,0.4,0.0,16.4,11,12,50
16/02/2026,Cainta,21,HTIG,13.8,0.2,0.0,13.6,8,11,50
16/02/2026,Cainta,21,TOXOID BETT,1860.0,2.1,0.0,1857.9,13,14,50
16/02/2026,Cainta,21,TOXOID ABHAYTOX,164.0,0.4,0.0,163.6,8,10,50
16/02/2026,Cainta,21,PPD,11.9,0.1,0.0,11.8,10,10,50
16/02/2026,Cainta,21,HEPA B,47.4,0.4,0.0,47.0,7,8,50
16/02/2026,Cainta,21,HEPA BIG,1.4,0.4,0.0,1.0,10,14,50
16/02/2026,Cainta,21,FLU,22.6,0.2,0.0,22.4,9,11,50
16/02/2026,Cainta,21,AMOXICILLIN 500MG,1349.8,5.1,0.0,1344.7,8,10,140
16/02/2026,Cainta,21,CEFALEXIN 500 MG,2946.5,4.3,0.0,2942.2,7,9,100
16/02/2026,Cainta,21,MEFENAMIC 500 MG,3101.6,4.6,0.0,3097.0,6,8,120
16/02/2026,Cainta,21,INSULIN,1187.4,5.0,0.0,1182.4,6,6,150
16/02/2026,Cainta,21,1CC/3CC,1183.0,2.0,0.0,1181.0,14,13,50
16/02/2026,Cainta,21,5CC/10CC,1769.9,2.2,0.0,1767.7,9,10,50
16/02/2026,Cainta,21,CETIRIZINE,3002.2,4.6,0.0,2997.6,5,7,100
16/02/2026,Cainta,21,G23,880.6,1.1,0.0,879.5,13,14,50
16/02/2026,Cainta,21,G27,1144.7,1.0,0.0,1143.7,5,5,50
16/02/2026,Cainta,21,GAUZE PAD,182.2,2.1,0.0,180.1,9,10,50
16/02/2026,Cainta,21,COTTON BALLS,2554.4,11.2,426.2,2969.4,11,9,240
16/02/2026,Cainta,21,BETADINE,9.0,0.1,0.0,8.9,13,12,50
16/02/2026,Cainta,21,ALCOHOL,4.0,0.1,0.0,3.9,11,10,50
16/02/2026,Cainta,21,FACEMASK,593.4,3.8,0.0,589.6,9,7,100
16/02/2026,Cainta,21,GLOVES,1342.9,4.2,188.3,1527.0,13,16,100
16/02/2026,Cainta,21,MICROPRE,142.6,1.1,0.0,141.5,6,6,50
16/02/2026,Cainta,21,STERILE WATER,50.8,0.6,0.0,50.2,14,13,50
16/02/2026,Cainta,21,REF THERMOMETER,16.6,0.2,7.2,23.6,12,13,50
16/02/2026,Cainta,21,ACRYLIC CONTAINERS,68.5,0.4,0.0,68.1,13,13,50
16/02/2026,Cainta,21,COOLER,2.6,0.1,0.0,2.5,7,7,50
16/02/2026,Cainta,21,KIDNEY BASIN,11.2,0.4,8.7,19.5,6,6,50
16/02/2026,Cainta,21,WEIGHING SCALE,10.6,0.1,0.0,10.5,11,9,50
16/02/2026,Cainta,21,FORCEPS,11.5,0.4,0.0,11.1,10,12,50
16/02/2026,Cainta,21,BETADINE CONTAINER,6.1,0.2,0.0,5.9,10,9,50
16/02/2026,Cainta,21,ALCOHOL PUMP CONTAINER,6.4,0.2,0.0,6.2,13,12,50
17/02/2026,Cainta,99,SPEEDA,1445.5,16.1,0.0,1429.4,49,45,70
17/02/2026,Cainta,99,ABHAYRAB,248.9,5.2,0.0,243.7,37,37,50
17/02/2026,Cainta,99,VAXIRAB,155.8,5.1,0.0,150.7,41,37,50
17/02/2026,Cainta,99,CHIRORAB,20.1,5.0,35.0,50.1,30,30,50
17/02/2026,Cainta,99,ERIG,18.8,4.0,0.0,14.8,32,30,50
17/02/2026,Cainta,99,HRIG,2.0,2.0,0.0,0.0,30,25,50
17/02/2026,Cainta,99,"ATS 1,500 ""IU""",6.1,2.0,0.0,4.1,57,75,50
17/02/2026,Cainta,99,"ATS 3000 ""IU""",79.0,2.0,0.0,77.0,53,52,50
17/02/2026,Cainta,99,"ATS 5,000 ""IU""",16.4,2.0,0.0,14.4,46,39,50
17/02/2026,Cainta,99,HTIG,13.6,1.0,0.0,12.6,40,45,50
17/02/2026,Cainta,99,TOXOID BETT,1857.9,9.7,0.0,1848.2,51,45,50
17/02/2026,Cainta,99,TOXOID ABHAYTOX,163.6,2.0,0.0,161.6,57,72,50
17/02/2026,Cainta,99,PPD,11.8,0.5,0.0,11.3,60,50,50
17/02/2026,Cainta,99,HEPA B,47.0,2.0,0.0,45.0,46,50,50
17/02/2026,Cainta,99,HEPA BIG,1.0,2.0,9.0,8.0,57,78,50
17/02/2026,Cainta,99,FLU,22.4,1.0,0.0,21.4,45,40,50
17/02/2026,Cainta,99,AMOXICILLIN 500MG,1344.7,30.7,0.0,1314.0,44,41,140
17/02/2026,Cainta,99,CEFALEXIN 500 MG,2942.2,21.9,0.0,2920.3,59,68,100
17/02/2026,Cainta,99,MEFENAMIC 500 MG,3097.0,22.4,0.0,3074.6,40,56,120
17/02/2026,Cainta,99,INSULIN,1182.4,23.7,0.0,1158.7,40,41,150
17/02/2026,Cainta,99,1CC/3CC,1181.0,9.9,57.4,1228.5,37,44,50
17/02/2026,Cainta,99,5CC/10CC,1767.7,9.9,0.0,1757.8,45,40,50
17/02/2026,Cainta,99,CETIRIZINE,2997.6,20.9,0.0,2976.7,46,55,100
17/02/2026,Cainta,99,G23,879.5,5.1,0.0,874.4,51,49,50
17/02/2026,Cainta,99,G27,1143.7,4.9,0.0,1138.8,42,49,50
17/02/2026,Cainta,99,GAUZE PAD,180.1,10.9,0.0,169.2,33,28,50
17/02/2026,Cainta,99,COTTON BALLS,2969.4,51.8,0.0,2917.6,59,66,240
17/02/2026,Cainta,99,BETADINE,8.9,0.5,0.0,8.4,38,36,50
17/02/2026,Cainta,99,ALCOHOL,3.9,0.5,0.0,3.4,61,74,50
17/02/2026,Cainta,99,FACEMASK,589.6,19.3,0.0,570.3,33,41,100
17/02/2026,Cainta,99,GLOVES,1527.0,19.1,0.0,1507.9,47,62,100
17/02/2026,Cainta,99,MICROPRE,141.5,5.1,0.0,136.4,46,64,50
17/02/2026,Cainta,99,STERILE WATER,50.2,3.0,0.0,47.2,58,62,50
17/02/2026,Cainta,99,REF THERMOMETER,23.6,1.0,0.0,22.6,30,36,50
17/02/2026,Cainta,99,ACRYLIC CONTAINERS,68.1,2.0,0.0,66.1,61,49,50
17/02/2026,Cainta,99,COOLER,2.5,0.5,0.0,2.0,46,62,50
17/02/2026,Cainta,99,KIDNEY BASIN,19.5,2.0,0.0,17.5,48,56,50
17/02/2026,Cainta,99,WEIGHING SCALE,10.5,0.5,0.0,10.0,45,47,50
17/02/2026,Cainta,99,FORCEPS,11.1,2.0,0.0,9.1,26,28,50
17/02/2026,Cainta,99,BETADINE CONTAINER,5.9,1.0,0.0,4.9,44,55,50
17/02/2026,Cainta,99,ALCOHOL PUMP CONTAINER,6.2,1.0,0.0,5.2,35,46,50
18/02/2026,Cainta,14,SPEEDA,1429.4,2.3,0.0,1427.1,5,6,70
18/02/2026,Cainta,14,ABHAYRAB,243.7,0.7,0.0,243.0,7,8,50
18/02/2026,Cainta,14,VAXIRAB,150.7,0.7,0.0,150.0,6,6,50
18/02/2026,Cainta,14,CHIRORAB,50.1,0.7,0.0,49.4,4,5,50
18/02/2026,Cainta,14,ERIG,14.8,0.6,0.0,14.2,4,5,50
18/02/2026,Cainta,14,HRIG,0.0,0.3,19.6,19.3,5,6,50
18/02/2026,Cainta,14,"ATS 1,500 ""IU""",4.1,0.3,0.0,3.8,5,6,50
18/02/2026,Cainta,14,"ATS 3000 ""IU""",77.0,0.3,0.0,76.7,7,8,50
18/02/2026,Cainta,14,"ATS 5,000 ""IU""",14.4,0.3,0.0,14.1,4,5,50
18/02/2026,Cainta,14,HTIG,12.6,0.1,0.0,12.5,8,9,50
18/02/2026,Cainta,14,TOXOID BETT,1848.2,1.4,0.0,1846.8,5,7,50
18/02/2026,Cainta,14,TOXOID ABHAYTOX,161.6,0.3,0.0,161.3,4,5,50
18/02/2026,Cainta,14,PPD,11.3,0.1,0.0,11.2,8,9,50
18/02/2026,Cainta,14,HEPA B,45.0,0.3,0.0,44.7,5,5,50
18/02/2026,Cainta,14,HEPA BIG,8.0,0.3,0.0,7.7,6,7,50
18/02/2026,Cainta,14,FLU,21.4,0.1,0.0,21.3,9,11,50
18/02/2026,Cainta,14,AMOXICILLIN 500MG,1314.0,5.8,0.0,1308.2,9,10,140
18/02/2026,Cainta,14,CEFALEXIN 500 MG,2920.3,3.0,0.0,2917.3,8,11,100
18/02/2026,Cainta,14,MEFENAMIC 500 MG,3074.6,3.3,0.0,3071.3,4,3,120
18/02/2026,Cainta,14,INSULIN,1158.7,3.8,0.0,1154.9,7,7,150
18/02/2026,Cainta,14,1CC/3CC,1228.5,1.4,0.0,1227.1,9,12,50
18/02/2026,Cainta,14,5CC/10CC,1757.8,1.4,0.0,1756.4,9,12,50
18/02/2026,Cainta,14,CETIRIZINE,2976.7,3.1,0.0,2973.6,4,4,100
18/02/2026,Cainta,14,G23,874.4,0.7,0.0,873.7,6,5,50
18/02/2026,Cainta,14,G27,1138.8,0.7,0.0,1138.1,5,5,50
18/02/2026,Cainta,14,GAUZE PAD,169.2,1.5,0.0,167.7,4,4,50
18/02/2026,Cainta,14,COTTON BALLS,2917.6,7.1,0.0,2910.5,7,8,240
18/02/2026,Cainta,14,BETADINE,8.4,0.1,0.0,8.3,5,5,50
18/02/2026,Cainta,14,ALCOHOL,3.4,0.1,0.0,3.3,5,5,50
18/02/2026,Cainta,14,FACEMASK,570.3,2.9,0.0,567.4,4,5,100
18/02/2026,Cainta,14,GLOVES,1507.9,2.9,0.0,1505.0,6,7,100
18/02/2026,Cainta,14,MICROPRE,136.4,0.7,0.0,135.7,4,5,50
18/02/2026,Cainta,14,STERILE WATER,47.2,0.4,25.9,72.7,6,6,50
18/02/2026,Cainta,14,REF THERMOMETER,22.6,0.1,0.0,22.5,4,4,50
18/02/2026,Cainta,14,ACRYLIC CONTAINERS,66.1,0.3,0.0,65.8,9,9,50
18/02/2026,Cainta,14,COOLER,2.0,0.1,0.0,1.9,4,5,50
18/02/2026,Cainta,14,KIDNEY BASIN,17.5,0.3,0.0,17.2,6,6,50
18/02/2026,Cainta,14,WEIGHING SCALE,10.0,0.1,0.0,9.9,5,6,50
18/02/2026,Cainta,14,FORCEPS,9.1,0.3,0.0,8.8,4,4,50
18/02/2026,Cainta,14,BETADINE CONTAINER,4.9,0.1,0.0,4.8,5,7,50
18/02/2026,Cainta,14,ALCOHOL PUMP CONTAINER,5.2,0.1,0.0,5.1,4,4,50
19/02/2026,Cainta,16,SPEEDA,1427.1,2.7,0.0,1424.4,5,5,70
19/02/2026,Cainta,16,ABHAYRAB,243.0,0.8,0.0,242.2,7,9,50
19/02/2026,Cainta,16,VAXIRAB,150.0,0.8,0.0,149.2,8,7,50
19/02/2026,Cainta,16,CHIRORAB,49.4,0.8,0.0,48.6,5,6,50
19/02/2026,Cainta,16,ERIG,14.2,0.7,0.0,13.5,7,7,50
19/02/2026,Cainta,16,HRIG,19.3,0.3,0.0,19.0,8,11,50
19/02/2026,Cainta,16,"ATS 1,500 ""IU""",3.8,0.3,0.0,3.5,5,6,50
19/02/2026,Cainta,16,"ATS 3000 ""IU""",76.7,0.3,0.0,76.4,6,5,50
19/02/2026,Cainta,16,"ATS 5,000 ""IU""",14.1,0.3,0.0,13.8,4,5,50
19/02/2026,Cainta,16,HTIG,12.5,0.2,0.0,12.3,5,6,50
19/02/2026,Cainta,16,TOXOID BETT,1846.8,1.6,123.2,1968.4,7,8,50
19/02/2026,Cainta,16,TOXOID ABHAYTOX,161.3,0.3,0.0,161.0,10,9,50
19/02/2026,Cainta,16,PPD,11.2,0.1,0.0,11.1,10,9,50
19/02/2026,Cainta,16,HEPA B,44.7,0.3,0.0,44.4,10,12,50
19/02/2026,Cainta,16,HEPA BIG,7.7,0.3,0.0,7.4,7,7,50
19/02/2026,Cainta,16,FLU,21.3,0.2,0.0,21.1,5,7,50
19/02/2026,Cainta,16,AMOXICILLIN 500MG,1308.2,5.4,0.0,1302.8,6,6,140
19/02/2026,Cainta,16,CEFALEXIN 500 MG,2917.3,2.6,213.3,3128.0,6,7,100
19/02/2026,Cainta,16,MEFENAMIC 500 MG,3071.3,4.0,0.0,3067.3,4,4,120
19/02/2026,Cainta,16,INSULIN,1154.9,3.5,0.0,1151.4,5,6,150
19/02/2026,Cainta,16,1CC/3CC,1227.1,1.6,156.0,1381.5,7,6,50
19/02/2026,Cainta,16,5CC/10CC,1756.4,1.7,0.0,1754.7,6,6,50
19/02/2026,Cainta,16,CETIRIZINE,2973.6,3.3,0.0,2970.3,5,5,100
19/02/2026,Cainta,16,G23,873.7,0.8,0.0,872.9,9,10,50
19/02/2026,Cainta,16,G27,1138.1,0.8,0.0,1137.3,6,6,50
19/02/2026,Cainta,16,GAUZE PAD,167.7,1.6,0.0,166.1,9,11,50
19/02/2026,Cainta,16,COTTON BALLS,2910.5,8.8,0.0,2901.7,6,5,240
19/02/2026,Cainta,16,BETADINE,8.3,0.1,0.0,8.2,7,8,50
19/02/2026,Cainta,16,ALCOHOL,3.3,0.1,0.0,3.2,5,6,50
19/02/2026,Cainta,16,FACEMASK,567.4,2.4,0.0,565.0,7,6,100
19/02/2026,Cainta,16,GLOVES,1505.0,3.0,0.0,1502.0,5,4,100
19/02/2026,Cainta,16,MICROPRE,135.7,0.8,0.0,134.9,5,5,50
19/02/2026,Cainta,16,STERILE WATER,72.7,0.5,0.0,72.2,8,9,50
19/02/2026,Cainta,16,REF THERMOMETER,22.5,0.2,0.0,22.3,6,8,50
19/02/2026,Cainta,16,ACRYLIC CONTAINERS,65.8,0.3,0.0,65.5,5,4,50
19/02/2026,Cainta,16,COOLER,1.9,0.1,0.0,1.8,10,12,50
19/02/2026,Cainta,16,KIDNEY BASIN,17.2,0.3,0.0,16.9,4,5,50
19/02/2026,Cainta,16,WEIGHING SCALE,9.9,0.1,0.0,9.8,8,10,50
19/02/2026,Cainta,16,FORCEPS,8.8,0.3,0.0,8.5,8,9,50
19/02/2026,Cainta,16,BETADINE CONTAINER,4.8,0.2,0.0,4.6,6,8,50
19/02/2026,Cainta,16,ALCOHOL PUMP CONTAINER,5.1,0.2,0.0,4.9,7,8,50
20/02/2026,Cainta,84,SPEEDA,1424.4,12.1,0.0,1412.3,24,31,70
20/02/2026,Cainta,84,ABHAYRAB,242.2,4.2,0.0,238.0,45,43,50
20/02/2026,Cainta,84,VAXIRAB,149.2,4.5,0.0,144.7,28,36,50
20/02/2026,Cainta,84,CHIRORAB,48.6,4.0,0.0,44.6,27,38,50
20/02/2026,Cainta,84,ERIG,13.5,3.2,0.0,10.3,32,43,50
20/02/2026,Cainta,84,HRIG,19.0,1.7,0.0,17.3,51,50,50
20/02/2026,Cainta,84,"ATS 1,500 ""IU""",3.5,1.7,0.0,1.8,48,63,50
20/02/2026,Cainta,84,"ATS 3000 ""IU""",76.4,1.7,0.0,74.7,53,45,50
20/02/2026,Cainta,84,"ATS 5,000 ""IU""",13.8,1.7,0.0,12.1,43,52,50
20/02/2026,Cainta,84,HTIG,12.3,0.8,0.0,11.5,43,43,50
20/02/2026,Cainta,84,TOXOID BETT,1968.4,9.1,0.0,1959.3,37,44,50
20/02/2026,Cainta,84,TOXOID ABHAYTOX,161.0,1.7,0.0,159.3,51,53,50
20/02/2026,Cainta,84,PPD,11.1,0.4,0.0,10.7,38,31,50
20/02/2026,Cainta,84,HEPA B,44.4,1.7,0.0,42.7,33,31,50
20/02/2026,Cainta,84,HEPA BIG,7.4,1.7,0.0,5.7,43,35,50
20/02/2026,Cainta,84,FLU,21.1,0.8,0.0,20.3,39,41,50
20/02/2026,Cainta,84,AMOXICILLIN 500MG,1302.8,22.3,0.0,1280.5,25,33,140
20/02/2026,Cainta,84,CEFALEXIN 500 MG,3128.0,18.5,362.0,3471.5,34,42,100
20/02/2026,Cainta,84,MEFENAMIC 500 MG,3067.3,22.3,0.0,3045.0,32,41,120
20/02/2026,Cainta,84,INSULIN,1151.4,24.4,0.0,1127.0,49,63,150
20/02/2026,Cainta,84,1CC/3CC,1381.5,8.4,135.7,1508.8,34,35,50
20/02/2026,Cainta,84,5CC/10CC,1754.7,8.1,0.0,1746.6,49,54,50
20/02/2026,Cainta,84,CETIRIZINE,2970.3,17.1,0.0,2953.2,36,40,100
20/02/2026,Cainta,84,G23,872.9,4.3,0.0,868.6,46,40,50
20/02/2026,Cainta,84,G27,1137.3,4.0,0.0,1133.3,26,30,50
20/02/2026,Cainta,84,GAUZE PAD,166.1,8.5,0.0,157.6,52,64,50
20/02/2026,Cainta,84,COTTON BALLS,2901.7,50.6,0.0,2851.1,37,43,240
20/02/2026,Cainta,84,BETADINE,8.2,0.4,0.0,7.8,30,37,50
20/02/2026,Cainta,84,ALCOHOL,3.2,0.4,0.0,2.8,29,25,50
20/02/2026,Cainta,84,FACEMASK,565.0,22.3,0.0,542.7,30,38,100
20/02/2026,Cainta,84,GLOVES,1502.0,16.6,0.0,1485.4,33,31,100
20/02/2026,Cainta,84,MICROPRE,134.9,4.2,0.0,130.7,45,60,50
20/02/2026,Cainta,84,STERILE WATER,72.2,2.5,0.0,69.7,53,50,50
20/02/2026,Cainta,84,REF THERMOMETER,22.3,0.8,0.0,21.5,43,47,50
20/02/2026,Cainta,84,ACRYLIC CONTAINERS,65.5,1.7,0.0,63.8,39,43,50
20/02/2026,Cainta,84,COOLER,1.8,0.4,0.0,1.4,36,35,50
20/02/2026,Cainta,84,KIDNEY BASIN,16.9,1.7,0.0,15.2,49,50,50
20/02/2026,Cainta,84,WEIGHING SCALE,9.8,0.4,0.0,9.4,50,46,50
20/02/2026,Cainta,84,FORCEPS,8.5,1.7,0.0,6.8,31,35,50
20/02/2026,Cainta,84,BETADINE CONTAINER,4.6,0.8,0.0,3.8,53,71,50
20/02/2026,Cainta,84,ALCOHOL PUMP CONTAINER,4.9,0.8,0.0,4.1,34,34,50
21/02/2026,Cainta,83,SPEEDA,1412.3,12.2,0.0,1400.1,47,52,70
21/02/2026,Cainta,83,ABHAYRAB,238.0,4.2,12.8,246.6,53,70,50
21/02/2026,Cainta,83,VAXIRAB,144.7,4.2,0.0,140.5,44,47,50
21/02/2026,Cainta,83,CHIRORAB,44.6,4.0,0.0,40.6,26,34,50
21/02/2026,Cainta,83,ERIG,10.3,3.3,0.0,7.0,40,43,50
21/02/2026,Cainta,83,HRIG,17.3,1.6,0.0,15.7,25,27,50
21/02/2026,Cainta,83,"ATS 1,500 ""IU""",1.8,1.6,0.0,0.2,47,42,50
21/02/2026,Cainta,83,"ATS 3000 ""IU""",74.7,1.7,0.0,73.0,30,26,50
21/02/2026,Cainta,83,"ATS 5,000 ""IU""",12.1,1.7,0.0,10.4,44,51,50
21/02/2026,Cainta,83,HTIG,11.5,0.8,0.0,10.7,51,66,50
21/02/2026,Cainta,83,TOXOID BETT,1959.3,8.7,0.0,1950.6,27,24,50
21/02/2026,Cainta,83,TOXOID ABHAYTOX,159.3,1.7,0.0,157.6,34,46,50
21/02/2026,Cainta,83,PPD,10.7,0.4,0.0,10.3,42,43,50
21/02/2026,Cainta,83,HEPA B,42.7,1.6,0.0,41.1,35,37,50
21/02/2026,Cainta,83,HEPA BIG,5.7,1.7,0.0,4.0,27,36,50
21/02/2026,Cainta,83,FLU,20.3,0.8,0.0,19.5,22,29,50
21/02/2026,Cainta,83,AMOXICILLIN 500MG,1280.5,25.3,0.0,1255.2,34,38,140
21/02/2026,Cainta,83,CEFALEXIN 500 MG,3471.5,16.0,0.0,3455.5,42,41,100
21/02/2026,Cainta,83,MEFENAMIC 500 MG,3045.0,16.3,0.0,3028.7,40,36,120
21/02/2026,Cainta,83,INSULIN,1127.0,23.5,0.0,1103.5,26,25,150
21/02/2026,Cainta,83,1CC/3CC,1508.8,8.2,0.0,1500.6,36,46,50
21/02/2026,Cainta,83,5CC/10CC,1746.6,8.6,0.0,1738.0,33,33,50
21/02/2026,Cainta,83,CETIRIZINE,2953.2,15.5,0.0,2937.7,30,37,100
21/02/2026,Cainta,83,G23,868.6,4.4,0.0,864.2,45,41,50
21/02/2026,Cainta,83,G27,1133.3,3.9,0.0,1129.4,31,34,50
21/02/2026,Cainta,83,GAUZE PAD,157.6,8.9,49.9,198.6,39,39,50
21/02/2026,Cainta,83,COTTON BALLS,2851.1,39.7,0.0,2811.4,51,56,240
21/02/2026,Cainta,83,BETADINE,7.8,0.4,0.0,7.4,39,45,50
21/02/2026,Cainta,83,ALCOHOL,2.8,0.4,0.0,2.4,41,57,50
21/02/2026,Cainta,83,FACEMASK,542.7,18.6,0.0,524.1,23,31,100
21/02/2026,Cainta,83,GLOVES,1485.4,16.0,0.0,1469.4,27,33,100
21/02/2026,Cainta,83,MICROPRE,130.7,4.0,0.0,126.7,24,21,50
21/02/2026,Cainta,83,STERILE WATER,69.7,2.6,0.0,67.1,46,62,50
21/02/2026,Cainta,83,REF THERMOMETER,21.5,0.8,0.0,20.7,49,65,50
21/02/2026,Cainta,83,ACRYLIC CONTAINERS,63.8,1.7,0.0,62.1,27,36,50
21/02/2026,Cainta,83,COOLER,1.4,0.4,0.0,1.0,28,30,50
21/02/2026,Cainta,83,KIDNEY BASIN,15.2,1.6,0.0,13.6,31,28,50
21/02/2026,Cainta,83,WEIGHING SCALE,9.4,0.4,0.0,9.0,40,50,50
21/02/2026,Cainta,83,FORCEPS,6.8,1.7,0.0,5.1,41,42,50
21/02/2026,Cainta,83,BETADINE CONTAINER,3.8,0.8,0.0,3.0,44,44,50
21/02/2026,Cainta,83,ALCOHOL PUMP CONTAINER,4.1,0.8,0.0,3.3,51,53,50
22/02/2026,Cainta,62,SPEEDA,1400.1,8.2,0.0,1391.9,23,26,70
22/02/2026,Cainta,62,ABHAYRAB,246.6,3.0,0.0,243.6,32,32,50
22/02/2026,Cainta,62,VAXIRAB,140.5,3.2,0.0,137.3,29,35,50
22/02/2026,Cainta,62,CHIRORAB,40.6,3.2,0.0,37.4,23,27,50
22/02/2026,Cainta,62,ERIG,7.0,2.5,0.0,4.5,38,42,50
22/02/2026,Cainta,62,HRIG,15.7,1.2,0.0,14.5,18,15,50
22/02/2026,Cainta,62,"ATS 1,500 ""IU""",0.2,1.2,15.0,14.0,33,45,50
22/02/2026,Cainta,62,"ATS 3000 ""IU""",73.0,1.3,29.7,101.4,34,36,50
22/02/2026,Cainta,62,"ATS 5,000 ""IU""",10.4,1.2,0.0,9.2,38,41,50
22/02/2026,Cainta,62,HTIG,10.7,0.6,0.0,10.1,28,30,50
22/02/2026,Cainta,62,TOXOID BETT,1950.6,6.6,0.0,1944.0,23,23,50
22/02/2026,Cainta,62,TOXOID ABHAYTOX,157.6,1.2,0.0,156.4,36,43,50
22/02/2026,Cainta,62,PPD,10.3,0.3,0.0,10.0,35,28,50
22/02/2026,Cainta,62,HEPA B,41.1,1.2,0.0,39.9,28,37,50
22/02/2026,Cainta,62,HEPA BIG,4.0,1.3,0.0,2.7,35,30,50
22/02/2026,Cainta,62,FLU,19.5,0.6,0.0,18.9,22,31,50
22/02/2026,Cainta,62,AMOXICILLIN 500MG,1255.2,17.9,0.0,1237.3,30,35,140
22/02/2026,Cainta,62,CEFALEXIN 500 MG,3455.5,10.3,238.1,3683.3,37,31,100
22/02/2026,Cainta,62,MEFENAMIC 500 MG,3028.7,14.7,0.0,3014.0,23,26,120
22/02/2026,Cainta,62,INSULIN,1103.5,15.9,0.0,1087.6,27,27,150
22/02/2026,Cainta,62,1CC/3CC,1500.6,6.0,0.0,1494.6,39,54,50
22/02/2026,Cainta,62,5CC/10CC,1738.0,6.2,0.0,1731.8,35,44,50
22/02/2026,Cainta,62,CETIRIZINE,2937.7,13.6,0.0,2924.1,37,41,100
22/02/2026,Cainta,62,G23,864.2,3.1,0.0,861.1,25,26,50
22/02/2026,Cainta,62,G27,1129.4,3.1,0.0,1126.3,40,56,50
22/02/2026,Cainta,62,GAUZE PAD,198.6,5.9,0.0,192.7,19,23,50
22/02/2026,Cainta,62,COTTON BALLS,2811.4,26.0,0.0,2785.4,28,31,240
22/02/2026,Cainta,62,BETADINE,7.4,0.3,0.0,7.1,27,28,50
22/02/2026,Cainta,62,ALCOHOL,2.4,0.3,0.0,2.1,35,35,50
22/02/2026,Cainta,62,FACEMASK,524.1,14.6,0.0,509.5,38,46,100
22/02/2026,Cainta,62,GLOVES,1469.4,12.1,0.0,1457.3,34,39,100
22/02/2026,Cainta,62,MICROPRE,126.7,3.1,0.0,123.6,31,41,50
22/02/2026,Cainta,62,STERILE WATER,67.1,1.9,0.0,65.2,26,29,50
22/02/2026,Cainta,62,REF THERMOMETER,20.7,0.6,0.0,20.1,28,32,50
22/02/2026,Cainta,62,ACRYLIC CONTAINERS,62.1,1.2,0.0,60.9,28,30,50
22/02/2026,Cainta,62,COOLER,1.0,0.3,0.0,0.7,16,20,50
22/02/2026,Cainta,62,KIDNEY BASIN,13.6,1.2,13.1,25.5,28,29,50
22/02/2026,Cainta,62,WEIGHING SCALE,9.0,0.3,0.0,8.7,37,49,50
22/02/2026,Cainta,62,FORCEPS,5.1,1.3,0.0,3.8,33,33,50
22/02/2026,Cainta,62,BETADINE CONTAINER,3.0,0.6,0.0,2.4,35,43,50
22/02/2026,Cainta,62,ALCOHOL PUMP CONTAINER,3.3,0.6,0.0,2.7,25,33,50
23/02/2026,Cainta,60,SPEEDA,1391.9,10.3,0.0,1381.6,28,35,70
23/02/2026,Cainta,60,ABHAYRAB,243.6,3.0,0.0,240.6,16,16,50
23/02/2026,Cainta,60,VAXIRAB,137.3,3.0,0.0,134.3,24,29,50
23/02/2026,Cainta,60,CHIRORAB,37.4,2.9,0.0,34.5,26,24,50
23/02/2026,Cainta,60,ERIG,4.5,2.3,0.0,2.2,21,18,50
23/02/2026,Cainta,60,HRIG,14.5,1.2,0.0,13.3,16,20,50
23/02/2026,Cainta,60,"ATS 1,500 ""IU""",14.0,1.2,25.5,38.3,32,41,50
23/02/2026,Cainta,60,"ATS 3000 ""IU""",101.4,1.2,0.0,100.2,25,20,50
23/02/2026,Cainta,60,"ATS 5,000 ""IU""",9.2,1.2,0.0,8.0,25,34,50
23/02/2026,Cainta,60,HTIG,10.1,0.6,10.4,19.9,21,22,50
23/02/2026,Cainta,60,TOXOID BETT,1944.0,6.3,125.4,2063.1,28,38,50
23/02/2026,Cainta,60,TOXOID ABHAYTOX,156.4,1.2,0.0,155.2,26,33,50
23/02/2026,Cainta,60,PPD,10.0,0.3,0.0,9.7,26,35,50
23/02/2026,Cainta,60,HEPA B,39.9,1.2,0.0,38.7,29,38,50
23/02/2026,Cainta,60,HEPA BIG,2.7,1.2,0.0,1.5,15,21,50
23/02/2026,Cainta,60,FLU,18.9,0.6,0.0,18.3,37,44,50
23/02/2026,Cainta,60,AMOXICILLIN 500MG,1237.3,16.8,0.0,1220.5,17,16,140
23/02/2026,Cainta,60,CEFALEXIN 500 MG,3683.3,11.2,0.0,3672.1,26,27,100
23/02/2026,Cainta,60,MEFENAMIC 500 MG,3014.0,15.2,0.0,2998.8,20,25,120
23/02/2026,Cainta,60,INSULIN,1087.6,18.0,0.0,1069.6,28,25,150
23/02/2026,Cainta,60,1CC/3CC,1494.6,6.1,0.0,1488.5,22,30,50
23/02/2026,Cainta,60,5CC/10CC,1731.8,5.9,62.4,1788.3,36,33,50
23/02/2026,Cainta,60,CETIRIZINE,2924.1,10.0,0.0,2914.1,25,33,100
23/02/2026,Cainta,60,G23,861.1,3.0,89.9,948.0,30,33,50
23/02/2026,Cainta,60,G27,1126.3,3.1,100.2,1223.4,21,27,50
23/02/2026,Cainta,60,GAUZE PAD,192.7,5.9,0.0,186.8,15,21,50
23/02/2026,Cainta,60,COTTON BALLS,2785.4,28.6,153.9,2910.7,25,26,240
23/02/2026,Cainta,60,BETADINE,7.1,0.3,0.0,6.8,28,34,50
23/02/2026,Cainta,60,ALCOHOL,2.1,0.3,0.0,1.8,26,24,50
23/02/2026,Cainta,60,FACEMASK,509.5,10.3,0.0,499.2,38,49,100
23/02/2026,Cainta,60,GLOVES,1457.3,11.8,0.0,1445.5,32,41,100
23/02/2026,Cainta,60,MICROPRE,123.6,3.0,0.0,120.6,39,38,50
23/02/2026,Cainta,60,STERILE WATER,65.2,1.8,0.0,63.4,22,18,50
23/02/2026,Cainta,60,REF THERMOMETER,20.1,0.6,0.0,19.5,34,36,50
23/02/2026,Cainta,60,ACRYLIC CONTAINERS,60.9,1.2,0.0,59.7,28,25,50
23/02/2026,Cainta,60,COOLER,0.7,0.3,0.0,0.4,30,39,50
23/02/2026,Cainta,60,KIDNEY BASIN,25.5,1.2,0.0,24.3,39,37,50
23/02/2026,Cainta,60,WEIGHING SCALE,8.7,0.3,0.0,8.4,31,42,50
23/02/2026,Cainta,60,FORCEPS,3.8,1.2,0.0,2.6,37,51,50
23/02/2026,Cainta,60,BETADINE CONTAINER,2.4,0.6,0.0,1.8,32,43,50
23/02/2026,Cainta,60,ALCOHOL PUMP CONTAINER,2.7,0.6,0.0,2.1,18,21,50
24/02/2026,Cainta,49,SPEEDA,1381.6,6.9,0.0,1374.7,26,25,70
24/02/2026,Cainta,49,ABHAYRAB,240.6,2.4,0.0,238.2,22,28,50
24/02/2026,Cainta,49,VAXIRAB,134.3,2.4,0.0,131.9,30,37,50
24/02/2026,Cainta,49,CHIRORAB,34.5,2.5,0.0,32.0,28,39,50
24/02/2026,Cainta,49,ERIG,2.2,2.1,0.0,0.1,14,14,50
24/02/2026,Cainta,49,HRIG,13.3,1.0,0.0,12.3,15,13,50
24/02/2026,Cainta,49,"ATS 1,500 ""IU""",38.3,1.0,0.0,37.3,14,20,50
24/02/2026,Cainta,49,"ATS 3000 ""IU""",100.2,1.0,0.0,99.2,22,29,50
24/02/2026,Cainta,49,"ATS 5,000 ""IU""",8.0,1.0,0.0,7.0,14,13,50
24/02/2026,Cainta,49,HTIG,19.9,0.5,0.0,19.4,26,32,50
24/02/2026,Cainta,49,TOXOID BETT,2063.1,5.2,0.0,2057.9,23,18,50
24/02/2026,Cainta,49,TOXOID ABHAYTOX,155.2,1.0,0.0,154.2,29,33,50
24/02/2026,Cainta,49,PPD,9.7,0.2,0.0,9.5,18,18,50
24/02/2026,Cainta,49,HEPA B,38.7,1.0,0.0,37.7,22,23,50
24/02/2026,Cainta,49,HEPA BIG,1.5,1.0,0.0,0.5,15,14,50
24/02/2026,Cainta,49,FLU,18.3,0.5,0.0,17.8,30,29,50
24/02/2026,Cainta,49,AMOXICILLIN 500MG,1220.5,9.4,0.0,1211.1,16,17,140
24/02/2026,Cainta,49,CEFALEXIN 500 MG,3672.1,10.4,0.0,3661.7,14,13,100
24/02/2026,Cainta,49,MEFENAMIC 500 MG,2998.8,12.6,0.0,2986.2,16,17,120
24/02/2026,Cainta,49,INSULIN,1069.6,12.5,174.9,1232.0,28,32,150
24/02/2026,Cainta,49,1CC/3CC,1488.5,4.7,0.0,1483.8,14,17,50
24/02/2026,Cainta,49,5CC/10CC,1788.3,4.7,0.0,1783.6,24,29,50
24/02/2026,Cainta,49,CETIRIZINE,2914.1,9.9,0.0,2904.2,27,26,100
24/02/2026,Cainta,49,G23,948.0,2.4,0.0,945.6,27,22,50
24/02/2026,Cainta,49,G27,1223.4,2.5,0.0,1220.9,16,21,50
24/02/2026,Cainta,49,GAUZE PAD,186.8,4.2,0.0,182.6,13,17,50
24/02/2026,Cainta,49,COTTON BALLS,2910.7,20.6,0.0,2890.1,21,29,240
24/02/2026,Cainta,49,BETADINE,6.8,0.2,0.0,6.6,16,22,50
24/02/2026,Cainta,49,ALCOHOL,1.8,0.2,0.0,1.6,26,31,50
24/02/2026,Cainta,49,FACEMASK,499.2,9.3,0.0,489.9,19,25,100
24/02/2026,Cainta,49,GLOVES,1445.5,10.6,0.0,1434.9,21,22,100
24/02/2026,Cainta,49,MICROPRE,120.6,2.3,0.0,118.3,14,18,50
24/02/2026,Cainta,49,STERILE WATER,63.4,1.5,0.0,61.9,23,32,50
24/02/2026,Cainta,49,REF THERMOMETER,19.5,0.5,0.0,19.0,16,20,50
24/02/2026,Cainta,49,ACRYLIC CONTAINERS,59.7,1.0,0.0,58.7,26,27,50
24/02/2026,Cainta,49,COOLER,0.4,0.2,0.0,0.2,14,14,50
24/02/2026,Cainta,49,KIDNEY BASIN,24.3,1.0,0.0,23.3,31,30,50
24/02/2026,Cainta,49,WEIGHING SCALE,8.4,0.2,0.0,8.2,26,27,50
24/02/2026,Cainta,49,FORCEPS,2.6,1.0,0.0,1.6,16,21,50
24/02/2026,Cainta,49,BETADINE CONTAINER,1.8,0.5,0.0,1.3,13,16,50
24/02/2026,Cainta,49,ALCOHOL PUMP CONTAINER,2.1,0.5,0.0,1.6,19,18,50
25/02/2026,Cainta,94,SPEEDA,1374.7,15.5,0.0,1359.2,29,36,70
25/02/2026,Cainta,94,ABHAYRAB,238.2,4.5,36.2,269.9,32,33,50
25/02/2026,Cainta,94,VAXIRAB,131.9,4.8,25.5,152.6,56,64,50
25/02/2026,Cainta,94,CHIRORAB,32.0,5.0,0.0,27.0,46,47,50
25/02/2026,Cainta,94,ERIG,0.1,3.8,19.7,16.0,30,33,50
25/02/2026,Cainta,94,HRIG,12.3,1.9,0.0,10.4,44,54,50
25/02/2026,Cainta,94,"ATS 1,500 ""IU""",37.3,1.9,27.3,62.7,33,41,50
25/02/2026,Cainta,94,"ATS 3000 ""IU""",99.2,1.9,0.0,97.3,60,75,50
25/02/2026,Cainta,94,"ATS 5,000 ""IU""",7.0,1.9,0.0,5.1,25,26,50
25/02/2026,Cainta,94,HTIG,19.4,0.9,0.0,18.5,51,62,50
25/02/2026,Cainta,94,TOXOID BETT,2057.9,9.6,0.0,2048.3,53,50,50
25/02/2026,Cainta,94,TOXOID ABHAYTOX,154.2,1.9,22.6,174.9,26,28,50
25/02/2026,Cainta,94,PPD,9.5,0.5,0.0,9.0,30,34,50
25/02/2026,Cainta,94,HEPA B,37.7,1.9,0.0,35.8,38,46,50
25/02/2026,Cainta,94,HEPA BIG,0.5,1.9,20.4,19.0,56,75,50
25/02/2026,Cainta,94,FLU,17.8,1.0,0.0,16.8,44,43,50
25/02/2026,Cainta,94,AMOXICILLIN 500MG,1211.1,27.9,0.0,1183.2,48,63,140
25/02/2026,Cainta,94,CEFALEXIN 500 MG,3661.7,15.6,376.7,4022.8,53,52,100
25/02/2026,Cainta,94,MEFENAMIC 500 MG,2986.2,26.2,0.0,2960.0,55,62,120
25/02/2026,Cainta,94,INSULIN,1232.0,25.8,0.0,1206.2,41,53,150
25/02/2026,Cainta,94,1CC/3CC,1483.8,9.7,0.0,1474.1,43,53,50
25/02/2026,Cainta,94,5CC/10CC,1783.6,9.4,152.6,1926.8,50,66,50
25/02/2026,Cainta,94,CETIRIZINE,2904.2,16.1,0.0,2888.1,33,43,100
25/02/2026,Cainta,94,G23,945.6,4.7,0.0,940.9,56,54,50
25/02/2026,Cainta,94,G27,1220.9,5.0,0.0,1215.9,24,33,50
25/02/2026,Cainta,94,GAUZE PAD,182.6,9.6,0.0,173.0,31,42,50
25/02/2026,Cainta,94,COTTON BALLS,2890.1,46.5,0.0,2843.6,54,57,240
25/02/2026,Cainta,94,BETADINE,6.6,0.5,0.0,6.1,36,30,50
25/02/2026,Cainta,94,ALCOHOL,1.6,0.5,0.0,1.1,29,28,50
25/02/2026,Cainta,94,FACEMASK,489.9,19.2,0.0,470.7,31,40,100
25/02/2026,Cainta,94,GLOVES,1434.9,16.9,0.0,1418.0,43,59,100
25/02/2026,Cainta,94,MICROPRE,118.3,4.7,0.0,113.6,55,71,50
25/02/2026,Cainta,94,STERILE WATER,61.9,2.9,0.0,59.0,26,27,50
25/02/2026,Cainta,94,REF THERMOMETER,19.0,0.9,0.0,18.1,25,21,50
25/02/2026,Cainta,94,ACRYLIC CONTAINERS,58.7,1.9,0.0,56.8,41,46,50
25/02/2026,Cainta,94,COOLER,0.2,0.5,17.3,17.0,59,61,50
25/02/2026,Cainta,94,KIDNEY BASIN,23.3,1.9,0.0,21.4,34,30,50
25/02/2026,Cainta,94,WEIGHING SCALE,8.2,0.5,0.0,7.7,60,52,50
25/02/2026,Cainta,94,FORCEPS,1.6,1.9,12.3,12.0,57,51,50
25/02/2026,Cainta,94,BETADINE CONTAINER,1.3,0.9,0.0,0.4,34,31,50
25/02/2026,Cainta,94,ALCOHOL PUMP CONTAINER,1.6,0.9,0.0,0.7,54,68,50
26/02/2026,Cainta,59,SPEEDA,1359.2,8.8,0.0,1350.4,31,32,70
26/02/2026,Cainta,59,ABHAYRAB,269.9,3.0,0.0,266.9,27,29,50
26/02/2026,Cainta,59,VAXIRAB,152.6,3.0,0.0,149.6,25,29,50
26/02/2026,Cainta,59,CHIRORAB,27.0,2.8,0.0,24.2,34,47,50
26/02/2026,Cainta,59,ERIG,16.0,2.3,0.0,13.7,33,41,50
26/02/2026,Cainta,59,HRIG,10.4,1.2,0.0,9.2,33,39,50
26/02/2026,Cainta,59,"ATS 1,500 ""IU""",62.7,1.2,0.0,61.5,38,47,50
26/02/2026,Cainta,59,"ATS 3000 ""IU""",97.3,1.2,0.0,96.1,26,32,50
26/02/2026,Cainta,59,"ATS 5,000 ""IU""",5.1,1.2,0.0,3.9,34,41,50
26/02/2026,Cainta,59,HTIG,18.5,0.6,0.0,17.9,35,38,50
26/02/2026,Cainta,59,TOXOID BETT,2048.3,5.3,0.0,2043.0,20,23,50
26/02/2026,Cainta,59,TOXOID ABHAYTOX,174.9,1.2,0.0,173.7,16,17,50
26/02/2026,Cainta,59,PPD,9.0,0.3,0.0,8.7,24,25,50
26/02/2026,Cainta,59,HEPA B,35.8,1.2,0.0,34.6,35,34,50
26/02/2026,Cainta,59,HEPA BIG,19.0,1.2,0.0,17.8,22,22,50
26/02/2026,Cainta,59,FLU,16.8,0.6,0.0,16.2,31,33,50
26/02/2026,Cainta,59,AMOXICILLIN 500MG,1183.2,24.2,0.0,1159.0,15,17,140
26/02/2026,Cainta,59,CEFALEXIN 500 MG,4022.8,10.1,0.0,4012.7,23,25,100
26/02/2026,Cainta,59,MEFENAMIC 500 MG,2960.0,17.0,0.0,2943.0,29,25,120
26/02/2026,Cainta,59,INSULIN,1206.2,20.5,0.0,1185.7,18,18,150
26/02/2026,Cainta,59,1CC/3CC,1474.1,5.7,0.0,1468.4,36,37,50
26/02/2026,Cainta,59,5CC/10CC,1926.8,6.0,97.6,2018.4,18,22,50
26/02/2026,Cainta,59,CETIRIZINE,2888.1,11.3,0.0,2876.8,36,36,100
26/02/2026,Cainta,59,G23,940.9,3.0,0.0,937.9,20,16,50
26/02/2026,Cainta,59,G27,1215.9,3.1,0.0,1212.8,38,32,50
26/02/2026,Cainta,59,GAUZE PAD,173.0,6.1,0.0,166.9,29,32,50
26/02/2026,Cainta,59,COTTON BALLS,2843.6,32.7,0.0,2810.9,17,16,240
26/02/2026,Cainta,59,BETADINE,6.1,0.3,0.0,5.8,16,18,50
26/02/2026,Cainta,59,ALCOHOL,1.1,0.3,0.0,0.8,17,19,50
26/02/2026,Cainta,59,FACEMASK,470.7,11.6,0.0,459.1,29,39,100
26/02/2026,Cainta,59,GLOVES,1418.0,13.3,0.0,1404.7,34,41,100
26/02/2026,Cainta,59,MICROPRE,113.6,2.8,0.0,110.8,24,20,50
26/02/2026,Cainta,59,STERILE WATER,59.0,1.7,0.0,57.3,25,26,50
26/02/2026,Cainta,59,REF THERMOMETER,18.1,0.6,0.0,17.5,29,37,50
26/02/2026,Cainta,59,ACRYLIC CONTAINERS,56.8,1.2,0.0,55.6,27,26,50
26/02/2026,Cainta,59,COOLER,17.0,0.3,0.0,16.7,31,42,50
26/02/2026,Cainta,59,KIDNEY BASIN,21.4,1.2,0.0,20.2,26,29,50
26/02/2026,Cainta,59,WEIGHING SCALE,7.7,0.3,0.0,7.4,32,27,50
26/02/2026,Cainta,59,FORCEPS,12.0,1.2,0.0,10.8,38,36,50
26/02/2026,Cainta,59,BETADINE CONTAINER,0.4,0.6,12.2,12.0,23,31,50
26/02/2026,Cainta,59,ALCOHOL PUMP CONTAINER,0.7,0.6,0.0,0.1,15,21,50
27/02/2026,Cainta,34,SPEEDA,1350.4,4.5,0.0,1345.9,10,13,70
27/02/2026,Cainta,34,ABHAYRAB,266.9,1.7,0.0,265.2,16,16,50
27/02/2026,Cainta,34,VAXIRAB,149.6,1.7,0.0,147.9,13,16,50
27/02/2026,Cainta,34,CHIRORAB,24.2,1.7,0.0,22.5,21,20,50
27/02/2026,Cainta,34,ERIG,13.7,1.3,0.0,12.4,17,18,50
27/02/2026,Cainta,34,HRIG,9.2,0.7,0.0,8.5,16,19,50
27/02/2026,Cainta,34,"ATS 1,500 ""IU""",61.5,0.7,0.0,60.8,19,26,50
27/02/2026,Cainta,34,"ATS 3000 ""IU""",96.1,0.7,0.0,95.4,12,13,50
27/02/2026,Cainta,34,"ATS 5,000 ""IU""",3.9,0.7,0.0,3.2,20,22,50
27/02/2026,Cainta,34,HTIG,17.9,0.3,0.0,17.6,9,8,50
27/02/2026,Cainta,34,TOXOID BETT,2043.0,3.6,79.0,2118.4,17,18,50
27/02/2026,Cainta,34,TOXOID ABHAYTOX,173.7,0.7,40.6,213.6,21,18,50
27/02/2026,Cainta,34,PPD,8.7,0.2,6.3,14.8,19,25,50
27/02/2026,Cainta,34,HEPA B,34.6,0.7,0.0,33.9,20,16,50
27/02/2026,Cainta,34,HEPA BIG,17.8,0.7,0.0,17.1,14,17,50
27/02/2026,Cainta,34,FLU,16.2,0.3,0.0,15.9,20,19,50
27/02/2026,Cainta,34,AMOXICILLIN 500MG,1159.0,10.0,0.0,1149.0,16,17,140
27/02/2026,Cainta,34,CEFALEXIN 500 MG,4012.7,7.7,378.1,4383.1,17,16,100
27/02/2026,Cainta,34,MEFENAMIC 500 MG,2943.0,7.5,0.0,2935.5,9,9,120
27/02/2026,Cainta,34,INSULIN,1185.7,9.1,0.0,1176.6,11,12,150
27/02/2026,Cainta,34,1CC/3CC,1468.4,3.6,0.0,1464.8,16,19,50
27/02/2026,Cainta,34,5CC/10CC,2018.4,3.3,0.0,2015.1,9,12,50
27/02/2026,Cainta,34,CETIRIZINE,2876.8,7.4,0.0,2869.4,19,19,100
27/02/2026,Cainta,34,G23,937.9,1.8,0.0,936.1,20,23,50
27/02/2026,Cainta,34,G27,1212.8,1.7,0.0,1211.1,21,28,50
27/02/2026,Cainta,34,GAUZE PAD,166.9,3.5,39.4,202.8,10,10,50
27/02/2026,Cainta,34,COTTON BALLS,2810.9,13.5,0.0,2797.4,21,28,240
27/02/2026,Cainta,34,BETADINE,5.8,0.2,0.0,5.6,9,12,50
27/02/2026,Cainta,34,ALCOHOL,0.8,0.2,0.0,0.6,15,20,50
27/02/2026,Cainta,34,FACEMASK,459.1,7.1,0.0,452.0,20,23,100
27/02/2026,Cainta,34,GLOVES,1404.7,6.4,0.0,1398.3,9,11,100
27/02/2026,Cainta,34,MICROPRE,110.8,1.6,0.0,109.2,9,10,50
27/02/2026,Cainta,34,STERILE WATER,57.3,1.0,0.0,56.3,9,10,50
27/02/2026,Cainta,34,REF THERMOMETER,17.5,0.3,0.0,17.2,15,21,50
27/02/2026,Cainta,34,ACRYLIC CONTAINERS,55.6,0.7,0.0,54.9,20,19,50
27/02/2026,Cainta,34,COOLER,16.7,0.2,0.0,16.5,10,13,50
27/02/2026,Cainta,34,KIDNEY BASIN,20.2,0.7,0.0,19.5,10,11,50
27/02/2026,Cainta,34,WEIGHING SCALE,7.4,0.2,0.0,7.2,16,14,50
27/02/2026,Cainta,34,FORCEPS,10.8,0.7,0.0,10.1,12,14,50
27/02/2026,Cainta,34,BETADINE CONTAINER,12.0,0.3,0.0,11.7,18,23,50
27/02/2026,Cainta,34,ALCOHOL PUMP CONTAINER,0.1,0.3,6.2,6.0,21,24,50
28/02/2026,Cainta,76,SPEEDA,1345.9,11.4,0.0,1334.5,42,55,70
28/02/2026,Cainta,76,ABHAYRAB,265.2,3.6,0.0,261.6,46,47,50
28/02/2026,Cainta,76,VAXIRAB,147.9,3.7,0.0,144.2,35,47,50
28/02/2026,Cainta,76,CHIRORAB,22.5,3.7,0.0,18.8,44,52,50
28/02/2026,Cainta,76,ERIG,12.4,2.9,0.0,9.5,25,32,50
28/02/2026,Cainta,76,HRIG,8.5,1.5,0.0,7.0,21,20,50
28/02/2026,Cainta,76,"ATS 1,500 ""IU""",60.8,1.5,0.0,59.3,39,42,50
28/02/2026,Cainta,76,"ATS 3000 ""IU""",95.4,1.5,0.0,93.9,21,28,50
28/02/2026,Cainta,76,"ATS 5,000 ""IU""",3.2,1.5,0.0,1.7,46,38,50
28/02/2026,Cainta,76,HTIG,17.6,0.8,0.0,16.8,40,42,50
28/02/2026,Cainta,76,TOXOID BETT,2118.4,7.7,0.0,2110.7,48,61,50
28/02/2026,Cainta,76,TOXOID ABHAYTOX,213.6,1.5,0.0,212.1,29,36,50
28/02/2026,Cainta,76,PPD,14.8,0.4,0.0,14.4,34,45,50
28/02/2026,Cainta,76,HEPA B,33.9,1.5,0.0,32.4,42,52,50
28/02/2026,Cainta,76,HEPA BIG,17.1,1.5,0.0,15.6,26,36,50
28/02/2026,Cainta,76,FLU,15.9,0.8,0.0,15.1,35,38,50
28/02/2026,Cainta,76,AMOXICILLIN 500MG,1149.0,23.8,0.0,1125.2,39,46,140
28/02/2026,Cainta,76,CEFALEXIN 500 MG,4383.1,17.1,0.0,4366.0,49,64,100
28/02/2026,Cainta,76,MEFENAMIC 500 MG,2935.5,17.7,0.0,2917.8,42,51,120
28/02/2026,Cainta,76,INSULIN,1176.6,31.2,0.0,1145.4,23,20,150
28/02/2026,Cainta,76,1CC/3CC,1464.8,7.4,0.0,1457.4,33,34,50
28/02/2026,Cainta,76,5CC/10CC,2015.1,7.6,0.0,2007.5,37,42,50
28/02/2026,Cainta,76,CETIRIZINE,2869.4,14.2,0.0,2855.2,23,29,100
28/02/2026,Cainta,76,G23,936.1,3.8,95.4,1027.7,32,36,50
28/02/2026,Cainta,76,G27,1211.1,3.6,0.0,1207.5,28,35,50
28/02/2026,Cainta,76,GAUZE PAD,202.8,7.4,0.0,195.4,23,30,50
28/02/2026,Cainta,76,COTTON BALLS,2797.4,30.5,0.0,2766.9,35,34,240
28/02/2026,Cainta,76,BETADINE,5.6,0.4,0.0,5.2,24,28,50
28/02/2026,Cainta,76,ALCOHOL,0.6,0.4,0.0,0.2,37,42,50
28/02/2026,Cainta,76,FACEMASK,452.0,16.2,0.0,435.8,24,22,100
28/02/2026,Cainta,76,GLOVES,1398.3,12.0,0.0,1386.3,41,45,100
28/02/2026,Cainta,76,MICROPRE,109.2,4.0,0.0,105.2,25,28,50
28/02/2026,Cainta,76,STERILE WATER,56.3,2.3,0.0,54.0,46,59,50
28/02/2026,Cainta,76,REF THERMOMETER,17.2,0.8,0.0,16.4,20,22,50
28/02/2026,Cainta,76,ACRYLIC CONTAINERS,54.9,1.5,0.0,53.4,35,30,50
28/02/2026,Cainta,76,COOLER,16.5,0.4,0.0,16.1,29,32,50
28/02/2026,Cainta,76,KIDNEY BASIN,19.5,1.5,0.0,18.0,26,34,50
28/02/2026,Cainta,76,WEIGHING SCALE,7.2,0.4,0.0,6.8,33,38,50
28/02/2026,Cainta,76,FORCEPS,10.1,1.5,0.0,8.6,45,45,50
28/02/2026,Cainta,76,BETADINE CONTAINER,11.7,0.8,0.0,10.9,47,64,50
28/02/2026,Cainta,76,ALCOHOL PUMP CONTAINER,6.0,0.8,0.0,5.2,28,25,50
01/03/2026,Cainta,25,SPEEDA,1334.5,3.3,0.0,1331.2,8,8,70
01/03/2026,Cainta,25,ABHAYRAB,261.6,1.3,0.0,260.3,13,14,50
01/03/2026,Cainta,25,VAXIRAB,144.2,1.3,0.0,142.9,12,15,50
01/03/2026,Cainta,25,CHIRORAB,18.8,1.3,0.0,17.5,8,10,50
01/03/2026,Cainta,25,ERIG,9.5,1.0,0.0,8.5,14,12,50
01/03/2026,Cainta,25,HRIG,7.0,0.5,0.0,6.5,11,14,50
01/03/2026,Cainta,25,"ATS 1,500 ""IU""",59.3,0.5,0.0,58.8,13,16,50
01/03/2026,Cainta,25,"ATS 3000 ""IU""",93.9,0.5,0.0,93.4,10,13,50
01/03/2026,Cainta,25,"ATS 5,000 ""IU""",1.7,0.5,0.0,1.2,11,15,50
01/03/2026,Cainta,25,HTIG,16.8,0.2,0.0,16.6,8,10,50
01/03/2026,Cainta,25,TOXOID BETT,2110.7,2.4,0.0,2108.3,14,13,50
01/03/2026,Cainta,25,TOXOID ABHAYTOX,212.1,0.5,0.0,211.6,8,8,50
01/03/2026,Cainta,25,PPD,14.4,0.1,0.0,14.3,14,19,50
01/03/2026,Cainta,25,HEPA B,32.4,0.5,0.0,31.9,14,16,50
01/03/2026,Cainta,25,HEPA BIG,15.6,0.5,0.0,15.1,14,16,50
01/03/2026,Cainta,25,FLU,15.1,0.2,0.0,14.9,6,8,50
01/03/2026,Cainta,25,AMOXICILLIN 500MG,1125.2,7.9,181.1,1298.4,9,12,140
01/03/2026,Cainta,25,CEFALEXIN 500 MG,4366.0,4.9,0.0,4361.1,11,14,100
01/03/2026,Cainta,25,MEFENAMIC 500 MG,2917.8,6.9,0.0,2910.9,12,16,120
01/03/2026,Cainta,25,INSULIN,1145.4,7.4,0.0,1138.0,15,13,150
01/03/2026,Cainta,25,1CC/3CC,1457.4,2.5,0.0,1454.9,10,13,50
01/03/2026,Cainta,25,5CC/10CC,2007.5,2.6,0.0,2004.9,15,21,50
01/03/2026,Cainta,25,CETIRIZINE,2855.2,5.5,276.5,3126.2,8,7,100
01/03/2026,Cainta,25,G23,1027.7,1.2,0.0,1026.5,10,9,50
01/03/2026,Cainta,25,G27,1207.5,1.2,0.0,1206.3,7,9,50
01/03/2026,Cainta,25,GAUZE PAD,195.4,2.4,0.0,193.0,14,16,50
01/03/2026,Cainta,25,COTTON BALLS,2766.9,7.6,0.0,2759.3,8,7,240
01/03/2026,Cainta,25,BETADINE,5.2,0.1,0.0,5.1,9,9,50
01/03/2026,Cainta,25,ALCOHOL,0.2,0.1,0.0,0.1,14,14,50
01/03/2026,Cainta,25,FACEMASK,435.8,5.1,0.0,430.7,12,12,100
01/03/2026,Cainta,25,GLOVES,1386.3,4.1,0.0,1382.2,6,8,100
01/03/2026,Cainta,25,MICROPRE,105.2,1.2,0.0,104.0,6,7,50
01/03/2026,Cainta,25,STERILE WATER,54.0,0.7,0.0,53.3,11,14,50
01/03/2026,Cainta,25,REF THERMOMETER,16.4,0.3,0.0,16.1,9,7,50
01/03/2026,Cainta,25,ACRYLIC CONTAINERS,53.4,0.5,13.0,65.9,8,8,50
01/03/2026,Cainta,25,COOLER,16.1,0.1,0.0,16.0,12,12,50
01/03/2026,Cainta,25,KIDNEY BASIN,18.0,0.5,13.5,31.0,9,12,50
01/03/2026,Cainta,25,WEIGHING SCALE,6.8,0.1,0.0,6.7,12,16,50
01/03/2026,Cainta,25,FORCEPS,8.6,0.5,0.0,8.1,10,11,50
01/03/2026,Cainta,25,BETADINE CONTAINER,10.9,0.3,0.0,10.6,8,11,50
01/03/2026,Cainta,25,ALCOHOL PUMP CONTAINER,5.2,0.2,0.0,5.0,8,6,50
02/03/2026,Cainta,11,SPEEDA,1331.2,1.7,199.1,1528.6,4,4,70
02/03/2026,Cainta,11,ABHAYRAB,260.3,0.5,0.0,259.8,3,4,50
02/03/2026,Cainta,11,VAXIRAB,142.9,0.5,0.0,142.4,4,4,50
02/03/2026,Cainta,11,CHIRORAB,17.5,0.5,0.0,17.0,7,9,50
02/03/2026,Cainta,11,ERIG,8.5,0.4,0.0,8.1,6,6,50
02/03/2026,Cainta,11,HRIG,6.5,0.2,0.0,6.3,4,5,50
02/03/2026,Cainta,11,"ATS 1,500 ""IU""",58.8,0.2,0.0,58.6,5,5,50
02/03/2026,Cainta,11,"ATS 3000 ""IU""",93.4,0.2,0.0,93.2,5,5,50
02/03/2026,Cainta,11,"ATS 5,000 ""IU""",1.2,0.2,0.0,1.0,6,6,50
02/03/2026,Cainta,11,HTIG,16.6,0.1,0.0,16.5,4,5,50
02/03/2026,Cainta,11,TOXOID BETT,2108.3,1.1,165.3,2272.5,4,5,50
02/03/2026,Cainta,11,TOXOID ABHAYTOX,211.6,0.2,0.0,211.4,4,5,50
02/03/2026,Cainta,11,PPD,14.3,0.1,0.0,14.2,3,2,50
02/03/2026,Cainta,11,HEPA B,31.9,0.2,0.0,31.7,4,3,50
02/03/2026,Cainta,11,HEPA BIG,15.1,0.2,0.0,14.9,7,6,50
02/03/2026,Cainta,11,FLU,14.9,0.1,0.0,14.8,7,9,50
02/03/2026,Cainta,11,AMOXICILLIN 500MG,1298.4,2.5,288.3,1584.2,3,3,140
02/03/2026,Cainta,11,CEFALEXIN 500 MG,4361.1,2.0,357.8,4716.9,5,5,100
02/03/2026,Cainta,11,MEFENAMIC 500 MG,2910.9,2.5,0.0,2908.4,4,5,120
02/03/2026,Cainta,11,INSULIN,1138.0,3.3,0.0,1134.7,5,6,150
02/03/2026,Cainta,11,1CC/3CC,1454.9,1.1,0.0,1453.8,5,5,50
02/03/2026,Cainta,11,5CC/10CC,2004.9,1.2,0.0,2003.7,3,2,50
02/03/2026,Cainta,11,CETIRIZINE,3126.2,2.1,214.3,3338.4,6,6,100
02/03/2026,Cainta,11,G23,1026.5,0.5,0.0,1026.0,7,9,50
02/03/2026,Cainta,11,G27,1206.3,0.6,0.0,1205.7,6,6,50
02/03/2026,Cainta,11,GAUZE PAD,193.0,1.1,39.0,230.9,6,7,50
02/03/2026,Cainta,11,COTTON BALLS,2759.3,7.1,0.0,2752.2,5,4,240
02/03/2026,Cainta,11,BETADINE,5.1,0.1,0.0,5.0,4,5,50
02/03/2026,Cainta,11,ALCOHOL,0.1,0.1,0.0,0.0,3,4,50
02/03/2026,Cainta,11,FACEMASK,430.7,1.9,0.0,428.8,5,4,100
02/03/2026,Cainta,11,GLOVES,1382.2,1.9,0.0,1380.3,3,3,100
02/03/2026,Cainta,11,MICROPRE,104.0,0.6,0.0,103.4,6,6,50
02/03/2026,Cainta,11,STERILE WATER,53.3,0.3,0.0,53.0,5,7,50
02/03/2026,Cainta,11,REF THERMOMETER,16.1,0.1,0.0,16.0,5,6,50
02/03/2026,Cainta,11,ACRYLIC CONTAINERS,65.9,0.2,0.0,65.7,4,5,50
02/03/2026,Cainta,11,COOLER,16.0,0.1,0.0,15.9,7,6,50
02/03/2026,Cainta,11,KIDNEY BASIN,31.0,0.2,0.0,30.8,4,3,50
02/03/2026,Cainta,11,WEIGHING SCALE,6.7,0.1,0.0,6.6,3,4,50
02/03/2026,Cainta,11,FORCEPS,8.1,0.2,0.0,7.9,3,4,50
02/03/2026,Cainta,11,BETADINE CONTAINER,10.6,0.1,0.0,10.5,6,8,50
02/03/2026,Cainta,11,ALCOHOL PUMP CONTAINER,5.0,0.1,0.0,4.9,7,9,50
03/03/2026,Cainta,34,SPEEDA,1528.6,5.3,0.0,1523.3,12,14,70
03/03/2026,Cainta,34,ABHAYRAB,259.8,1.7,0.0,258.1,21,24,50
03/03/2026,Cainta,34,VAXIRAB,142.4,1.8,11.0,151.6,12,16,50
03/03/2026,Cainta,34,CHIRORAB,17.0,1.8,0.0,15.2,17,22,50
03/03/2026,Cainta,34,ERIG,8.1,1.4,0.0,6.7,9,12,50
03/03/2026,Cainta,34,HRIG,6.3,0.7,0.0,5.6,15,21,50
03/03/2026,Cainta,34,"ATS 1,500 ""IU""",58.6,0.7,0.0,57.9,17,18,50
03/03/2026,Cainta,34,"ATS 3000 ""IU""",93.2,0.7,0.0,92.5,16,20,50
03/03/2026,Cainta,34,"ATS 5,000 ""IU""",1.0,0.7,0.0,0.3,12,15,50
03/03/2026,Cainta,34,HTIG,16.5,0.3,0.0,16.2,20,18,50
03/03/2026,Cainta,34,TOXOID BETT,2272.5,3.6,0.0,2268.9,22,26,50
03/03/2026,Cainta,34,TOXOID ABHAYTOX,211.4,0.7,0.0,210.7,15,16,50
03/03/2026,Cainta,34,PPD,14.2,0.2,6.0,20.0,17,18,50
03/03/2026,Cainta,34,HEPA B,31.7,0.7,0.0,31.0,19,17,50
03/03/2026,Cainta,34,HEPA BIG,14.9,0.7,0.0,14.2,12,15,50
03/03/2026,Cainta,34,FLU,14.8,0.3,0.0,14.5,20,24,50
03/03/2026,Cainta,34,AMOXICILLIN 500MG,1584.2,8.0,0.0,1576.2,12,13,140
03/03/2026,Cainta,34,CEFALEXIN 500 MG,4716.9,7.1,0.0,4709.8,19,17,100
03/03/2026,Cainta,34,MEFENAMIC 500 MG,2908.4,7.9,305.8,3206.3,10,11,120
03/03/2026,Cainta,34,INSULIN,1134.7,11.6,0.0,1123.1,12,10,150
03/03/2026,Cainta,34,1CC/3CC,1453.8,3.4,0.0,1450.4,16,16,50
03/03/2026,Cainta,34,5CC/10CC,2003.7,3.5,0.0,2000.2,16,16,50
03/03/2026,Cainta,34,CETIRIZINE,3338.4,6.2,135.1,3467.3,20,27,100
03/03/2026,Cainta,34,G23,1026.0,1.7,0.0,1024.3,22,23,50
03/03/2026,Cainta,34,G27,1205.7,1.7,0.0,1204.0,10,12,50
03/03/2026,Cainta,34,GAUZE PAD,230.9,3.5,0.0,227.4,12,16,50
03/03/2026,Cainta,34,COTTON BALLS,2752.2,23.8,0.0,2728.4,13,14,240
03/03/2026,Cainta,34,BETADINE,5.0,0.2,0.0,4.8,15,20,50
03/03/2026,Cainta,34,ALCOHOL,0.0,0.2,20.2,20.0,15,13,50
03/03/2026,Cainta,34,FACEMASK,428.8,5.5,0.0,423.3,20,20,100
03/03/2026,Cainta,34,GLOVES,1380.3,6.0,0.0,1374.3,19,16,100
03/03/2026,Cainta,34,MICROPRE,103.4,1.7,0.0,101.7,9,10,50
03/03/2026,Cainta,34,STERILE WATER,53.0,1.0,0.0,52.0,15,21,50
03/03/2026,Cainta,34,REF THERMOMETER,16.0,0.3,0.0,15.7,17,20,50
03/03/2026,Cainta,34,ACRYLIC CONTAINERS,65.7,0.7,0.0,65.0,15,18,50
03/03/2026,Cainta,34,COOLER,15.9,0.2,0.0,15.7,10,10,50
03/03/2026,Cainta,34,KIDNEY BASIN,30.8,0.7,0.0,30.1,14,19,50
03/03/2026,Cainta,34,WEIGHING SCALE,6.6,0.2,0.0,6.4,14,15,50
03/03/2026,Cainta,34,FORCEPS,7.9,0.7,0.0,7.2,11,11,50
03/03/2026,Cainta,34,BETADINE CONTAINER,10.5,0.3,0.0,10.2,19,26,50
03/03/2026,Cainta,34,ALCOHOL PUMP CONTAINER,4.9,0.3,0.0,4.6,13,14,50
04/03/2026,Cainta,7,SPEEDA,1523.3,1.0,0.0,1522.3,3,3,70
04/03/2026,Cainta,7,ABHAYRAB,258.1,0.4,0.0,257.7,3,2,50
04/03/2026,Cainta,7,VAXIRAB,151.6,0.3,0.0,151.3,4,4,50
04/03/2026,Cainta,7,CHIRORAB,15.2,0.3,0.0,14.9,2,3,50
04/03/2026,Cainta,7,ERIG,6.7,0.3,0.0,6.4,2,2,50
04/03/2026,Cainta,7,HRIG,5.6,0.1,0.0,5.5,3,4,50
04/03/2026,Cainta,7,"ATS 1,500 ""IU""",57.9,0.1,0.0,57.8,3,3,50
04/03/2026,Cainta,7,"ATS 3000 ""IU""",92.5,0.1,29.7,122.1,3,4,50
04/03/2026,Cainta,7,"ATS 5,000 ""IU""",0.3,0.1,0.0,0.2,4,5,50
04/03/2026,Cainta,7,HTIG,16.2,0.1,0.0,16.1,2,2,50
04/03/2026,Cainta,7,TOXOID BETT,2268.9,0.7,0.0,2268.2,2,2,50
04/03/2026,Cainta,7,TOXOID ABHAYTOX,210.7,0.1,0.0,210.6,3,3,50
04/03/2026,Cainta,7,PPD,20.0,0.0,0.0,20.0,4,5,50
04/03/2026,Cainta,7,HEPA B,31.0,0.1,0.0,30.9,4,5,50
04/03/2026,Cainta,7,HEPA BIG,14.2,0.1,0.0,14.1,4,4,50
04/03/2026,Cainta,7,FLU,14.5,0.1,0.0,14.4,3,3,50
04/03/2026,Cainta,7,AMOXICILLIN 500MG,1576.2,1.7,0.0,1574.5,4,5,140
04/03/2026,Cainta,7,CEFALEXIN 500 MG,4709.8,1.5,224.2,4932.5,4,4,100
04/03/2026,Cainta,7,MEFENAMIC 500 MG,3206.3,1.7,0.0,3204.6,2,2,120
04/03/2026,Cainta,7,INSULIN,1123.1,1.9,0.0,1121.2,3,4,150
04/03/2026,Cainta,7,1CC/3CC,1450.4,0.7,0.0,1449.7,4,4,50
04/03/2026,Cainta,7,5CC/10CC,2000.2,0.7,0.0,1999.5,3,3,50
04/03/2026,Cainta,7,CETIRIZINE,3467.3,1.5,0.0,3465.8,4,5,100
04/03/2026,Cainta,7,G23,1024.3,0.3,0.0,1024.0,3,3,50
04/03/2026,Cainta,7,G27,1204.0,0.4,0.0,1203.6,3,2,50
04/03/2026,Cainta,7,GAUZE PAD,227.4,0.7,0.0,226.7,2,2,50
04/03/2026,Cainta,7,COTTON BALLS,2728.4,3.7,0.0,2724.7,4,3,240
04/03/2026,Cainta,7,BETADINE,4.8,0.0,0.0,4.8,4,4,50
04/03/2026,Cainta,7,ALCOHOL,20.0,0.0,0.0,20.0,2,3,50
04/03/2026,Cainta,7,FACEMASK,423.3,1.5,122.4,544.2,3,3,100
04/03/2026,Cainta,7,GLOVES,1374.3,1.3,0.0,1373.0,2,2,100
04/03/2026,Cainta,7,MICROPRE,101.7,0.4,0.0,101.3,2,2,50
04/03/2026,Cainta,7,STERILE WATER,52.0,0.2,0.0,51.8,5,5,50
04/03/2026,Cainta,7,REF THERMOMETER,15.7,0.1,0.0,15.6,3,3,50
04/03/2026,Cainta,7,ACRYLIC CONTAINERS,65.0,0.1,0.0,64.9,3,3,50
04/03/2026,Cainta,7,COOLER,15.7,0.0,0.0,15.7,3,3,50
04/03/2026,Cainta,7,KIDNEY BASIN,30.1,0.1,0.0,30.0,4,4,50
04/03/2026,Cainta,7,WEIGHING SCALE,6.4,0.0,0.0,6.4,2,2,50
04/03/2026,Cainta,7,FORCEPS,7.2,0.1,0.0,7.1,4,5,50
04/03/2026,Cainta,7,BETADINE CONTAINER,10.2,0.1,0.0,10.1,3,4,50
04/03/2026,Cainta,7,ALCOHOL PUMP CONTAINER,4.6,0.1,0.0,4.5,2,3,50
05/03/2026,Cainta,21,SPEEDA,1522.3,3.4,0.0,1518.9,11,9,70
05/03/2026,Cainta,21,ABHAYRAB,257.7,1.1,25.5,282.1,5,6,50
05/03/2026,Cainta,21,VAXIRAB,151.3,1.0,0.0,150.3,11,13,50
05/03/2026,Cainta,21,CHIRORAB,14.9,1.0,0.0,13.9,7,6,50
05/03/2026,Cainta,21,ERIG,6.4,0.8,0.0,5.6,12,16,50
05/03/2026,Cainta,21,HRIG,5.5,0.4,17.7,22.8,12,15,50
05/03/2026,Cainta,21,"ATS 1,500 ""IU""",57.8,0.4,0.0,57.4,11,10,50
05/03/2026,Cainta,21,"ATS 3000 ""IU""",122.1,0.4,0.0,121.7,5,7,50
05/03/2026,Cainta,21,"ATS 5,000 ""IU""",0.2,0.4,8.2,8.0,11,10,50
05/03/2026,Cainta,21,HTIG,16.1,0.2,0.0,15.9,14,15,50
05/03/2026,Cainta,21,TOXOID BETT,2268.2,2.3,0.0,2265.9,7,6,50
05/03/2026,Cainta,21,TOXOID ABHAYTOX,210.6,0.4,0.0,210.2,8,7,50
05/03/2026,Cainta,21,PPD,20.0,0.1,0.0,19.9,12,17,50
05/03/2026,Cainta,21,HEPA B,30.9,0.4,0.0,30.5,7,8,50
05/03/2026,Cainta,21,HEPA BIG,14.1,0.4,0.0,13.7,11,11,50
05/03/2026,Cainta,21,FLU,14.4,0.2,0.0,14.2,12,15,50
05/03/2026,Cainta,21,AMOXICILLIN 500MG,1574.5,5.2,0.0,1569.3,6,8,140
05/03/2026,Cainta,21,CEFALEXIN 500 MG,4932.5,4.9,0.0,4927.6,10,14,100
05/03/2026,Cainta,21,MEFENAMIC 500 MG,3204.6,5.3,0.0,3199.3,10,14,120
05/03/2026,Cainta,21,INSULIN,1121.2,5.8,0.0,1115.4,8,11,150
05/03/2026,Cainta,21,1CC/3CC,1449.7,2.1,72.4,1520.0,13,15,50
05/03/2026,Cainta,21,5CC/10CC,1999.5,2.2,0.0,1997.3,7,7,50
05/03/2026,Cainta,21,CETIRIZINE,3465.8,4.0,224.6,3686.4,8,11,100
05/03/2026,Cainta,21,G23,1024.0,1.0,0.0,1023.0,12,10,50
05/03/2026,Cainta,21,G27,1203.6,1.0,0.0,1202.6,7,6,50
05/03/2026,Cainta,21,GAUZE PAD,226.7,2.0,0.0,224.7,12,13,50
05/03/2026,Cainta,21,COTTON BALLS,2724.7,15.1,0.0,2709.6,6,6,240
05/03/2026,Cainta,21,BETADINE,4.8,0.1,0.0,4.7,9,11,50
05/03/2026,Cainta,21,ALCOHOL,20.0,0.1,0.0,19.9,6,8,50
05/03/2026,Cainta,21,FACEMASK,544.2,4.3,0.0,539.9,11,12,100
05/03/2026,Cainta,21,GLOVES,1373.0,3.8,0.0,1369.2,12,14,100
05/03/2026,Cainta,21,MICROPRE,101.3,1.0,34.5,134.8,12,13,50
05/03/2026,Cainta,21,STERILE WATER,51.8,0.6,0.0,51.2,13,16,50
05/03/2026,Cainta,21,REF THERMOMETER,15.6,0.2,0.0,15.4,11,9,50
05/03/2026,Cainta,21,ACRYLIC CONTAINERS,64.9,0.4,0.0,64.5,12,10,50
05/03/2026,Cainta,21,COOLER,15.7,0.1,0.0,15.6,9,11,50
05/03/2026,Cainta,21,KIDNEY BASIN,30.0,0.4,0.0,29.6,13,15,50
05/03/2026,Cainta,21,WEIGHING SCALE,6.4,0.1,0.0,6.3,11,11,50
05/03/2026,Cainta,21,FORCEPS,7.1,0.4,0.0,6.7,13,13,50
05/03/2026,Cainta,21,BETADINE CONTAINER,10.1,0.2,0.0,9.9,7,6,50
05/03/2026,Cainta,21,ALCOHOL PUMP CONTAINER,4.5,0.2,0.0,4.3,9,11,50
06/03/2026,Cainta,81,SPEEDA,1518.9,12.7,0.0,1506.2,44,46,70
06/03/2026,Cainta,81,ABHAYRAB,282.1,3.8,0.0,278.3,27,29,50
06/03/2026,Cainta,81,VAXIRAB,150.3,4.0,0.0,146.3,27,36,50
06/03/2026,Cainta,81,CHIRORAB,13.9,4.1,0.0,9.8,52,65,50
06/03/2026,Cainta,81,ERIG,5.6,3.2,0.0,2.4,34,32,50
06/03/2026,Cainta,81,HRIG,22.8,1.6,0.0,21.2,26,31,50
06/03/2026,Cainta,81,"ATS 1,500 ""IU""",57.4,1.6,0.0,55.8,31,27,50
06/03/2026,Cainta,81,"ATS 3000 ""IU""",121.7,1.6,0.0,120.1,33,30,50
06/03/2026,Cainta,81,"ATS 5,000 ""IU""",8.0,1.6,0.0,6.4,40,49,50
06/03/2026,Cainta,81,HTIG,15.9,0.8,0.0,15.1,50,44,50
06/03/2026,Cainta,81,TOXOID BETT,2265.9,8.8,0.0,2257.1,52,50,50
06/03/2026,Cainta,81,TOXOID ABHAYTOX,210.2,1.6,0.0,208.6,41,55,50
06/03/2026,Cainta,81,PPD,19.9,0.4,0.0,19.5,43,53,50
06/03/2026,Cainta,81,HEPA B,30.5,1.6,0.0,28.9,31,42,50
06/03/2026,Cainta,81,HEPA BIG,13.7,1.6,0.0,12.1,48,64,50
06/03/2026,Cainta,81,FLU,14.2,0.8,0.0,13.4,27,27,50
06/03/2026,Cainta,81,AMOXICILLIN 500MG,1569.3,26.9,224.2,1766.6,24,28,140
06/03/2026,Cainta,81,CEFALEXIN 500 MG,4927.6,14.9,0.0,4912.7,52,53,100
06/03/2026,Cainta,81,MEFENAMIC 500 MG,3199.3,20.4,0.0,3178.9,48,58,120
06/03/2026,Cainta,81,INSULIN,1115.4,17.9,0.0,1097.5,30,30,150
06/03/2026,Cainta,81,1CC/3CC,1520.0,8.7,0.0,1511.3,42,34,50
06/03/2026,Cainta,81,5CC/10CC,1997.3,7.9,184.4,2173.8,35,30,50
06/03/2026,Cainta,81,CETIRIZINE,3686.4,16.3,0.0,3670.1,31,39,100
06/03/2026,Cainta,81,G23,1023.0,4.0,0.0,1019.0,30,26,50
06/03/2026,Cainta,81,G27,1202.6,4.2,0.0,1198.4,25,29,50
06/03/2026,Cainta,81,GAUZE PAD,224.7,7.0,0.0,217.7,38,50,50
06/03/2026,Cainta,81,COTTON BALLS,2709.6,40.4,0.0,2669.2,35,44,240
06/03/2026,Cainta,81,BETADINE,4.7,0.4,0.0,4.3,37,39,50
06/03/2026,Cainta,81,ALCOHOL,19.9,0.4,0.0,19.5,27,25,50
06/03/2026,Cainta,81,FACEMASK,539.9,19.3,0.0,520.6,51,69,100
06/03/2026,Cainta,81,GLOVES,1369.2,14.8,66.9,1421.3,41,47,100
06/03/2026,Cainta,81,MICROPRE,134.8,4.1,0.0,130.7,49,51,50
06/03/2026,Cainta,81,STERILE WATER,51.2,2.4,0.0,48.8,24,33,50
06/03/2026,Cainta,81,REF THERMOMETER,15.4,0.8,0.0,14.6,40,37,50
06/03/2026,Cainta,81,ACRYLIC CONTAINERS,64.5,1.6,0.0,62.9,48,51,50
06/03/2026,Cainta,81,COOLER,15.6,0.4,0.0,15.2,31,27,50
06/03/2026,Cainta,81,KIDNEY BASIN,29.6,1.6,0.0,28.0,27,24,50
06/03/2026,Cainta,81,WEIGHING SCALE,6.3,0.4,0.0,5.9,29,30,50
06/03/2026,Cainta,81,FORCEPS,6.7,1.6,0.0,5.1,29,35,50
06/03/2026,Cainta,81,BETADINE CONTAINER,9.9,0.8,0.0,9.1,35,35,50
06/03/2026,Cainta,81,ALCOHOL PUMP CONTAINER,4.3,0.8,0.0,3.5,31,38,50
07/03/2026,Cainta,14,SPEEDA,1506.2,2.2,0.0,1504.0,5,6,70
07/03/2026,Cainta,14,ABHAYRAB,278.3,0.7,0.0,277.6,7,9,50
07/03/2026,Cainta,14,VAXIRAB,146.3,0.6,0.0,145.7,4,3,50
07/03/2026,Cainta,14,CHIRORAB,9.8,0.7,0.0,9.1,5,6,50
07/03/2026,Cainta,14,ERIG,2.4,0.5,0.0,1.9,7,6,50
07/03/2026,Cainta,14,HRIG,21.2,0.3,0.0,20.9,4,5,50
07/03/2026,Cainta,14,"ATS 1,500 ""IU""",55.8,0.3,0.0,55.5,5,5,50
07/03/2026,Cainta,14,"ATS 3000 ""IU""",120.1,0.3,0.0,119.8,5,6,50
07/03/2026,Cainta,14,"ATS 5,000 ""IU""",6.4,0.3,0.0,6.1,4,4,50
07/03/2026,Cainta,14,HTIG,15.1,0.1,0.0,15.0,6,7,50
07/03/2026,Cainta,14,TOXOID BETT,2257.1,1.5,0.0,2255.6,4,4,50
07/03/2026,Cainta,14,TOXOID ABHAYTOX,208.6,0.3,0.0,208.3,5,5,50
07/03/2026,Cainta,14,PPD,19.5,0.1,0.0,19.4,9,11,50
07/03/2026,Cainta,14,HEPA B,28.9,0.3,0.0,28.6,9,9,50
07/03/2026,Cainta,14,HEPA BIG,12.1,0.3,0.0,11.8,5,6,50
07/03/2026,Cainta,14,FLU,13.4,0.1,0.0,13.3,5,6,50
07/03/2026,Cainta,14,AMOXICILLIN 500MG,1766.6,4.1,0.0,1762.5,6,7,140
07/03/2026,Cainta,14,CEFALEXIN 500 MG,4912.7,2.7,379.3,5289.3,8,10,100
07/03/2026,Cainta,14,MEFENAMIC 500 MG,3178.9,3.8,0.0,3175.1,8,10,120
07/03/2026,Cainta,14,INSULIN,1097.5,4.2,0.0,1093.3,4,5,150
07/03/2026,Cainta,14,1CC/3CC,1511.3,1.4,0.0,1509.9,4,3,50
07/03/2026,Cainta,14,5CC/10CC,2173.8,1.5,0.0,2172.3,6,7,50
07/03/2026,Cainta,14,CETIRIZINE,3670.1,3.5,0.0,3666.6,8,10,100
07/03/2026,Cainta,14,G23,1019.0,0.7,0.0,1018.3,8,7,50
07/03/2026,Cainta,14,G27,1198.4,0.7,0.0,1197.7,4,4,50
07/03/2026,Cainta,14,GAUZE PAD,217.7,1.4,0.0,216.3,7,7,50
07/03/2026,Cainta,14,COTTON BALLS,2669.2,6.0,143.5,2806.7,4,5,240
07/03/2026,Cainta,14,BETADINE,4.3,0.1,0.0,4.2,7,7,50
07/03/2026,Cainta,14,ALCOHOL,19.5,0.1,0.0,19.4,9,11,50
07/03/2026,Cainta,14,FACEMASK,520.6,2.6,0.0,518.0,6,7,100
07/03/2026,Cainta,14,GLOVES,1421.3,2.7,0.0,1418.6,4,5,100
07/03/2026,Cainta,14,MICROPRE,130.7,0.7,0.0,130.0,7,7,50
07/03/2026,Cainta,14,STERILE WATER,48.8,0.4,26.3,74.7,6,8,50
07/03/2026,Cainta,14,REF THERMOMETER,14.6,0.1,0.0,14.5,8,10,50
07/03/2026,Cainta,14,ACRYLIC CONTAINERS,62.9,0.3,0.0,62.6,5,4,50
07/03/2026,Cainta,14,COOLER,15.2,0.1,0.0,15.1,8,7,50
07/03/2026,Cainta,14,KIDNEY BASIN,28.0,0.3,6.5,34.2,5,5,50
07/03/2026,Cainta,14,WEIGHING SCALE,5.9,0.1,0.0,5.8,4,5,50
07/03/2026,Cainta,14,FORCEPS,5.1,0.3,0.0,4.8,5,5,50
07/03/2026,Cainta,14,BETADINE CONTAINER,9.1,0.1,0.0,9.0,4,3,50
07/03/2026,Cainta,14,ALCOHOL PUMP CONTAINER,3.5,0.1,0.0,3.4,5,4,50
08/03/2026,Cainta,30,SPEEDA,1504.0,4.8,0.0,1499.2,15,12,70
08/03/2026,Cainta,30,ABHAYRAB,277.6,1.5,0.0,276.1,9,9,50
08/03/2026,Cainta,30,VAXIRAB,145.7,1.5,0.0,144.2,9,12,50
08/03/2026,Cainta,30,CHIRORAB,9.1,1.6,0.0,7.5,9,10,50
08/03/2026,Cainta,30,ERIG,1.9,1.2,0.0,0.7,8,10,50
08/03/2026,Cainta,30,HRIG,20.9,0.6,0.0,20.3,18,15,50
08/03/2026,Cainta,30,"ATS 1,500 ""IU""",55.5,0.6,0.0,54.9,19,21,50
08/03/2026,Cainta,30,"ATS 3000 ""IU""",119.8,0.6,0.0,119.2,8,10,50
08/03/2026,Cainta,30,"ATS 5,000 ""IU""",6.1,0.6,0.0,5.5,17,20,50
08/03/2026,Cainta,30,HTIG,15.0,0.3,0.0,14.7,16,21,50
08/03/2026,Cainta,30,TOXOID BETT,2255.6,2.8,0.0,2252.8,19,18,50
08/03/2026,Cainta,30,TOXOID ABHAYTOX,208.3,0.6,0.0,207.7,12,13,50
08/03/2026,Cainta,30,PPD,19.4,0.1,0.0,19.3,11,13,50
08/03/2026,Cainta,30,HEPA B,28.6,0.6,0.0,28.0,13,12,50
08/03/2026,Cainta,30,HEPA BIG,11.8,0.6,0.0,11.2,18,23,50
08/03/2026,Cainta,30,FLU,13.3,0.3,0.0,13.0,16,16,50
08/03/2026,Cainta,30,AMOXICILLIN 500MG,1762.5,8.9,0.0,1753.6,13,11,140
08/03/2026,Cainta,30,CEFALEXIN 500 MG,5289.3,6.1,0.0,5283.2,10,13,100
08/03/2026,Cainta,30,MEFENAMIC 500 MG,3175.1,8.4,268.0,3434.7,16,20,120
08/03/2026,Cainta,30,INSULIN,1093.3,9.7,0.0,1083.6,18,24,150
08/03/2026,Cainta,30,1CC/3CC,1509.9,3.0,92.3,1599.2,12,16,50
08/03/2026,Cainta,30,5CC/10CC,2172.3,3.0,114.8,2284.1,16,15,50
08/03/2026,Cainta,30,CETIRIZINE,3666.6,6.3,0.0,3660.3,12,14,100
08/03/2026,Cainta,30,G23,1018.3,1.6,0.0,1016.7,13,18,50
08/03/2026,Cainta,30,G27,1197.7,1.5,0.0,1196.2,14,13,50
08/03/2026,Cainta,30,GAUZE PAD,216.3,2.9,0.0,213.4,17,18,50
08/03/2026,Cainta,30,COTTON BALLS,2806.7,12.3,0.0,2794.4,19,26,240
08/03/2026,Cainta,30,BETADINE,4.2,0.1,0.0,4.1,13,11,50
08/03/2026,Cainta,30,ALCOHOL,19.4,0.2,0.0,19.2,12,16,50
08/03/2026,Cainta,30,FACEMASK,518.0,6.4,133.3,644.9,12,13,100
08/03/2026,Cainta,30,GLOVES,1418.6,6.4,0.0,1412.2,9,12,100
08/03/2026,Cainta,30,MICROPRE,130.0,1.5,0.0,128.5,11,13,50
08/03/2026,Cainta,30,STERILE WATER,74.7,0.9,0.0,73.8,9,11,50
08/03/2026,Cainta,30,REF THERMOMETER,14.5,0.3,0.0,14.2,13,16,50
08/03/2026,Cainta,30,ACRYLIC CONTAINERS,62.6,0.6,0.0,62.0,10,8,50
08/03/2026,Cainta,30,COOLER,15.1,0.1,0.0,15.0,12,14,50
08/03/2026,Cainta,30,KIDNEY BASIN,34.2,0.6,11.5,45.1,17,23,50
08/03/2026,Cainta,30,WEIGHING SCALE,5.8,0.2,0.0,5.6,10,14,50
08/03/2026,Cainta,30,FORCEPS,4.8,0.6,0.0,4.2,15,21,50
08/03/2026,Cainta,30,BETADINE CONTAINER,9.0,0.3,0.0,8.7,18,21,50
08/03/2026,Cainta,30,ALCOHOL PUMP CONTAINER,3.4,0.3,0.0,3.1,14,17,50
09/03/2026,Cainta,22,SPEEDA,1499.2,3.3,146.3,1642.2,7,8,70
09/03/2026,Cainta,22,ABHAYRAB,276.1,1.2,0.0,274.9,9,10,50
09/03/2026,Cainta,22,VAXIRAB,144.2,1.1,0.0,143.1,11,13,50
09/03/2026,Cainta,22,CHIRORAB,7.5,1.1,0.0,6.4,10,8,50
09/03/2026,Cainta,22,ERIG,0.7,0.9,18.2,18.0,7,6,50
09/03/2026,Cainta,22,HRIG,20.3,0.4,0.0,19.9,9,11,50
09/03/2026,Cainta,22,"ATS 1,500 ""IU""",54.9,0.4,0.0,54.5,10,10,50
09/03/2026,Cainta,22,"ATS 3000 ""IU""",119.2,0.4,0.0,118.8,8,8,50
09/03/2026,Cainta,22,"ATS 5,000 ""IU""",5.5,0.4,0.0,5.1,11,10,50
09/03/2026,Cainta,22,HTIG,14.7,0.2,0.0,14.5,6,8,50
09/03/2026,Cainta,22,TOXOID BETT,2252.8,1.9,0.0,2250.9,8,11,50
09/03/2026,Cainta,22,TOXOID ABHAYTOX,207.7,0.4,0.0,207.3,13,15,50
09/03/2026,Cainta,22,PPD,19.3,0.1,7.5,26.7,8,11,50
09/03/2026,Cainta,22,HEPA B,28.0,0.4,0.0,27.6,11,15,50
09/03/2026,Cainta,22,HEPA BIG,11.2,0.4,0.0,10.8,9,8,50
09/03/2026,Cainta,22,FLU,13.0,0.2,0.0,12.8,8,7,50
09/03/2026,Cainta,22,AMOXICILLIN 500MG,1753.6,6.6,0.0,1747.0,14,13,140
09/03/2026,Cainta,22,CEFALEXIN 500 MG,5283.2,4.0,0.0,5279.2,9,8,100
09/03/2026,Cainta,22,MEFENAMIC 500 MG,3434.7,5.8,111.4,3540.3,8,9,120
09/03/2026,Cainta,22,INSULIN,1083.6,6.9,0.0,1076.7,14,14,150
09/03/2026,Cainta,22,1CC/3CC,1599.2,2.3,0.0,1596.9,12,16,50
09/03/2026,Cainta,22,5CC/10CC,2284.1,2.1,0.0,2282.0,11,13,50
09/03/2026,Cainta,22,CETIRIZINE,3660.3,4.4,0.0,3655.9,6,6,100
09/03/2026,Cainta,22,G23,1016.7,1.1,123.0,1138.6,7,10,50
09/03/2026,Cainta,22,G27,1196.2,1.1,0.0,1195.1,11,15,50
09/03/2026,Cainta,22,GAUZE PAD,213.4,2.3,0.0,211.1,7,9,50
09/03/2026,Cainta,22,COTTON BALLS,2794.4,12.1,0.0,2782.3,7,9,240
09/03/2026,Cainta,22,BETADINE,4.1,0.1,0.0,4.0,12,17,50
09/03/2026,Cainta,22,ALCOHOL,19.2,0.1,0.0,19.1,8,9,50
09/03/2026,Cainta,22,FACEMASK,644.9,5.2,0.0,639.7,6,8,100
09/03/2026,Cainta,22,GLOVES,1412.2,4.3,0.0,1407.9,6,5,100
09/03/2026,Cainta,22,MICROPRE,128.5,1.1,0.0,127.4,9,10,50
09/03/2026,Cainta,22,STERILE WATER,73.8,0.6,0.0,73.2,11,12,50
09/03/2026,Cainta,22,REF THERMOMETER,14.2,0.2,0.0,14.0,13,11,50
09/03/2026,Cainta,22,ACRYLIC CONTAINERS,62.0,0.4,0.0,61.6,6,5,50
09/03/2026,Cainta,22,COOLER,15.0,0.1,0.0,14.9,7,6,50
09/03/2026,Cainta,22,KIDNEY BASIN,45.1,0.4,0.0,44.7,10,10,50
09/03/2026,Cainta,22,WEIGHING SCALE,5.6,0.1,0.0,5.5,9,7,50
09/03/2026,Cainta,22,FORCEPS,4.2,0.4,0.0,3.8,10,11,50
09/03/2026,Cainta,22,BETADINE CONTAINER,8.7,0.2,0.0,8.5,14,18,50
09/03/2026,Cainta,22,ALCOHOL PUMP CONTAINER,3.1,0.2,0.0,2.9,10,12,50
10/03/2026,Cainta,6,SPEEDA,1642.2,0.8,0.0,1641.4,2,2,70
10/03/2026,Cainta,6,ABHAYRAB,274.9,0.3,0.0,274.6,4,3,50
10/03/2026,Cainta,6,VAXIRAB,143.1,0.3,0.0,142.8,2,3,50
10/03/2026,Cainta,6,CHIRORAB,6.4,0.3,0.0,6.1,4,4,50
10/03/2026,Cainta,6,ERIG,18.0,0.2,0.0,17.8,3,3,50
10/03/2026,Cainta,6,HRIG,19.9,0.1,0.0,19.8,3,3,50
10/03/2026,Cainta,6,"ATS 1,500 ""IU""",54.5,0.1,0.0,54.4,4,5,50
10/03/2026,Cainta,6,"ATS 3000 ""IU""",118.8,0.1,0.0,118.7,3,4,50
10/03/2026,Cainta,6,"ATS 5,000 ""IU""",5.1,0.1,28.5,33.5,3,4,50
10/03/2026,Cainta,6,HTIG,14.5,0.1,0.0,14.4,2,2,50
10/03/2026,Cainta,6,TOXOID BETT,2250.9,0.6,0.0,2250.3,3,3,50
10/03/2026,Cainta,6,TOXOID ABHAYTOX,207.3,0.1,0.0,207.2,3,4,50
10/03/2026,Cainta,6,PPD,26.7,0.0,0.0,26.7,2,2,50
10/03/2026,Cainta,6,HEPA B,27.6,0.1,0.0,27.5,3,3,50
10/03/2026,Cainta,6,HEPA BIG,10.8,0.1,0.0,10.7,3,4,50
10/03/2026,Cainta,6,FLU,12.8,0.1,0.0,12.7,2,3,50
10/03/2026,Cainta,6,AMOXICILLIN 500MG,1747.0,2.0,0.0,1745.0,2,2,140
10/03/2026,Cainta,6,CEFALEXIN 500 MG,5279.2,1.2,0.0,5278.0,3,3,100
10/03/2026,Cainta,6,MEFENAMIC 500 MG,3540.3,1.1,0.0,3539.2,2,2,120
10/03/2026,Cainta,6,INSULIN,1076.7,2.0,0.0,1074.7,2,2,150
10/03/2026,Cainta,6,1CC/3CC,1596.9,0.6,125.8,1722.1,3,3,50
10/03/2026,Cainta,6,5CC/10CC,2282.0,0.6,0.0,2281.4,2,2,50
10/03/2026,Cainta,6,CETIRIZINE,3655.9,1.1,0.0,3654.8,2,2,100
10/03/2026,Cainta,6,G23,1138.6,0.3,0.0,1138.3,3,3,50
10/03/2026,Cainta,6,G27,1195.1,0.3,0.0,1194.8,2,2,50
10/03/2026,Cainta,6,GAUZE PAD,211.1,0.6,0.0,210.5,4,5,50
10/03/2026,Cainta,6,COTTON BALLS,2782.3,2.1,144.6,2924.8,4,4,240
10/03/2026,Cainta,6,BETADINE,4.0,0.0,0.0,4.0,3,3,50
10/03/2026,Cainta,6,ALCOHOL,19.1,0.0,0.0,19.1,4,5,50
10/03/2026,Cainta,6,FACEMASK,639.7,1.2,0.0,638.5,4,5,100
10/03/2026,Cainta,6,GLOVES,1407.9,1.3,0.0,1406.6,2,2,100
10/03/2026,Cainta,6,MICROPRE,127.4,0.3,0.0,127.1,3,4,50
10/03/2026,Cainta,6,STERILE WATER,73.2,0.2,0.0,73.0,2,2,50
10/03/2026,Cainta,6,REF THERMOMETER,14.0,0.1,0.0,13.9,3,4,50
10/03/2026,Cainta,6,ACRYLIC CONTAINERS,61.6,0.1,0.0,61.5,3,3,50
10/03/2026,Cainta,6,COOLER,14.9,0.0,0.0,14.9,2,3,50
10/03/2026,Cainta,6,KIDNEY BASIN,44.7,0.1,0.0,44.6,2,3,50
10/03/2026,Cainta,6,WEIGHING SCALE,5.5,0.0,0.0,5.5,4,5,50
10/03/2026,Cainta,6,FORCEPS,3.8,0.1,0.0,3.7,2,3,50
10/03/2026,Cainta,6,BETADINE CONTAINER,8.5,0.1,0.0,8.4,2,2,50
10/03/2026,Cainta,6,ALCOHOL PUMP CONTAINER,2.9,0.1,0.0,2.8,2,2,50
11/03/2026,Cainta,24,SPEEDA,1641.4,3.1,0.0,1638.3,11,10,70
11/03/2026,Cainta,24,ABHAYRAB,274.6,1.1,0.0,273.5,14,14,50
11/03/2026,Cainta,24,VAXIRAB,142.8,1.2,0.0,141.6,13,14,50
11/03/2026,Cainta,24,CHIRORAB,6.1,1.2,0.0,4.9,10,12,50
11/03/2026,Cainta,24,ERIG,17.8,1.0,0.0,16.8,8,10,50
11/03/2026,Cainta,24,HRIG,19.8,0.5,0.0,19.3,6,8,50
11/03/2026,Cainta,24,"ATS 1,500 ""IU""",54.4,0.5,0.0,53.9,10,11,50
11/03/2026,Cainta,24,"ATS 3000 ""IU""",118.7,0.5,0.0,118.2,14,19,50
11/03/2026,Cainta,24,"ATS 5,000 ""IU""",33.5,0.5,0.0,33.0,13,17,50
11/03/2026,Cainta,24,HTIG,14.4,0.2,0.0,14.2,10,13,50
11/03/2026,Cainta,24,TOXOID BETT,2250.3,2.5,0.0,2247.8,12,11,50
11/03/2026,Cainta,24,TOXOID ABHAYTOX,207.2,0.5,0.0,206.7,10,11,50
11/03/2026,Cainta,24,PPD,26.7,0.1,0.0,26.6,12,15,50
11/03/2026,Cainta,24,HEPA B,27.5,0.5,0.0,27.0,11,15,50
11/03/2026,Cainta,24,HEPA BIG,10.7,0.5,0.0,10.2,13,10,50
11/03/2026,Cainta,24,FLU,12.7,0.2,0.0,12.5,11,11,50
11/03/2026,Cainta,24,AMOXICILLIN 500MG,1745.0,6.4,0.0,1738.6,15,15,140
11/03/2026,Cainta,24,CEFALEXIN 500 MG,5278.0,4.9,0.0,5273.1,10,10,100
11/03/2026,Cainta,24,MEFENAMIC 500 MG,3539.2,5.8,0.0,3533.4,6,8,120
11/03/2026,Cainta,24,INSULIN,1074.7,8.8,0.0,1065.9,8,7,150
11/03/2026,Cainta,24,1CC/3CC,1722.1,2.3,0.0,1719.8,11,11,50
11/03/2026,Cainta,24,5CC/10CC,2281.4,2.5,0.0,2278.9,11,13,50
11/03/2026,Cainta,24,CETIRIZINE,3654.8,4.7,0.0,3650.1,11,11,100
11/03/2026,Cainta,24,G23,1138.3,1.2,0.0,1137.1,13,12,50
11/03/2026,Cainta,24,G27,1194.8,1.2,0.0,1193.6,9,10,50
11/03/2026,Cainta,24,GAUZE PAD,210.5,2.3,0.0,208.2,12,13,50
11/03/2026,Cainta,24,COTTON BALLS,2924.8,12.0,0.0,2912.8,13,18,240
11/03/2026,Cainta,24,BETADINE,4.0,0.1,0.0,3.9,10,12,50
11/03/2026,Cainta,24,ALCOHOL,19.1,0.1,0.0,19.0,10,14,50
11/03/2026,Cainta,24,FACEMASK,638.5,4.8,0.0,633.7,8,7,100
11/03/2026,Cainta,24,GLOVES,1406.6,5.2,129.7,1531.1,10,13,100
11/03/2026,Cainta,24,MICROPRE,127.1,1.2,0.0,125.9,14,16,50
11/03/2026,Cainta,24,STERILE WATER,73.0,0.7,0.0,72.3,15,18,50
11/03/2026,Cainta,24,REF THERMOMETER,13.9,0.2,0.0,13.7,12,13,50
11/03/2026,Cainta,24,ACRYLIC CONTAINERS,61.5,0.5,0.0,61.0,9,8,50
11/03/2026,Cainta,24,COOLER,14.9,0.1,0.0,14.8,13,11,50
11/03/2026,Cainta,24,KIDNEY BASIN,44.6,0.5,0.0,44.1,13,17,50
11/03/2026,Cainta,24,WEIGHING SCALE,5.5,0.1,0.0,5.4,9,12,50
11/03/2026,Cainta,24,FORCEPS,3.7,0.5,0.0,3.2,14,13,50
11/03/2026,Cainta,24,BETADINE CONTAINER,8.4,0.2,0.0,8.2,7,8,50
11/03/2026,Cainta,24,ALCOHOL PUMP CONTAINER,2.8,0.2,0.0,2.6,6,7,50
12/03/2026,Cainta,91,SPEEDA,1638.3,15.2,0.0,1623.1,27,31,70
12/03/2026,Cainta,91,ABHAYRAB,273.5,4.5,0.0,269.0,28,28,50
12/03/2026,Cainta,91,VAXIRAB,141.6,4.4,0.0,137.2,55,73,50
12/03/2026,Cainta,91,CHIRORAB,4.9,4.6,0.0,0.3,38,45,50
12/03/2026,Cainta,91,ERIG,16.8,3.7,0.0,13.1,33,41,50
12/03/2026,Cainta,91,HRIG,19.3,1.8,0.0,17.5,38,45,50
12/03/2026,Cainta,91,"ATS 1,500 ""IU""",53.9,1.8,0.0,52.1,37,46,50
12/03/2026,Cainta,91,"ATS 3000 ""IU""",118.2,1.8,0.0,116.4,34,30,50
12/03/2026,Cainta,91,"ATS 5,000 ""IU""",33.0,1.8,0.0,31.2,28,38,50
12/03/2026,Cainta,91,HTIG,14.2,0.9,0.0,13.3,47,46,50
12/03/2026,Cainta,91,TOXOID BETT,2247.8,8.8,64.7,2303.7,28,36,50
12/03/2026,Cainta,91,TOXOID ABHAYTOX,206.7,1.8,0.0,204.9,51,68,50
12/03/2026,Cainta,91,PPD,26.6,0.4,0.0,26.2,30,36,50
12/03/2026,Cainta,91,HEPA B,27.0,1.9,0.0,25.1,49,57,50
12/03/2026,Cainta,91,HEPA BIG,10.2,1.8,0.0,8.4,52,45,50
12/03/2026,Cainta,91,FLU,12.5,0.9,0.0,11.6,27,29,50
12/03/2026,Cainta,91,AMOXICILLIN 500MG,1738.6,32.6,136.8,1842.8,26,30,140
12/03/2026,Cainta,91,CEFALEXIN 500 MG,5273.1,23.0,0.0,5250.1,57,48,100
12/03/2026,Cainta,91,MEFENAMIC 500 MG,3533.4,25.3,0.0,3508.1,40,35,120
12/03/2026,Cainta,91,INSULIN,1065.9,31.5,0.0,1034.4,46,64,150
12/03/2026,Cainta,91,1CC/3CC,1719.8,9.2,0.0,1710.6,24,24,50
12/03/2026,Cainta,91,5CC/10CC,2278.9,9.0,0.0,2269.9,33,33,50
12/03/2026,Cainta,91,CETIRIZINE,3650.1,17.4,0.0,3632.7,41,39,100
12/03/2026,Cainta,91,G23,1137.1,4.4,0.0,1132.7,55,65,50
12/03/2026,Cainta,91,G27,1193.6,4.5,0.0,1189.1,33,36,50
12/03/2026,Cainta,91,GAUZE PAD,208.2,8.5,36.3,236.0,51,65,50
12/03/2026,Cainta,91,COTTON BALLS,2912.8,44.8,0.0,2868.0,47,52,240
12/03/2026,Cainta,91,BETADINE,3.9,0.5,0.0,3.4,27,22,50
12/03/2026,Cainta,91,ALCOHOL,19.0,0.5,0.0,18.5,33,36,50
12/03/2026,Cainta,91,FACEMASK,633.7,18.1,0.0,615.6,31,26,100
12/03/2026,Cainta,91,GLOVES,1531.1,18.5,0.0,1512.6,39,51,100
12/03/2026,Cainta,91,MICROPRE,125.9,4.5,0.0,121.4,46,40,50
12/03/2026,Cainta,91,STERILE WATER,72.3,2.9,0.0,69.4,39,36,50
12/03/2026,Cainta,91,REF THERMOMETER,13.7,0.9,0.0,12.8,32,34,50
12/03/2026,Cainta,91,ACRYLIC CONTAINERS,61.0,1.8,0.0,59.2,48,44,50
12/03/2026,Cainta,91,COOLER,14.8,0.5,0.0,14.3,44,49,50
12/03/2026,Cainta,91,KIDNEY BASIN,44.1,1.8,0.0,42.3,42,45,50
12/03/2026,Cainta,91,WEIGHING SCALE,5.4,0.5,0.0,4.9,43,59,50
12/03/2026,Cainta,91,FORCEPS,3.2,1.8,0.0,1.4,31,26,50
12/03/2026,Cainta,91,BETADINE CONTAINER,8.2,0.9,0.0,7.3,48,55,50
12/03/2026,Cainta,91,ALCOHOL PUMP CONTAINER,2.6,0.9,0.0,1.7,37,46,50
13/03/2026,Cainta,25,SPEEDA,1623.1,4.1,0.0,1619.0,10,9,70
13/03/2026,Cainta,25,ABHAYRAB,269.0,1.3,0.0,267.7,8,9,50
13/03/2026,Cainta,25,VAXIRAB,137.2,1.3,25.5,161.4,12,16,50
13/03/2026,Cainta,25,CHIRORAB,0.3,1.2,13.9,13.0,12,15,50
13/03/2026,Cainta,25,ERIG,13.1,1.0,0.0,12.1,10,14,50
13/03/2026,Cainta,25,HRIG,17.5,0.5,0.0,17.0,15,18,50
13/03/2026,Cainta,25,"ATS 1,500 ""IU""",52.1,0.5,0.0,51.6,15,16,50
13/03/2026,Cainta,25,"ATS 3000 ""IU""",116.4,0.5,0.0,115.9,7,9,50
13/03/2026,Cainta,25,"ATS 5,000 ""IU""",31.2,0.5,0.0,30.7,13,12,50
13/03/2026,Cainta,25,HTIG,13.3,0.3,0.0,13.0,10,12,50
13/03/2026,Cainta,25,TOXOID BETT,2303.7,2.6,123.8,2424.9,16,20,50
13/03/2026,Cainta,25,TOXOID ABHAYTOX,204.9,0.5,0.0,204.4,9,12,50
13/03/2026,Cainta,25,PPD,26.2,0.1,0.0,26.1,9,12,50
13/03/2026,Cainta,25,HEPA B,25.1,0.5,0.0,24.6,11,9,50
13/03/2026,Cainta,25,HEPA BIG,8.4,0.5,0.0,7.9,9,11,50
13/03/2026,Cainta,25,FLU,11.6,0.2,0.0,11.4,13,12,50
13/03/2026,Cainta,25,AMOXICILLIN 500MG,1842.8,7.5,0.0,1835.3,11,14,140
13/03/2026,Cainta,25,CEFALEXIN 500 MG,5250.1,4.2,121.9,5367.8,8,10,100
13/03/2026,Cainta,25,MEFENAMIC 500 MG,3508.1,5.5,0.0,3502.6,11,10,120
13/03/2026,Cainta,25,INSULIN,1034.4,8.3,0.0,1026.1,15,19,150
13/03/2026,Cainta,25,1CC/3CC,1710.6,2.6,0.0,1708.0,14,15,50
13/03/2026,Cainta,25,5CC/10CC,2269.9,2.5,0.0,2267.4,11,12,50
13/03/2026,Cainta,25,CETIRIZINE,3632.7,4.5,228.1,3856.3,9,12,100
13/03/2026,Cainta,25,G23,1132.7,1.2,0.0,1131.5,8,10,50
13/03/2026,Cainta,25,G27,1189.1,1.2,0.0,1187.9,15,17,50
13/03/2026,Cainta,25,GAUZE PAD,236.0,2.6,0.0,233.4,13,11,50
13/03/2026,Cainta,25,COTTON BALLS,2868.0,15.0,0.0,2853.0,12,11,240
13/03/2026,Cainta,25,BETADINE,3.4,0.1,0.0,3.3,15,12,50
13/03/2026,Cainta,25,ALCOHOL,18.5,0.1,0.0,18.4,7,7,50
13/03/2026,Cainta,25,FACEMASK,615.6,5.1,0.0,610.5,13,13,100
13/03/2026,Cainta,25,GLOVES,1512.6,4.6,0.0,1508.0,8,9,100
13/03/2026,Cainta,25,MICROPRE,121.4,1.2,0.0,120.2,7,8,50
13/03/2026,Cainta,25,STERILE WATER,69.4,0.8,0.0,68.6,11,10,50
13/03/2026,Cainta,25,REF THERMOMETER,12.8,0.3,0.0,12.5,10,12,50
13/03/2026,Cainta,25,ACRYLIC CONTAINERS,59.2,0.5,0.0,58.7,16,22,50
13/03/2026,Cainta,25,COOLER,14.3,0.1,0.0,14.2,9,8,50
13/03/2026,Cainta,25,KIDNEY BASIN,42.3,0.5,0.0,41.8,14,17,50
13/03/2026,Cainta,25,WEIGHING SCALE,4.9,0.1,2.9,7.7,14,12,50
13/03/2026,Cainta,25,FORCEPS,1.4,0.5,0.0,0.9,13,15,50
13/03/2026,Cainta,25,BETADINE CONTAINER,7.3,0.3,0.0,7.0,15,19,50
13/03/2026,Cainta,25,ALCOHOL PUMP CONTAINER,1.7,0.3,0.0,1.4,10,8,50
14/03/2026,Cainta,50,SPEEDA,1619.0,8.6,0.0,1610.4,20,20,70
14/03/2026,Cainta,50,ABHAYRAB,267.7,2.5,0.0,265.2,16,21,50
14/03/2026,Cainta,50,VAXIRAB,161.4,2.5,49.9,208.8,18,17,50
14/03/2026,Cainta,50,CHIRORAB,13.0,2.6,0.0,10.4,30,37,50
14/03/2026,Cainta,50,ERIG,12.1,2.0,0.0,10.1,22,26,50
14/03/2026,Cainta,50,HRIG,17.0,1.0,0.0,16.0,19,17,50
14/03/2026,Cainta,50,"ATS 1,500 ""IU""",51.6,1.0,0.0,50.6,17,21,50
14/03/2026,Cainta,50,"ATS 3000 ""IU""",115.9,1.0,0.0,114.9,22,25,50
14/03/2026,Cainta,50,"ATS 5,000 ""IU""",30.7,1.0,0.0,29.7,27,23,50
14/03/2026,Cainta,50,HTIG,13.0,0.5,0.0,12.5,18,25,50
14/03/2026,Cainta,50,TOXOID BETT,2424.9,5.3,0.0,2419.6,28,31,50
14/03/2026,Cainta,50,TOXOID ABHAYTOX,204.4,1.0,0.0,203.4,25,31,50
14/03/2026,Cainta,50,PPD,26.1,0.3,0.0,25.8,28,26,50
14/03/2026,Cainta,50,HEPA B,24.6,1.0,0.0,23.6,18,16,50
14/03/2026,Cainta,50,HEPA BIG,7.9,1.0,0.0,6.9,25,31,50
14/03/2026,Cainta,50,FLU,11.4,0.5,0.0,10.9,16,19,50
14/03/2026,Cainta,50,AMOXICILLIN 500MG,1835.3,15.0,375.5,2195.8,20,19,140
14/03/2026,Cainta,50,CEFALEXIN 500 MG,5367.8,11.3,0.0,5356.5,27,34,100
14/03/2026,Cainta,50,MEFENAMIC 500 MG,3502.6,14.1,0.0,3488.5,25,28,120
14/03/2026,Cainta,50,INSULIN,1026.1,12.2,0.0,1013.9,16,16,150
14/03/2026,Cainta,50,1CC/3CC,1708.0,5.1,0.0,1702.9,30,38,50
14/03/2026,Cainta,50,5CC/10CC,2267.4,4.9,53.8,2316.3,14,16,50
14/03/2026,Cainta,50,CETIRIZINE,3856.3,10.1,0.0,3846.2,24,27,100
14/03/2026,Cainta,50,G23,1131.5,2.4,0.0,1129.1,32,40,50
14/03/2026,Cainta,50,G27,1187.9,2.6,0.0,1185.3,23,26,50
14/03/2026,Cainta,50,GAUZE PAD,233.4,5.3,0.0,228.1,29,40,50
14/03/2026,Cainta,50,COTTON BALLS,2853.0,21.6,0.0,2831.4,24,31,240
14/03/2026,Cainta,50,BETADINE,3.3,0.2,0.0,3.1,28,28,50
14/03/2026,Cainta,50,ALCOHOL,18.4,0.2,0.0,18.2,26,28,50
14/03/2026,Cainta,50,FACEMASK,610.5,10.4,0.0,600.1,26,36,100
14/03/2026,Cainta,50,GLOVES,1508.0,10.2,0.0,1497.8,17,23,100
14/03/2026,Cainta,50,MICROPRE,120.2,2.6,23.6,141.2,27,25,50
14/03/2026,Cainta,50,STERILE WATER,68.6,1.5,0.0,67.1,17,16,50
14/03/2026,Cainta,50,REF THERMOMETER,12.5,0.5,0.0,12.0,32,33,50
14/03/2026,Cainta,50,ACRYLIC CONTAINERS,58.7,1.0,0.0,57.7,17,23,50
14/03/2026,Cainta,50,COOLER,14.2,0.2,0.0,14.0,17,23,50
14/03/2026,Cainta,50,KIDNEY BASIN,41.8,1.0,0.0,40.8,30,38,50
14/03/2026,Cainta,50,WEIGHING SCALE,7.7,0.3,0.0,7.4,17,16,50
14/03/2026,Cainta,50,FORCEPS,0.9,1.0,9.1,9.0,20,27,50
14/03/2026,Cainta,50,BETADINE CONTAINER,7.0,0.5,0.0,6.5,27,22,50
14/03/2026,Cainta,50,ALCOHOL PUMP CONTAINER,1.4,0.5,0.0,0.9,16,17,50
15/03/2026,Cainta,14,SPEEDA,1610.4,1.9,71.2,1679.7,4,4,70
15/03/2026,Cainta,14,ABHAYRAB,265.2,0.7,0.0,264.5,6,7,50
15/03/2026,Cainta,14,VAXIRAB,208.8,0.7,0.0,208.1,5,6,50
15/03/2026,Cainta,14,CHIRORAB,10.4,0.7,0.0,9.7,5,5,50
15/03/2026,Cainta,14,ERIG,10.1,0.6,24.0,33.5,4,4,50
15/03/2026,Cainta,14,HRIG,16.0,0.3,0.0,15.7,6,8,50
15/03/2026,Cainta,14,"ATS 1,500 ""IU""",50.6,0.3,0.0,50.3,5,4,50
15/03/2026,Cainta,14,"ATS 3000 ""IU""",114.9,0.3,16.1,130.7,4,4,50
15/03/2026,Cainta,14,"ATS 5,000 ""IU""",29.7,0.3,0.0,29.4,7,6,50
15/03/2026,Cainta,14,HTIG,12.5,0.1,0.0,12.4,7,7,50
15/03/2026,Cainta,14,TOXOID BETT,2419.6,1.4,138.7,2556.9,4,4,50
15/03/2026,Cainta,14,TOXOID ABHAYTOX,203.4,0.3,0.0,203.1,5,6,50
15/03/2026,Cainta,14,PPD,25.8,0.1,0.0,25.7,8,9,50
15/03/2026,Cainta,14,HEPA B,23.6,0.3,0.0,23.3,7,7,50
15/03/2026,Cainta,14,HEPA BIG,6.9,0.3,0.0,6.6,6,8,50
15/03/2026,Cainta,14,FLU,10.9,0.1,0.0,10.8,6,5,50
15/03/2026,Cainta,14,AMOXICILLIN 500MG,2195.8,4.3,0.0,2191.5,5,6,140
15/03/2026,Cainta,14,CEFALEXIN 500 MG,5356.5,2.9,0.0,5353.6,8,8,100
15/03/2026,Cainta,14,MEFENAMIC 500 MG,3488.5,2.7,0.0,3485.8,9,12,120
15/03/2026,Cainta,14,INSULIN,1013.9,3.5,0.0,1010.4,9,7,150
15/03/2026,Cainta,14,1CC/3CC,1702.9,1.5,0.0,1701.4,5,6,50
15/03/2026,Cainta,14,5CC/10CC,2316.3,1.4,0.0,2314.9,5,6,50
15/03/2026,Cainta,14,CETIRIZINE,3846.2,2.8,0.0,3843.4,4,5,100
15/03/2026,Cainta,14,G23,1129.1,0.7,0.0,1128.4,5,6,50
15/03/2026,Cainta,14,G27,1185.3,0.7,0.0,1184.6,5,4,50
15/03/2026,Cainta,14,GAUZE PAD,228.1,1.4,0.0,226.7,7,7,50
15/03/2026,Cainta,14,COTTON BALLS,2831.4,7.1,0.0,2824.3,5,7,240
15/03/2026,Cainta,14,BETADINE,3.1,0.1,0.0,3.0,9,12,50
15/03/2026,Cainta,14,ALCOHOL,18.2,0.1,0.0,18.1,4,4,50
15/03/2026,Cainta,14,FACEMASK,600.1,2.3,0.0,597.8,4,5,100
15/03/2026,Cainta,14,GLOVES,1497.8,3.0,71.2,1566.0,8,10,100
15/03/2026,Cainta,14,MICROPRE,141.2,0.7,0.0,140.5,7,9,50
15/03/2026,Cainta,14,STERILE WATER,67.1,0.4,0.0,66.7,5,7,50
15/03/2026,Cainta,14,REF THERMOMETER,12.0,0.1,0.0,11.9,7,9,50
15/03/2026,Cainta,14,ACRYLIC CONTAINERS,57.7,0.3,0.0,57.4,5,5,50
15/03/2026,Cainta,14,COOLER,14.0,0.1,0.0,13.9,4,5,50
15/03/2026,Cainta,14,KIDNEY BASIN,40.8,0.3,6.0,46.5,6,7,50
15/03/2026,Cainta,14,WEIGHING SCALE,7.4,0.1,0.0,7.3,5,4,50
15/03/2026,Cainta,14,FORCEPS,9.0,0.3,0.0,8.7,7,9,50
15/03/2026,Cainta,14,BETADINE CONTAINER,6.5,0.1,0.0,6.4,5,6,50
15/03/2026,Cainta,14,ALCOHOL PUMP CONTAINER,0.9,0.1,3.5,4.3,7,6,50
16/03/2026,Cainta,5,SPEEDA,1679.7,0.6,188.9,1868.0,3,4,70
16/03/2026,Cainta,5,ABHAYRAB,264.5,0.2,0.0,264.3,2,2,50
16/03/2026,Cainta,5,VAXIRAB,208.1,0.3,0.0,207.8,1,1,50
16/03/2026,Cainta,5,CHIRORAB,9.7,0.2,0.0,9.5,2,2,50
16/03/2026,Cainta,5,ERIG,33.5,0.2,0.0,33.3,3,4,50
16/03/2026,Cainta,5,HRIG,15.7,0.1,0.0,15.6,3,3,50
16/03/2026,Cainta,5,"ATS 1,500 ""IU""",50.3,0.1,0.0,50.2,3,2,50
16/03/2026,Cainta,5,"ATS 3000 ""IU""",130.7,0.1,0.0,130.6,2,2,50
16/03/2026,Cainta,5,"ATS 5,000 ""IU""",29.4,0.1,0.0,29.3,2,2,50
16/03/2026,Cainta,5,HTIG,12.4,0.1,0.0,12.3,2,3,50
16/03/2026,Cainta,5,TOXOID BETT,2556.9,0.5,0.0,2556.4,2,2,50
16/03/2026,Cainta,5,TOXOID ABHAYTOX,203.1,0.1,0.0,203.0,3,4,50
16/03/2026,Cainta,5,PPD,25.7,0.0,0.0,25.7,2,2,50
16/03/2026,Cainta,5,HEPA B,23.3,0.1,0.0,23.2,2,2,50
16/03/2026,Cainta,5,HEPA BIG,6.6,0.1,0.0,6.5,2,2,50
16/03/2026,Cainta,5,FLU,10.8,0.1,0.0,10.7,2,3,50
16/03/2026,Cainta,5,AMOXICILLIN 500MG,2191.5,1.5,0.0,2190.0,2,3,140
16/03/2026,Cainta,5,CEFALEXIN 500 MG,5353.6,1.0,347.9,5700.5,2,2,100
16/03/2026,Cainta,5,MEFENAMIC 500 MG,3485.8,1.2,0.0,3484.6,3,3,120
16/03/2026,Cainta,5,INSULIN,1010.4,1.3,0.0,1009.1,3,2,150
16/03/2026,Cainta,5,1CC/3CC,1701.4,0.5,0.0,1700.9,3,3,50
16/03/2026,Cainta,5,5CC/10CC,2314.9,0.5,0.0,2314.4,3,3,50
16/03/2026,Cainta,5,CETIRIZINE,3843.4,1.3,0.0,3842.1,3,4,100
16/03/2026,Cainta,5,G23,1128.4,0.2,0.0,1128.2,2,2,50
16/03/2026,Cainta,5,G27,1184.6,0.2,0.0,1184.4,2,3,50
16/03/2026,Cainta,5,GAUZE PAD,226.7,0.5,0.0,226.2,2,3,50
16/03/2026,Cainta,5,COTTON BALLS,2824.3,3.2,0.0,2821.1,2,2,240
16/03/2026,Cainta,5,BETADINE,3.0,0.0,0.0,3.0,1,1,50
16/03/2026,Cainta,5,ALCOHOL,18.1,0.0,0.0,18.1,1,1,50
16/03/2026,Cainta,5,FACEMASK,597.8,1.1,0.0,596.7,3,3,100
16/03/2026,Cainta,5,GLOVES,1566.0,1.1,0.0,1564.9,1,1,100
16/03/2026,Cainta,5,MICROPRE,140.5,0.3,14.5,154.7,2,3,50
16/03/2026,Cainta,5,STERILE WATER,66.7,0.2,0.0,66.5,2,2,50
16/03/2026,Cainta,5,REF THERMOMETER,11.9,0.1,0.0,11.8,2,3,50
16/03/2026,Cainta,5,ACRYLIC CONTAINERS,57.4,0.1,0.0,57.3,3,3,50
16/03/2026,Cainta,5,COOLER,13.9,0.0,0.0,13.9,2,2,50
16/03/2026,Cainta,5,KIDNEY BASIN,46.5,0.1,0.0,46.4,3,3,50
16/03/2026,Cainta,5,WEIGHING SCALE,7.3,0.0,0.0,7.3,3,3,50
16/03/2026,Cainta,5,FORCEPS,8.7,0.1,0.0,8.6,2,2,50
16/03/2026,Cainta,5,BETADINE CONTAINER,6.4,0.0,0.0,6.4,2,2,50
16/03/2026,Cainta,5,ALCOHOL PUMP CONTAINER,4.3,0.0,0.0,4.3,2,2,50
17/03/2026,Cainta,37,SPEEDA,1868.0,5.2,0.0,1862.8,15,15,70
17/03/2026,Cainta,37,ABHAYRAB,264.3,1.9,0.0,262.4,13,15,50
17/03/2026,Cainta,37,VAXIRAB,207.8,1.9,0.0,205.9,24,20,50
17/03/2026,Cainta,37,CHIRORAB,9.5,1.7,39.6,47.4,13,12,50
17/03/2026,Cainta,37,ERIG,33.3,1.5,0.0,31.8,22,20,50
17/03/2026,Cainta,37,HRIG,15.6,0.7,0.0,14.9,12,13,50
17/03/2026,Cainta,37,"ATS 1,500 ""IU""",50.2,0.7,0.0,49.5,24,23,50
17/03/2026,Cainta,37,"ATS 3000 ""IU""",130.6,0.7,0.0,129.9,13,11,50
17/03/2026,Cainta,37,"ATS 5,000 ""IU""",29.3,0.7,0.0,28.6,15,17,50
17/03/2026,Cainta,37,HTIG,12.3,0.4,0.0,11.9,18,22,50
17/03/2026,Cainta,37,TOXOID BETT,2556.4,3.7,0.0,2552.7,11,13,50
17/03/2026,Cainta,37,TOXOID ABHAYTOX,203.0,0.7,0.0,202.3,21,20,50
17/03/2026,Cainta,37,PPD,25.7,0.2,0.0,25.5,13,17,50
17/03/2026,Cainta,37,HEPA B,23.2,0.7,0.0,22.5,17,20,50
17/03/2026,Cainta,37,HEPA BIG,6.5,0.7,0.0,5.8,17,20,50
17/03/2026,Cainta,37,FLU,10.7,0.4,0.0,10.3,18,17,50
17/03/2026,Cainta,37,AMOXICILLIN 500MG,2190.0,10.4,0.0,2179.6,10,9,140
17/03/2026,Cainta,37,CEFALEXIN 500 MG,5700.5,7.2,0.0,5693.3,12,13,100
17/03/2026,Cainta,37,MEFENAMIC 500 MG,3484.6,10.5,321.3,3795.4,12,11,120
17/03/2026,Cainta,37,INSULIN,1009.1,10.6,0.0,998.5,14,17,150
17/03/2026,Cainta,37,1CC/3CC,1700.9,3.5,0.0,1697.4,11,11,50
17/03/2026,Cainta,37,5CC/10CC,2314.4,3.8,0.0,2310.6,23,20,50
17/03/2026,Cainta,37,CETIRIZINE,3842.1,7.2,0.0,3834.9,17,15,100
17/03/2026,Cainta,37,G23,1128.2,1.9,0.0,1126.3,18,16,50
17/03/2026,Cainta,37,G27,1184.4,1.9,0.0,1182.5,15,16,50
17/03/2026,Cainta,37,GAUZE PAD,226.2,3.7,47.1,269.6,13,10,50
17/03/2026,Cainta,37,COTTON BALLS,2821.1,19.6,0.0,2801.5,17,19,240
17/03/2026,Cainta,37,BETADINE,3.0,0.2,0.0,2.8,14,14,50
17/03/2026,Cainta,37,ALCOHOL,18.1,0.2,0.0,17.9,14,16,50
17/03/2026,Cainta,37,FACEMASK,596.7,7.9,0.0,588.8,16,22,100
17/03/2026,Cainta,37,GLOVES,1564.9,6.3,0.0,1558.6,17,22,100
17/03/2026,Cainta,37,MICROPRE,154.7,1.9,0.0,152.8,24,28,50
17/03/2026,Cainta,37,STERILE WATER,66.5,1.1,0.0,65.4,13,14,50
17/03/2026,Cainta,37,REF THERMOMETER,11.8,0.4,0.0,11.4,16,20,50
17/03/2026,Cainta,37,ACRYLIC CONTAINERS,57.3,0.7,0.0,56.6,11,15,50
17/03/2026,Cainta,37,COOLER,13.9,0.2,0.0,13.7,14,15,50
17/03/2026,Cainta,37,KIDNEY BASIN,46.4,0.8,0.0,45.6,20,17,50
17/03/2026,Cainta,37,WEIGHING SCALE,7.3,0.2,0.0,7.1,12,15,50
17/03/2026,Cainta,37,FORCEPS,8.6,0.7,0.0,7.9,18,15,50
17/03/2026,Cainta,37,BETADINE CONTAINER,6.4,0.4,0.0,6.0,15,19,50
17/03/2026,Cainta,37,ALCOHOL PUMP CONTAINER,4.3,0.4,0.0,3.9,10,9,50
18/03/2026,Cainta,42,SPEEDA,1862.8,6.8,0.0,1856.0,26,22,70
18/03/2026,Cainta,42,ABHAYRAB,262.4,2.3,0.0,260.1,17,22,50
18/03/2026,Cainta,42,VAXIRAB,205.9,2.1,0.0,203.8,24,29,50
18/03/2026,Cainta,42,CHIRORAB,47.4,2.1,0.0,45.3,17,19,50
18/03/2026,Cainta,42,ERIG,31.8,1.7,0.0,30.1,26,34,50
18/03/2026,Cainta,42,HRIG,14.9,0.8,0.0,14.1,15,20,50
18/03/2026,Cainta,42,"ATS 1,500 ""IU""",49.5,0.8,0.0,48.7,17,18,50
18/03/2026,Cainta,42,"ATS 3000 ""IU""",129.9,0.8,0.0,129.1,23,32,50
18/03/2026,Cainta,42,"ATS 5,000 ""IU""",28.6,0.8,0.0,27.8,16,16,50
18/03/2026,Cainta,42,HTIG,11.9,0.4,0.0,11.5,17,15,50
18/03/2026,Cainta,42,TOXOID BETT,2552.7,4.2,0.0,2548.5,27,35,50
18/03/2026,Cainta,42,TOXOID ABHAYTOX,202.3,0.8,0.0,201.5,20,21,50
18/03/2026,Cainta,42,PPD,25.5,0.2,0.0,25.3,22,29,50
18/03/2026,Cainta,42,HEPA B,22.5,0.8,0.0,21.7,21,18,50
18/03/2026,Cainta,42,HEPA BIG,5.8,0.8,0.0,5.0,24,21,50
18/03/2026,Cainta,42,FLU,10.3,0.4,0.0,9.9,25,21,50
18/03/2026,Cainta,42,AMOXICILLIN 500MG,2179.6,14.7,0.0,2164.9,20,23,140
18/03/2026,Cainta,42,CEFALEXIN 500 MG,5693.3,8.8,0.0,5684.5,15,19,100
18/03/2026,Cainta,42,MEFENAMIC 500 MG,3795.4,10.8,0.0,3784.6,11,11,120
18/03/2026,Cainta,42,INSULIN,998.5,12.7,0.0,985.8,21,18,150
18/03/2026,Cainta,42,1CC/3CC,1697.4,4.3,0.0,1693.1,24,25,50
18/03/2026,Cainta,42,5CC/10CC,2310.6,4.2,136.1,2442.5,18,18,50
18/03/2026,Cainta,42,CETIRIZINE,3834.9,7.6,296.0,4123.3,13,15,100
18/03/2026,Cainta,42,G23,1126.3,2.1,97.1,1221.3,15,18,50
18/03/2026,Cainta,42,G27,1182.5,2.0,0.0,1180.5,19,16,50
18/03/2026,Cainta,42,GAUZE PAD,269.6,4.2,31.2,296.6,25,26,50
18/03/2026,Cainta,42,COTTON BALLS,2801.5,19.1,0.0,2782.4,13,15,240
18/03/2026,Cainta,42,BETADINE,2.8,0.2,0.0,2.6,21,20,50
18/03/2026,Cainta,42,ALCOHOL,17.9,0.2,0.0,17.7,23,24,50
18/03/2026,Cainta,42,FACEMASK,588.8,7.3,0.0,581.5,26,30,100
18/03/2026,Cainta,42,GLOVES,1558.6,8.3,0.0,1550.3,12,13,100
18/03/2026,Cainta,42,MICROPRE,152.8,2.1,0.0,150.7,26,21,50
18/03/2026,Cainta,42,STERILE WATER,65.4,1.3,24.6,88.7,21,20,50
18/03/2026,Cainta,42,REF THERMOMETER,11.4,0.4,0.0,11.0,23,29,50
18/03/2026,Cainta,42,ACRYLIC CONTAINERS,56.6,0.8,0.0,55.8,11,10,50
18/03/2026,Cainta,42,COOLER,13.7,0.2,0.0,13.5,19,25,50
18/03/2026,Cainta,42,KIDNEY BASIN,45.6,0.8,0.0,44.8,21,23,50
18/03/2026,Cainta,42,WEIGHING SCALE,7.1,0.2,0.0,6.9,16,17,50
18/03/2026,Cainta,42,FORCEPS,7.9,0.8,0.0,7.1,18,23,50
18/03/2026,Cainta,42,BETADINE CONTAINER,6.0,0.4,0.0,5.6,20,21,50
18/03/2026,Cainta,42,ALCOHOL PUMP CONTAINER,3.9,0.4,0.0,3.5,20,19,50
19/03/2026,Cainta,78,SPEEDA,1856.0,11.1,0.0,1844.9,21,18,70
19/03/2026,Cainta,78,ABHAYRAB,260.1,3.9,28.2,284.4,33,40,50
19/03/2026,Cainta,78,VAXIRAB,203.8,3.9,0.0,199.9,26,28,50
19/03/2026,Cainta,78,CHIRORAB,45.3,3.9,0.0,41.4,48,62,50
19/03/2026,Cainta,78,ERIG,30.1,3.1,0.0,27.0,50,54,50
19/03/2026,Cainta,78,HRIG,14.1,1.6,0.0,12.5,29,30,50
19/03/2026,Cainta,78,"ATS 1,500 ""IU""",48.7,1.6,0.0,47.1,25,24,50
19/03/2026,Cainta,78,"ATS 3000 ""IU""",129.1,1.6,0.0,127.5,26,24,50
19/03/2026,Cainta,78,"ATS 5,000 ""IU""",27.8,1.6,0.0,26.2,34,44,50
19/03/2026,Cainta,78,HTIG,11.5,0.8,0.0,10.7,47,40,50
19/03/2026,Cainta,78,TOXOID BETT,2548.5,7.8,184.0,2724.7,35,47,50
19/03/2026,Cainta,78,TOXOID ABHAYTOX,201.5,1.6,0.0,199.9,21,17,50
19/03/2026,Cainta,78,PPD,25.3,0.4,0.0,24.9,21,23,50
19/03/2026,Cainta,78,HEPA B,21.7,1.5,0.0,20.2,27,23,50
19/03/2026,Cainta,78,HEPA BIG,5.0,1.5,0.0,3.5,46,58,50
19/03/2026,Cainta,78,FLU,9.9,0.8,0.0,9.1,39,36,50
19/03/2026,Cainta,78,AMOXICILLIN 500MG,2164.9,25.4,0.0,2139.5,37,42,140
19/03/2026,Cainta,78,CEFALEXIN 500 MG,5684.5,17.3,0.0,5667.2,29,39,100
19/03/2026,Cainta,78,MEFENAMIC 500 MG,3784.6,18.6,0.0,3766.0,48,57,120
19/03/2026,Cainta,78,INSULIN,985.8,26.8,182.1,1141.1,30,27,150
19/03/2026,Cainta,78,1CC/3CC,1693.1,7.8,0.0,1685.3,46,59,50
19/03/2026,Cainta,78,5CC/10CC,2442.5,7.8,191.8,2626.5,47,50,50
19/03/2026,Cainta,78,CETIRIZINE,4123.3,15.3,0.0,4108.0,35,28,100
19/03/2026,Cainta,78,G23,1221.3,4.0,0.0,1217.3,47,51,50
19/03/2026,Cainta,78,G27,1180.5,3.9,0.0,1176.6,28,36,50
19/03/2026,Cainta,78,GAUZE PAD,296.6,8.7,0.0,287.9,40,42,50
19/03/2026,Cainta,78,COTTON BALLS,2782.4,32.9,0.0,2749.5,22,28,240
19/03/2026,Cainta,78,BETADINE,2.6,0.4,0.0,2.2,34,42,50
19/03/2026,Cainta,78,ALCOHOL,17.7,0.4,0.0,17.3,26,28,50
19/03/2026,Cainta,78,FACEMASK,581.5,14.3,0.0,567.2,21,21,100
19/03/2026,Cainta,78,GLOVES,1550.3,15.6,156.4,1691.1,20,25,100
19/03/2026,Cainta,78,MICROPRE,150.7,3.9,0.0,146.8,30,31,50
19/03/2026,Cainta,78,STERILE WATER,88.7,2.5,0.0,86.2,38,34,50
19/03/2026,Cainta,78,REF THERMOMETER,11.0,0.8,0.0,10.2,34,34,50
19/03/2026,Cainta,78,ACRYLIC CONTAINERS,55.8,1.5,0.0,54.3,29,38,50
19/03/2026,Cainta,78,COOLER,13.5,0.4,0.0,13.1,50,49,50
19/03/2026,Cainta,78,KIDNEY BASIN,44.8,1.5,0.0,43.3,49,46,50
19/03/2026,Cainta,78,WEIGHING SCALE,6.9,0.4,0.0,6.5,23,20,50
19/03/2026,Cainta,78,FORCEPS,7.1,1.6,0.0,5.5,32,27,50
19/03/2026,Cainta,78,BETADINE CONTAINER,5.6,0.8,0.0,4.8,40,55,50
19/03/2026,Cainta,78,ALCOHOL PUMP CONTAINER,3.5,0.8,0.0,2.7,42,47,50
20/03/2026,Cainta,33,SPEEDA,1844.9,4.8,0.0,1840.1,13,16,70
20/03/2026,Cainta,33,ABHAYRAB,284.4,1.6,0.0,282.8,18,23,50
20/03/2026,Cainta,33,VAXIRAB,199.9,1.6,0.0,198.3,10,10,50
20/03/2026,Cainta,33,CHIRORAB,41.4,1.6,0.0,39.8,13,17,50
20/03/2026,Cainta,33,ERIG,27.0,1.3,17.5,43.2,18,25,50
20/03/2026,Cainta,33,HRIG,12.5,0.7,0.0,11.8,17,21,50
20/03/2026,Cainta,33,"ATS 1,500 ""IU""",47.1,0.7,0.0,46.4,19,23,50
20/03/2026,Cainta,33,"ATS 3000 ""IU""",127.5,0.7,0.0,126.8,9,10,50
20/03/2026,Cainta,33,"ATS 5,000 ""IU""",26.2,0.7,0.0,25.5,11,14,50
20/03/2026,Cainta,33,HTIG,10.7,0.3,0.0,10.4,9,8,50
20/03/2026,Cainta,33,TOXOID BETT,2724.7,3.1,0.0,2721.6,11,14,50
20/03/2026,Cainta,33,TOXOID ABHAYTOX,199.9,0.6,0.0,199.3,8,8,50
20/03/2026,Cainta,33,PPD,24.9,0.2,0.0,24.7,15,17,50
20/03/2026,Cainta,33,HEPA B,20.2,0.7,0.0,19.5,15,20,50
20/03/2026,Cainta,33,HEPA BIG,3.5,0.7,0.0,2.8,17,20,50
20/03/2026,Cainta,33,FLU,9.1,0.3,0.0,8.8,13,11,50
20/03/2026,Cainta,33,AMOXICILLIN 500MG,2139.5,9.6,0.0,2129.9,8,10,140
20/03/2026,Cainta,33,CEFALEXIN 500 MG,5667.2,6.8,0.0,5660.4,17,23,100
20/03/2026,Cainta,33,MEFENAMIC 500 MG,3766.0,9.3,0.0,3756.7,9,11,120
20/03/2026,Cainta,33,INSULIN,1141.1,7.4,0.0,1133.7,20,26,150
20/03/2026,Cainta,33,1CC/3CC,1685.3,3.2,108.6,1790.7,9,12,50
20/03/2026,Cainta,33,5CC/10CC,2626.5,3.3,0.0,2623.2,15,20,50
20/03/2026,Cainta,33,CETIRIZINE,4108.0,6.0,0.0,4102.0,20,20,100
20/03/2026,Cainta,33,G23,1217.3,1.7,66.5,1282.1,16,17,50
20/03/2026,Cainta,33,G27,1176.6,1.6,0.0,1175.0,16,21,50
20/03/2026,Cainta,33,GAUZE PAD,287.9,3.3,16.0,300.6,17,23,50
20/03/2026,Cainta,33,COTTON BALLS,2749.5,18.4,0.0,2731.1,10,9,240
20/03/2026,Cainta,33,BETADINE,2.2,0.2,0.0,2.0,17,15,50
20/03/2026,Cainta,33,ALCOHOL,17.3,0.2,0.0,17.1,20,20,50
20/03/2026,Cainta,33,FACEMASK,567.2,6.3,0.0,560.9,21,27,100
20/03/2026,Cainta,33,GLOVES,1691.1,7.3,0.0,1683.8,14,19,100
20/03/2026,Cainta,33,MICROPRE,146.8,1.6,0.0,145.2,13,15,50
20/03/2026,Cainta,33,STERILE WATER,86.2,1.0,0.0,85.2,18,16,50
20/03/2026,Cainta,33,REF THERMOMETER,10.2,0.3,0.0,9.9,15,15,50
20/03/2026,Cainta,33,ACRYLIC CONTAINERS,54.3,0.7,0.0,53.6,12,16,50
20/03/2026,Cainta,33,COOLER,13.1,0.2,0.0,12.9,11,11,50
20/03/2026,Cainta,33,KIDNEY BASIN,43.3,0.7,0.0,42.6,10,9,50
20/03/2026,Cainta,33,WEIGHING SCALE,6.5,0.2,0.0,6.3,14,14,50
20/03/2026,Cainta,33,FORCEPS,5.5,0.7,0.0,4.8,10,13,50
20/03/2026,Cainta,33,BETADINE CONTAINER,4.8,0.3,0.0,4.5,9,10,50
20/03/2026,Cainta,33,ALCOHOL PUMP CONTAINER,2.7,0.3,0.0,2.4,9,8,50
21/03/2026,Cainta,47,SPEEDA,1840.1,6.8,0.0,1833.3,29,29,70
21/03/2026,Cainta,47,ABHAYRAB,282.8,2.3,0.0,280.5,13,18,50
21/03/2026,Cainta,47,VAXIRAB,198.3,2.4,0.0,195.9,13,14,50
21/03/2026,Cainta,47,CHIRORAB,39.8,2.4,0.0,37.4,20,21,50
21/03/2026,Cainta,47,ERIG,43.2,1.8,0.0,41.4,16,14,50
21/03/2026,Cainta,47,HRIG,11.8,0.9,0.0,10.9,30,29,50
21/03/2026,Cainta,47,"ATS 1,500 ""IU""",46.4,0.9,0.0,45.5,29,37,50
21/03/2026,Cainta,47,"ATS 3000 ""IU""",126.8,0.9,0.0,125.9,19,24,50
21/03/2026,Cainta,47,"ATS 5,000 ""IU""",25.5,0.9,0.0,24.6,20,21,50
21/03/2026,Cainta,47,HTIG,10.4,0.5,0.0,9.9,19,25,50
21/03/2026,Cainta,47,TOXOID BETT,2721.6,4.6,0.0,2717.0,12,12,50
21/03/2026,Cainta,47,TOXOID ABHAYTOX,199.3,0.9,0.0,198.4,17,22,50
21/03/2026,Cainta,47,PPD,24.7,0.2,0.0,24.5,14,11,50
21/03/2026,Cainta,47,HEPA B,19.5,1.0,0.0,18.5,14,14,50
21/03/2026,Cainta,47,HEPA BIG,2.8,0.9,0.0,1.9,22,29,50
21/03/2026,Cainta,47,FLU,8.8,0.5,0.0,8.3,14,19,50
21/03/2026,Cainta,47,AMOXICILLIN 500MG,2129.9,12.3,241.2,2358.8,14,18,140
21/03/2026,Cainta,47,CEFALEXIN 500 MG,5660.4,12.6,0.0,5647.8,21,25,100
21/03/2026,Cainta,47,MEFENAMIC 500 MG,3756.7,10.3,0.0,3746.4,20,26,120
21/03/2026,Cainta,47,INSULIN,1133.7,13.2,0.0,1120.5,14,17,150
21/03/2026,Cainta,47,1CC/3CC,1790.7,4.8,0.0,1785.9,12,11,50
21/03/2026,Cainta,47,5CC/10CC,2623.2,4.8,0.0,2618.4,15,16,50
21/03/2026,Cainta,47,CETIRIZINE,4102.0,10.3,0.0,4091.7,16,19,100
21/03/2026,Cainta,47,G23,1282.1,2.5,0.0,1279.6,27,31,50
21/03/2026,Cainta,47,G27,1175.0,2.4,0.0,1172.6,29,39,50
21/03/2026,Cainta,47,GAUZE PAD,300.6,4.5,0.0,296.1,19,21,50
21/03/2026,Cainta,47,COTTON BALLS,2731.1,22.3,195.2,2904.0,19,17,240
21/03/2026,Cainta,47,BETADINE,2.0,0.2,0.0,1.8,25,23,50
21/03/2026,Cainta,47,ALCOHOL,17.1,0.2,0.0,16.9,24,31,50
21/03/2026,Cainta,47,FACEMASK,560.9,8.2,89.1,641.8,15,12,100
21/03/2026,Cainta,47,GLOVES,1683.8,10.6,0.0,1673.2,14,19,100
21/03/2026,Cainta,47,MICROPRE,145.2,2.4,0.0,142.8,20,17,50
21/03/2026,Cainta,47,STERILE WATER,85.2,1.4,16.3,100.1,22,23,50
21/03/2026,Cainta,47,REF THERMOMETER,9.9,0.5,0.0,9.4,14,18,50
21/03/2026,Cainta,47,ACRYLIC CONTAINERS,53.6,0.9,0.0,52.7,17,18,50
21/03/2026,Cainta,47,COOLER,12.9,0.2,0.0,12.7,18,23,50
21/03/2026,Cainta,47,KIDNEY BASIN,42.6,0.9,0.0,41.7,17,15,50
21/03/2026,Cainta,47,WEIGHING SCALE,6.3,0.2,0.0,6.1,20,22,50
21/03/2026,Cainta,47,FORCEPS,4.8,0.9,0.0,3.9,24,28,50
21/03/2026,Cainta,47,BETADINE CONTAINER,4.5,0.5,0.0,4.0,21,28,50
21/03/2026,Cainta,47,ALCOHOL PUMP CONTAINER,2.4,0.5,0.0,1.9,16,14,50
22/03/2026,Cainta,23,SPEEDA,1833.3,3.7,0.0,1829.6,7,7,70
22/03/2026,Cainta,23,ABHAYRAB,280.5,1.2,0.0,279.3,13,16,50
22/03/2026,Cainta,23,VAXIRAB,195.9,1.1,0.0,194.8,10,14,50
22/03/2026,Cainta,23,CHIRORAB,37.4,1.1,0.0,36.3,6,8,50
22/03/2026,Cainta,23,ERIG,41.4,0.9,0.0,40.5,8,10,50
22/03/2026,Cainta,23,HRIG,10.9,0.5,0.0,10.4,13,14,50
22/03/2026,Cainta,23,"ATS 1,500 ""IU""",45.5,0.5,0.0,45.0,13,15,50
22/03/2026,Cainta,23,"ATS 3000 ""IU""",125.9,0.5,0.0,125.4,14,18,50
22/03/2026,Cainta,23,"ATS 5,000 ""IU""",24.6,0.5,0.0,24.1,11,15,50
22/03/2026,Cainta,23,HTIG,9.9,0.2,0.0,9.7,10,13,50
22/03/2026,Cainta,23,TOXOID BETT,2717.0,2.1,0.0,2714.9,10,13,50
22/03/2026,Cainta,23,TOXOID ABHAYTOX,198.4,0.5,0.0,197.9,8,11,50
22/03/2026,Cainta,23,PPD,24.5,0.1,0.0,24.4,12,10,50
22/03/2026,Cainta,23,HEPA B,18.5,0.5,0.0,18.0,11,11,50
22/03/2026,Cainta,23,HEPA BIG,1.9,0.5,0.0,1.4,7,10,50
22/03/2026,Cainta,23,FLU,8.3,0.2,0.0,8.1,14,16,50
22/03/2026,Cainta,23,AMOXICILLIN 500MG,2358.8,8.2,0.0,2350.6,9,8,140
22/03/2026,Cainta,23,CEFALEXIN 500 MG,5647.8,4.2,243.7,5887.3,6,7,100
22/03/2026,Cainta,23,MEFENAMIC 500 MG,3746.4,6.6,303.4,4043.2,9,11,120
22/03/2026,Cainta,23,INSULIN,1120.5,6.4,53.7,1167.8,14,18,150
22/03/2026,Cainta,23,1CC/3CC,1785.9,2.2,0.0,1783.7,14,18,50
22/03/2026,Cainta,23,5CC/10CC,2618.4,2.4,0.0,2616.0,10,8,50
22/03/2026,Cainta,23,CETIRIZINE,4091.7,5.2,0.0,4086.5,15,16,100
22/03/2026,Cainta,23,G23,1279.6,1.2,0.0,1278.4,14,11,50
22/03/2026,Cainta,23,G27,1172.6,1.1,0.0,1171.5,13,17,50
22/03/2026,Cainta,23,GAUZE PAD,296.1,2.4,31.1,324.8,14,13,50
22/03/2026,Cainta,23,COTTON BALLS,2904.0,10.6,0.0,2893.4,9,11,240
22/03/2026,Cainta,23,BETADINE,1.8,0.1,0.0,1.7,13,15,50
22/03/2026,Cainta,23,ALCOHOL,16.9,0.1,0.0,16.8,11,13,50
22/03/2026,Cainta,23,FACEMASK,641.8,4.1,177.4,815.1,12,14,100
22/03/2026,Cainta,23,GLOVES,1673.2,4.3,0.0,1668.9,7,9,100
22/03/2026,Cainta,23,MICROPRE,142.8,1.2,0.0,141.6,12,14,50
22/03/2026,Cainta,23,STERILE WATER,100.1,0.7,0.0,99.4,15,13,50
22/03/2026,Cainta,23,REF THERMOMETER,9.4,0.2,0.0,9.2,9,9,50
22/03/2026,Cainta,23,ACRYLIC CONTAINERS,52.7,0.5,0.0,52.2,15,17,50
22/03/2026,Cainta,23,COOLER,12.7,0.1,0.0,12.6,9,9,50
22/03/2026,Cainta,23,KIDNEY BASIN,41.7,0.5,0.0,41.2,8,10,50
22/03/2026,Cainta,23,WEIGHING SCALE,6.1,0.1,0.0,6.0,7,7,50
22/03/2026,Cainta,23,FORCEPS,3.9,0.5,0.0,3.4,13,17,50
22/03/2026,Cainta,23,BETADINE CONTAINER,4.0,0.2,0.0,3.8,11,10,50
22/03/2026,Cainta,23,ALCOHOL PUMP CONTAINER,1.9,0.2,0.0,1.7,9,11,50
23/03/2026,Cainta,59,SPEEDA,1829.6,9.5,0.0,1820.1,29,26,70
23/03/2026,Cainta,59,ABHAYRAB,279.3,3.1,0.0,276.2,23,26,50
23/03/2026,Cainta,59,VAXIRAB,194.8,3.0,0.0,191.8,25,25,50
23/03/2026,Cainta,59,CHIRORAB,36.3,2.8,0.0,33.5,35,41,50
23/03/2026,Cainta,59,ERIG,40.5,2.3,0.0,38.2,31,29,50
23/03/2026,Cainta,59,HRIG,10.4,1.2,0.0,9.2,33,42,50
23/03/2026,Cainta,59,"ATS 1,500 ""IU""",45.0,1.2,0.0,43.8,29,33,50
23/03/2026,Cainta,59,"ATS 3000 ""IU""",125.4,1.2,0.0,124.2,38,52,50
23/03/2026,Cainta,59,"ATS 5,000 ""IU""",24.1,1.2,0.0,22.9,20,25,50
23/03/2026,Cainta,59,HTIG,9.7,0.6,0.0,9.1,21,24,50
23/03/2026,Cainta,59,TOXOID BETT,2714.9,6.0,0.0,2708.9,17,22,50
23/03/2026,Cainta,59,TOXOID ABHAYTOX,197.9,1.2,0.0,196.7,28,26,50
23/03/2026,Cainta,59,PPD,24.4,0.3,0.0,24.1,29,34,50
23/03/2026,Cainta,59,HEPA B,18.0,1.2,0.0,16.8,32,33,50
23/03/2026,Cainta,59,HEPA BIG,1.4,1.2,0.0,0.2,23,29,50
23/03/2026,Cainta,59,FLU,8.1,0.6,0.0,7.5,15,12,50
23/03/2026,Cainta,59,AMOXICILLIN 500MG,2350.6,20.8,334.9,2664.7,30,32,140
23/03/2026,Cainta,59,CEFALEXIN 500 MG,5887.3,11.6,162.3,6038.0,38,45,100
23/03/2026,Cainta,59,MEFENAMIC 500 MG,4043.2,13.3,0.0,4029.9,22,24,120
23/03/2026,Cainta,59,INSULIN,1167.8,15.8,0.0,1152.0,19,18,150
23/03/2026,Cainta,59,1CC/3CC,1783.7,5.6,0.0,1778.1,21,23,50
23/03/2026,Cainta,59,5CC/10CC,2616.0,5.8,194.0,2804.2,25,33,50
23/03/2026,Cainta,59,CETIRIZINE,4086.5,13.3,0.0,4073.2,21,19,100
23/03/2026,Cainta,59,G23,1278.4,2.9,90.9,1366.4,23,23,50
23/03/2026,Cainta,59,G27,1171.5,3.0,0.0,1168.5,30,42,50
23/03/2026,Cainta,59,GAUZE PAD,324.8,5.7,0.0,319.1,23,31,50
23/03/2026,Cainta,59,COTTON BALLS,2893.4,28.0,0.0,2865.4,24,20,240
23/03/2026,Cainta,59,BETADINE,1.7,0.3,0.0,1.4,16,18,50
23/03/2026,Cainta,59,ALCOHOL,16.8,0.3,0.0,16.5,36,30,50
23/03/2026,Cainta,59,FACEMASK,815.1,11.6,77.9,881.4,24,33,100
23/03/2026,Cainta,59,GLOVES,1668.9,12.5,0.0,1656.4,22,23,100
23/03/2026,Cainta,59,MICROPRE,141.6,3.0,0.0,138.6,17,18,50
23/03/2026,Cainta,59,STERILE WATER,99.4,1.7,26.5,124.2,30,29,50
23/03/2026,Cainta,59,REF THERMOMETER,9.2,0.6,0.0,8.6,35,40,50
23/03/2026,Cainta,59,ACRYLIC CONTAINERS,52.2,1.2,0.0,51.0,16,14,50
23/03/2026,Cainta,59,COOLER,12.6,0.3,0.0,12.3,18,23,50
23/03/2026,Cainta,59,KIDNEY BASIN,41.2,1.2,0.0,40.0,18,20,50
23/03/2026,Cainta,59,WEIGHING SCALE,6.0,0.3,0.0,5.7,29,33,50
23/03/2026,Cainta,59,FORCEPS,3.4,1.2,7.6,9.8,36,47,50
23/03/2026,Cainta,59,BETADINE CONTAINER,3.8,0.6,0.0,3.2,25,23,50
23/03/2026,Cainta,59,ALCOHOL PUMP CONTAINER,1.7,0.6,0.0,1.1,23,21,50
24/03/2026,Cainta,65,SPEEDA,1820.1,9.3,149.9,1960.7,36,38,70
24/03/2026,Cainta,65,ABHAYRAB,276.2,3.2,0.0,273.0,36,46,50
24/03/2026,Cainta,65,VAXIRAB,191.8,3.3,0.0,188.5,23,19,50
24/03/2026,Cainta,65,CHIRORAB,33.5,3.4,0.0,30.1,20,26,50
24/03/2026,Cainta,65,ERIG,38.2,2.6,0.0,35.6,26,29,50
24/03/2026,Cainta,65,HRIG,9.2,1.3,16.5,24.4,36,41,50
24/03/2026,Cainta,65,"ATS 1,500 ""IU""",43.8,1.3,0.0,42.5,34,39,50
24/03/2026,Cainta,65,"ATS 3000 ""IU""",124.2,1.3,0.0,122.9,34,28,50
24/03/2026,Cainta,65,"ATS 5,000 ""IU""",22.9,1.3,0.0,21.6,38,36,50
24/03/2026,Cainta,65,HTIG,9.1,0.7,0.0,8.4,23,29,50
24/03/2026,Cainta,65,TOXOID BETT,2708.9,6.2,0.0,2702.7,25,26,50
24/03/2026,Cainta,65,TOXOID ABHAYTOX,196.7,1.3,0.0,195.4,17,19,50
24/03/2026,Cainta,65,PPD,24.1,0.3,0.0,23.8,39,53,50
24/03/2026,Cainta,65,HEPA B,16.8,1.3,0.0,15.5,31,26,50
24/03/2026,Cainta,65,HEPA BIG,0.2,1.3,9.1,8.0,24,26,50
24/03/2026,Cainta,65,FLU,7.5,0.7,0.0,6.8,18,18,50
24/03/2026,Cainta,65,AMOXICILLIN 500MG,2664.7,18.7,0.0,2646.0,35,30,140
24/03/2026,Cainta,65,CEFALEXIN 500 MG,6038.0,10.4,177.9,6205.5,36,49,100
24/03/2026,Cainta,65,MEFENAMIC 500 MG,4029.9,12.8,0.0,4017.1,34,47,120
24/03/2026,Cainta,65,INSULIN,1152.0,19.6,119.2,1251.6,22,22,150
24/03/2026,Cainta,65,1CC/3CC,1778.1,6.7,0.0,1771.4,40,55,50
24/03/2026,Cainta,65,5CC/10CC,2804.2,6.6,0.0,2797.6,36,30,50
24/03/2026,Cainta,65,CETIRIZINE,4073.2,13.2,172.2,4232.2,33,46,100
24/03/2026,Cainta,65,G23,1366.4,3.4,0.0,1363.0,33,43,50
24/03/2026,Cainta,65,G27,1168.5,3.2,0.0,1165.3,40,37,50
24/03/2026,Cainta,65,GAUZE PAD,319.1,6.8,21.7,334.0,40,46,50
24/03/2026,Cainta,65,COTTON BALLS,2865.4,23.4,0.0,2842.0,32,41,240
24/03/2026,Cainta,65,BETADINE,1.4,0.3,0.0,1.1,27,27,50
24/03/2026,Cainta,65,ALCOHOL,16.5,0.3,0.0,16.2,26,26,50
24/03/2026,Cainta,65,FACEMASK,881.4,12.6,0.0,868.8,38,45,100
24/03/2026,Cainta,65,GLOVES,1656.4,12.9,0.0,1643.5,33,29,100
24/03/2026,Cainta,65,MICROPRE,138.6,3.3,0.0,135.3,18,16,50
24/03/2026,Cainta,65,STERILE WATER,124.2,2.0,0.0,122.2,20,19,50
24/03/2026,Cainta,65,REF THERMOMETER,8.6,0.6,0.0,8.0,40,50,50
24/03/2026,Cainta,65,ACRYLIC CONTAINERS,51.0,1.3,0.0,49.7,39,40,50
24/03/2026,Cainta,65,COOLER,12.3,0.3,0.0,12.0,41,45,50
24/03/2026,Cainta,65,KIDNEY BASIN,40.0,1.3,0.0,38.7,27,25,50
24/03/2026,Cainta,65,WEIGHING SCALE,5.7,0.3,0.0,5.4,37,34,50
24/03/2026,Cainta,65,FORCEPS,9.8,1.3,0.0,8.5,38,45,50
24/03/2026,Cainta,65,BETADINE CONTAINER,3.2,0.7,0.0,2.5,24,21,50
24/03/2026,Cainta,65,ALCOHOL PUMP CONTAINER,1.1,0.6,0.0,0.5,20,24,50
25/03/2026,Cainta,50,SPEEDA,1960.7,6.9,0.0,1953.8,32,33,70
25/03/2026,Cainta,50,ABHAYRAB,273.0,2.4,30.7,301.3,13,16,50
25/03/2026,Cainta,50,VAXIRAB,188.5,2.5,0.0,186.0,24,25,50
25/03/2026,Cainta,50,CHIRORAB,30.1,2.5,0.0,27.6,26,34,50
25/03/2026,Cainta,50,ERIG,35.6,2.0,0.0,33.6,26,22,50
25/03/2026,Cainta,50,HRIG,24.4,1.0,0.0,23.4,18,24,50
25/03/2026,Cainta,50,"ATS 1,500 ""IU""",42.5,1.0,0.0,41.5,27,26,50
25/03/2026,Cainta,50,"ATS 3000 ""IU""",122.9,1.0,0.0,121.9,17,14,50
25/03/2026,Cainta,50,"ATS 5,000 ""IU""",21.6,1.0,0.0,20.6,29,33,50
25/03/2026,Cainta,50,HTIG,8.4,0.5,0.0,7.9,17,16,50
25/03/2026,Cainta,50,TOXOID BETT,2702.7,4.8,0.0,2697.9,26,28,50
25/03/2026,Cainta,50,TOXOID ABHAYTOX,195.4,1.0,0.0,194.4,28,36,50
25/03/2026,Cainta,50,PPD,23.8,0.3,0.0,23.5,16,20,50
25/03/2026,Cainta,50,HEPA B,15.5,1.0,0.0,14.5,17,20,50
25/03/2026,Cainta,50,HEPA BIG,8.0,1.0,0.0,7.0,28,39,50
25/03/2026,Cainta,50,FLU,6.8,0.5,0.0,6.3,14,15,50
25/03/2026,Cainta,50,AMOXICILLIN 500MG,2646.0,12.0,0.0,2634.0,16,13,140
25/03/2026,Cainta,50,CEFALEXIN 500 MG,6205.5,8.8,238.1,6434.8,22,28,100
25/03/2026,Cainta,50,MEFENAMIC 500 MG,4017.1,9.6,345.7,4353.2,31,29,120
25/03/2026,Cainta,50,INSULIN,1251.6,13.5,0.0,1238.1,24,22,150
25/03/2026,Cainta,50,1CC/3CC,1771.4,5.0,0.0,1766.4,20,17,50
25/03/2026,Cainta,50,5CC/10CC,2797.6,5.0,0.0,2792.6,32,32,50
25/03/2026,Cainta,50,CETIRIZINE,4232.2,10.2,0.0,4222.0,22,22,100
25/03/2026,Cainta,50,G23,1363.0,2.4,0.0,1360.6,21,21,50
25/03/2026,Cainta,50,G27,1165.3,2.6,0.0,1162.7,21,24,50
25/03/2026,Cainta,50,GAUZE PAD,334.0,5.1,0.0,328.9,19,24,50
25/03/2026,Cainta,50,COTTON BALLS,2842.0,28.9,0.0,2813.1,19,26,240
25/03/2026,Cainta,50,BETADINE,1.1,0.2,0.0,0.9,26,22,50
25/03/2026,Cainta,50,ALCOHOL,16.2,0.3,0.0,15.9,13,12,50
25/03/2026,Cainta,50,FACEMASK,868.8,8.9,172.2,1032.1,26,30,100
25/03/2026,Cainta,50,GLOVES,1643.5,9.6,0.0,1633.9,17,15,100
25/03/2026,Cainta,50,MICROPRE,135.3,2.5,0.0,132.8,20,20,50
25/03/2026,Cainta,50,STERILE WATER,122.2,1.5,0.0,120.7,15,18,50
25/03/2026,Cainta,50,REF THERMOMETER,8.0,0.5,0.0,7.5,24,30,50
25/03/2026,Cainta,50,ACRYLIC CONTAINERS,49.7,1.0,0.0,48.7,27,25,50
25/03/2026,Cainta,50,COOLER,12.0,0.2,0.0,11.8,20,24,50
25/03/2026,Cainta,50,KIDNEY BASIN,38.7,1.0,0.0,37.7,16,19,50
25/03/2026,Cainta,50,WEIGHING SCALE,5.4,0.2,0.0,5.2,17,22,50
25/03/2026,Cainta,50,FORCEPS,8.5,1.0,0.0,7.5,29,29,50
25/03/2026,Cainta,50,BETADINE CONTAINER,2.5,0.5,0.0,2.0,18,23,50
25/03/2026,Cainta,50,ALCOHOL PUMP CONTAINER,0.5,0.5,0.0,0.0,28,35,50
26/03/2026,Cainta,60,SPEEDA,1953.8,8.5,66.2,2011.5,23,22,70
26/03/2026,Cainta,60,ABHAYRAB,301.3,3.1,0.0,298.2,20,23,50
26/03/2026,Cainta,60,VAXIRAB,186.0,2.9,0.0,183.1,32,39,50
26/03/2026,Cainta,60,CHIRORAB,27.6,3.1,14.8,39.3,26,25,50
26/03/2026,Cainta,60,ERIG,33.6,2.4,0.0,31.2,16,17,50
26/03/2026,Cainta,60,HRIG,23.4,1.2,0.0,22.2,38,40,50
26/03/2026,Cainta,60,"ATS 1,500 ""IU""",41.5,1.2,0.0,40.3,19,24,50
26/03/2026,Cainta,60,"ATS 3000 ""IU""",121.9,1.2,0.0,120.7,23,18,50
26/03/2026,Cainta,60,"ATS 5,000 ""IU""",20.6,1.2,0.0,19.4,24,26,50
26/03/2026,Cainta,60,HTIG,7.9,0.6,0.0,7.3,27,25,50
26/03/2026,Cainta,60,TOXOID BETT,2697.9,6.3,0.0,2691.6,34,40,50
26/03/2026,Cainta,60,TOXOID ABHAYTOX,194.4,1.2,0.0,193.2,15,18,50
26/03/2026,Cainta,60,PPD,23.5,0.3,0.0,23.2,37,41,50
26/03/2026,Cainta,60,HEPA B,14.5,1.2,0.0,13.3,31,35,50
26/03/2026,Cainta,60,HEPA BIG,7.0,1.2,0.0,5.8,38,38,50
26/03/2026,Cainta,60,FLU,6.3,0.6,0.0,5.7,35,35,50
26/03/2026,Cainta,60,AMOXICILLIN 500MG,2634.0,16.0,0.0,2618.0,37,46,140
26/03/2026,Cainta,60,CEFALEXIN 500 MG,6434.8,10.0,0.0,6424.8,29,25,100
26/03/2026,Cainta,60,MEFENAMIC 500 MG,4353.2,13.8,0.0,4339.4,24,30,120
26/03/2026,Cainta,60,INSULIN,1238.1,16.4,0.0,1221.7,26,31,150
26/03/2026,Cainta,60,1CC/3CC,1766.4,6.0,0.0,1760.4,31,41,50
26/03/2026,Cainta,60,5CC/10CC,2792.6,5.9,0.0,2786.7,25,24,50
26/03/2026,Cainta,60,CETIRIZINE,4222.0,12.9,0.0,4209.1,33,36,100
26/03/2026,Cainta,60,G23,1360.6,2.9,0.0,1357.7,17,14,50
26/03/2026,Cainta,60,G27,1162.7,3.0,107.8,1267.5,35,47,50
26/03/2026,Cainta,60,GAUZE PAD,328.9,6.4,18.7,341.2,20,24,50
26/03/2026,Cainta,60,COTTON BALLS,2813.1,32.1,212.7,2993.7,38,45,240
26/03/2026,Cainta,60,BETADINE,0.9,0.3,0.0,0.6,19,24,50
26/03/2026,Cainta,60,ALCOHOL,15.9,0.3,0.0,15.6,18,17,50
26/03/2026,Cainta,60,FACEMASK,1032.1,11.3,0.0,1020.8,34,40,100
26/03/2026,Cainta,60,GLOVES,1633.9,11.0,82.1,1705.0,35,45,100
26/03/2026,Cainta,60,MICROPRE,132.8,3.0,0.0,129.8,33,28,50
26/03/2026,Cainta,60,STERILE WATER,120.7,1.8,0.0,118.9,38,52,50
26/03/2026,Cainta,60,REF THERMOMETER,7.5,0.6,0.0,6.9,21,28,50
26/03/2026,Cainta,60,ACRYLIC CONTAINERS,48.7,1.2,0.0,47.5,35,48,50
26/03/2026,Cainta,60,COOLER,11.8,0.3,0.0,11.5,23,30,50
26/03/2026,Cainta,60,KIDNEY BASIN,37.7,1.2,0.0,36.5,28,27,50
26/03/2026,Cainta,60,WEIGHING SCALE,5.2,0.3,0.0,4.9,26,30,50
26/03/2026,Cainta,60,FORCEPS,7.5,1.2,0.0,6.3,15,13,50
26/03/2026,Cainta,60,BETADINE CONTAINER,2.0,0.6,0.0,1.4,29,36,50
26/03/2026,Cainta,60,ALCOHOL PUMP CONTAINER,0.0,0.6,12.6,12.0,33,29,50
27/03/2026,Cainta,57,SPEEDA,2011.5,7.8,197.7,2201.4,18,24,70
27/03/2026,Cainta,57,ABHAYRAB,298.2,2.9,0.0,295.3,35,33,50
27/03/2026,Cainta,57,VAXIRAB,183.1,3.0,0.0,180.1,26,23,50
27/03/2026,Cainta,57,CHIRORAB,39.3,2.8,0.0,36.5,18,15,50
27/03/2026,Cainta,57,ERIG,31.2,2.3,0.0,28.9,29,36,50
27/03/2026,Cainta,57,HRIG,22.2,1.1,0.0,21.1,19,17,50
27/03/2026,Cainta,57,"ATS 1,500 ""IU""",40.3,1.1,0.0,39.2,16,15,50
27/03/2026,Cainta,57,"ATS 3000 ""IU""",120.7,1.1,16.6,136.2,30,27,50
27/03/2026,Cainta,57,"ATS 5,000 ""IU""",19.4,1.1,0.0,18.3,17,17,50
27/03/2026,Cainta,57,HTIG,7.3,0.6,0.0,6.7,17,23,50
27/03/2026,Cainta,57,TOXOID BETT,2691.6,5.5,0.0,2686.1,31,34,50
27/03/2026,Cainta,57,TOXOID ABHAYTOX,193.2,1.1,0.0,192.1,16,15,50
27/03/2026,Cainta,57,PPD,23.2,0.3,0.0,22.9,33,30,50
27/03/2026,Cainta,57,HEPA B,13.3,1.1,0.0,12.2,32,26,50
27/03/2026,Cainta,57,HEPA BIG,5.8,1.1,0.0,4.7,17,17,50
27/03/2026,Cainta,57,FLU,5.7,0.6,0.0,5.1,26,23,50
27/03/2026,Cainta,57,AMOXICILLIN 500MG,2618.0,17.4,0.0,2600.6,16,13,140
27/03/2026,Cainta,57,CEFALEXIN 500 MG,6424.8,13.3,0.0,6411.5,29,25,100
27/03/2026,Cainta,57,MEFENAMIC 500 MG,4339.4,14.9,352.3,4676.8,16,16,120
27/03/2026,Cainta,57,INSULIN,1221.7,16.2,0.0,1205.5,36,45,150
27/03/2026,Cainta,57,1CC/3CC,1760.4,5.6,0.0,1754.8,19,16,50
27/03/2026,Cainta,57,5CC/10CC,2786.7,5.7,0.0,2781.0,30,36,50
27/03/2026,Cainta,57,CETIRIZINE,4209.1,13.4,0.0,4195.7,17,20,100
27/03/2026,Cainta,57,G23,1357.7,2.8,0.0,1354.9,19,25,50
27/03/2026,Cainta,57,G27,1267.5,2.8,0.0,1264.7,25,23,50
27/03/2026,Cainta,57,GAUZE PAD,341.2,5.6,0.0,335.6,27,34,50
27/03/2026,Cainta,57,COTTON BALLS,2993.7,35.5,0.0,2958.2,37,49,240
27/03/2026,Cainta,57,BETADINE,0.6,0.3,0.0,0.3,15,21,50
27/03/2026,Cainta,57,ALCOHOL,15.6,0.3,0.0,15.3,14,18,50
27/03/2026,Cainta,57,FACEMASK,1020.8,11.5,0.0,1009.3,22,19,100
27/03/2026,Cainta,57,GLOVES,1705.0,11.4,0.0,1693.6,23,31,100
27/03/2026,Cainta,57,MICROPRE,129.8,2.7,0.0,127.1,34,44,50
27/03/2026,Cainta,57,STERILE WATER,118.9,1.7,0.0,117.2,35,32,50
27/03/2026,Cainta,57,REF THERMOMETER,6.9,0.6,0.0,6.3,34,31,50
27/03/2026,Cainta,57,ACRYLIC CONTAINERS,47.5,1.1,0.0,46.4,18,25,50
27/03/2026,Cainta,57,COOLER,11.5,0.3,0.0,11.2,24,21,50
27/03/2026,Cainta,57,KIDNEY BASIN,36.5,1.1,0.0,35.4,31,39,50
27/03/2026,Cainta,57,WEIGHING SCALE,4.9,0.3,0.0,4.6,21,22,50
27/03/2026,Cainta,57,FORCEPS,6.3,1.2,0.0,5.1,29,36,50
27/03/2026,Cainta,57,BETADINE CONTAINER,1.4,0.6,0.0,0.8,20,17,50
27/03/2026,Cainta,57,ALCOHOL PUMP CONTAINER,12.0,0.6,0.0,11.4,22,27,50
28/03/2026,Cainta,97,SPEEDA,2201.4,15.1,0.0,2186.3,58,64,70
28/03/2026,Cainta,97,ABHAYRAB,295.3,4.7,0.0,290.6,34,46,50
28/03/2026,Cainta,97,VAXIRAB,180.1,4.8,0.0,175.3,62,57,50
28/03/2026,Cainta,97,CHIRORAB,36.5,4.8,0.0,31.7,36,31,50
28/03/2026,Cainta,97,ERIG,28.9,3.7,0.0,25.2,25,23,50
28/03/2026,Cainta,97,HRIG,21.1,2.0,0.0,19.1,34,29,50
28/03/2026,Cainta,97,"ATS 1,500 ""IU""",39.2,2.0,0.0,37.2,31,43,50
28/03/2026,Cainta,97,"ATS 3000 ""IU""",136.2,2.0,0.0,134.2,44,38,50
28/03/2026,Cainta,97,"ATS 5,000 ""IU""",18.3,1.9,0.0,16.4,29,27,50
28/03/2026,Cainta,97,HTIG,6.7,1.0,0.0,5.7,49,63,50
28/03/2026,Cainta,97,TOXOID BETT,2686.1,9.5,0.0,2676.6,58,55,50
28/03/2026,Cainta,97,TOXOID ABHAYTOX,192.1,2.0,0.0,190.1,38,35,50
28/03/2026,Cainta,97,PPD,22.9,0.5,0.0,22.4,31,37,50
28/03/2026,Cainta,97,HEPA B,12.2,1.9,0.0,10.3,40,42,50
28/03/2026,Cainta,97,HEPA BIG,4.7,1.9,0.0,2.8,55,72,50
28/03/2026,Cainta,97,FLU,5.1,1.0,0.0,4.1,47,56,50
28/03/2026,Cainta,97,AMOXICILLIN 500MG,2600.6,29.7,0.0,2570.9,28,27,140
28/03/2026,Cainta,97,CEFALEXIN 500 MG,6411.5,20.9,0.0,6390.6,45,52,100
28/03/2026,Cainta,97,MEFENAMIC 500 MG,4676.8,26.2,321.3,4971.9,42,55,120
28/03/2026,Cainta,97,INSULIN,1205.5,30.3,0.0,1175.2,37,38,150
28/03/2026,Cainta,97,1CC/3CC,1754.8,10.3,0.0,1744.5,29,36,50
28/03/2026,Cainta,97,5CC/10CC,2781.0,9.0,76.9,2848.9,62,65,50
28/03/2026,Cainta,97,CETIRIZINE,4195.7,20.4,0.0,4175.3,31,35,100
28/03/2026,Cainta,97,G23,1354.9,4.9,0.0,1350.0,32,40,50
28/03/2026,Cainta,97,G27,1264.7,4.7,0.0,1260.0,30,25,50
28/03/2026,Cainta,97,GAUZE PAD,335.6,9.0,0.0,326.6,46,49,50
28/03/2026,Cainta,97,COTTON BALLS,2958.2,41.8,0.0,2916.4,41,35,240
28/03/2026,Cainta,97,BETADINE,0.3,0.5,20.2,20.0,34,42,50
28/03/2026,Cainta,97,ALCOHOL,15.3,0.5,0.0,14.8,41,48,50
28/03/2026,Cainta,97,FACEMASK,1009.3,18.2,0.0,991.1,50,50,100
28/03/2026,Cainta,97,GLOVES,1693.6,17.8,0.0,1675.8,35,30,100
28/03/2026,Cainta,97,MICROPRE,127.1,4.8,0.0,122.3,60,81,50
28/03/2026,Cainta,97,STERILE WATER,117.2,3.0,0.0,114.2,36,36,50
28/03/2026,Cainta,97,REF THERMOMETER,6.3,1.0,0.0,5.3,32,31,50
28/03/2026,Cainta,97,ACRYLIC CONTAINERS,46.4,1.9,0.0,44.5,61,52,50
28/03/2026,Cainta,97,COOLER,11.2,0.5,0.0,10.7,56,64,50
28/03/2026,Cainta,97,KIDNEY BASIN,35.4,2.0,0.0,33.4,38,36,50
28/03/2026,Cainta,97,WEIGHING SCALE,4.6,0.5,0.0,4.1,57,74,50
28/03/2026,Cainta,97,FORCEPS,5.1,2.0,0.0,3.1,44,53,50
28/03/2026,Cainta,97,BETADINE CONTAINER,0.8,1.0,17.2,17.0,38,30,50
28/03/2026,Cainta,97,ALCOHOL PUMP CONTAINER,11.4,1.0,0.0,10.4,57,65,50
29/03/2026,Cainta,53,SPEEDA,2186.3,9.7,0.0,2176.6,29,27,70
29/03/2026,Cainta,53,ABHAYRAB,290.6,2.6,17.1,305.1,20,16,50
29/03/2026,Cainta,53,VAXIRAB,175.3,2.6,0.0,172.7,26,30,50
29/03/2026,Cainta,53,CHIRORAB,31.7,2.6,0.0,29.1,21,19,50
29/03/2026,Cainta,53,ERIG,25.2,2.2,0.0,23.0,13,17,50
29/03/2026,Cainta,53,HRIG,19.1,1.1,0.0,18.0,34,39,50
29/03/2026,Cainta,53,"ATS 1,500 ""IU""",37.2,1.1,0.0,36.1,25,23,50
29/03/2026,Cainta,53,"ATS 3000 ""IU""",134.2,1.1,0.0,133.1,26,36,50
29/03/2026,Cainta,53,"ATS 5,000 ""IU""",16.4,1.1,0.0,15.3,26,29,50
29/03/2026,Cainta,53,HTIG,5.7,0.5,0.0,5.2,25,22,50
29/03/2026,Cainta,53,TOXOID BETT,2676.6,4.9,0.0,2671.7,19,21,50
29/03/2026,Cainta,53,TOXOID ABHAYTOX,190.1,1.1,0.0,189.0,34,47,50
29/03/2026,Cainta,53,PPD,22.4,0.3,0.0,22.1,26,27,50
29/03/2026,Cainta,53,HEPA B,10.3,1.1,0.0,9.2,27,28,50
29/03/2026,Cainta,53,HEPA BIG,2.8,1.1,0.0,1.7,23,25,50
29/03/2026,Cainta,53,FLU,4.1,0.5,0.0,3.6,19,18,50
29/03/2026,Cainta,53,AMOXICILLIN 500MG,2570.9,16.9,0.0,2554.0,15,13,140
29/03/2026,Cainta,53,CEFALEXIN 500 MG,6390.6,10.4,179.0,6559.2,21,24,100
29/03/2026,Cainta,53,MEFENAMIC 500 MG,4971.9,14.3,0.0,4957.6,17,23,120
29/03/2026,Cainta,53,INSULIN,1175.2,15.7,0.0,1159.5,27,34,150
29/03/2026,Cainta,53,1CC/3CC,1744.5,4.9,0.0,1739.6,32,27,50
29/03/2026,Cainta,53,5CC/10CC,2848.9,5.3,0.0,2843.6,20,21,50
29/03/2026,Cainta,53,CETIRIZINE,4175.3,11.8,0.0,4163.5,20,16,100
29/03/2026,Cainta,53,G23,1350.0,2.6,109.0,1456.4,27,27,50
29/03/2026,Cainta,53,G27,1260.0,2.7,0.0,1257.3,16,19,50
29/03/2026,Cainta,53,GAUZE PAD,326.6,5.0,0.0,321.6,33,32,50
29/03/2026,Cainta,53,COTTON BALLS,2916.4,26.4,0.0,2890.0,21,27,240
29/03/2026,Cainta,53,BETADINE,20.0,0.3,0.0,19.7,15,16,50
29/03/2026,Cainta,53,ALCOHOL,14.8,0.3,0.0,14.5,17,20,50
29/03/2026,Cainta,53,FACEMASK,991.1,10.6,0.0,980.5,33,44,100
29/03/2026,Cainta,53,GLOVES,1675.8,11.4,0.0,1664.4,18,22,100
29/03/2026,Cainta,53,MICROPRE,122.3,2.7,0.0,119.6,27,36,50
29/03/2026,Cainta,53,STERILE WATER,114.2,1.6,0.0,112.6,17,22,50
29/03/2026,Cainta,53,REF THERMOMETER,5.3,0.5,0.0,4.8,17,19,50
29/03/2026,Cainta,53,ACRYLIC CONTAINERS,44.5,1.0,0.0,43.5,32,31,50
29/03/2026,Cainta,53,COOLER,10.7,0.3,0.0,10.4,16,16,50
29/03/2026,Cainta,53,KIDNEY BASIN,33.4,1.1,0.0,32.3,14,19,50
29/03/2026,Cainta,53,WEIGHING SCALE,4.1,0.3,0.0,3.8,24,20,50
29/03/2026,Cainta,53,FORCEPS,3.1,1.1,0.0,2.0,32,44,50
29/03/2026,Cainta,53,BETADINE CONTAINER,17.0,0.5,0.0,16.5,20,20,50
29/03/2026,Cainta,53,ALCOHOL PUMP CONTAINER,10.4,0.5,0.0,9.9,16,20,50
30/03/2026,Cainta,19,SPEEDA,2176.6,2.7,0.0,2173.9,12,12,70
30/03/2026,Cainta,19,ABHAYRAB,305.1,1.0,23.0,327.1,10,14,50
30/03/2026,Cainta,19,VAXIRAB,172.7,0.9,0.0,171.8,11,9,50
30/03/2026,Cainta,19,CHIRORAB,29.1,1.0,0.0,28.1,10,10,50
30/03/2026,Cainta,19,ERIG,23.0,0.8,0.0,22.2,10,13,50
30/03/2026,Cainta,19,HRIG,18.0,0.4,0.0,17.6,8,8,50
30/03/2026,Cainta,19,"ATS 1,500 ""IU""",36.1,0.4,0.0,35.7,7,7,50
30/03/2026,Cainta,19,"ATS 3000 ""IU""",133.1,0.4,0.0,132.7,10,13,50
30/03/2026,Cainta,19,"ATS 5,000 ""IU""",15.3,0.4,0.0,14.9,10,13,50
30/03/2026,Cainta,19,HTIG,5.2,0.2,0.0,5.0,12,10,50
30/03/2026,Cainta,19,TOXOID BETT,2671.7,1.8,0.0,2669.9,9,10,50
30/03/2026,Cainta,19,TOXOID ABHAYTOX,189.0,0.4,0.0,188.6,7,7,50
30/03/2026,Cainta,19,PPD,22.1,0.1,0.0,22.0,8,7,50
30/03/2026,Cainta,19,HEPA B,9.2,0.4,0.0,8.8,9,11,50
30/03/2026,Cainta,19,HEPA BIG,1.7,0.4,0.0,1.3,8,7,50
30/03/2026,Cainta,19,FLU,3.6,0.2,0.0,3.4,11,12,50
30/03/2026,Cainta,19,AMOXICILLIN 500MG,2554.0,5.1,0.0,2548.9,9,9,140
30/03/2026,Cainta,19,CEFALEXIN 500 MG,6559.2,3.9,0.0,6555.3,5,7,100
30/03/2026,Cainta,19,MEFENAMIC 500 MG,4957.6,5.4,0.0,4952.2,9,10,120
30/03/2026,Cainta,19,INSULIN,1159.5,4.4,0.0,1155.1,10,9,150
30/03/2026,Cainta,19,1CC/3CC,1739.6,1.9,0.0,1737.7,12,16,50
30/03/2026,Cainta,19,5CC/10CC,2843.6,1.9,0.0,2841.7,8,10,50
30/03/2026,Cainta,19,CETIRIZINE,4163.5,3.8,0.0,4159.7,9,9,100
30/03/2026,Cainta,19,G23,1456.4,1.0,0.0,1455.4,8,11,50
30/03/2026,Cainta,19,G27,1257.3,0.9,0.0,1256.4,9,9,50
30/03/2026,Cainta,19,GAUZE PAD,321.6,1.9,0.0,319.7,5,5,50
30/03/2026,Cainta,19,COTTON BALLS,2890.0,9.1,0.0,2880.9,12,12,240
30/03/2026,Cainta,19,BETADINE,19.7,0.1,0.0,19.6,12,11,50
30/03/2026,Cainta,19,ALCOHOL,14.5,0.1,0.0,14.4,9,11,50
30/03/2026,Cainta,19,FACEMASK,980.5,3.9,199.4,1176.0,9,10,100
30/03/2026,Cainta,19,GLOVES,1664.4,3.3,0.0,1661.1,5,7,100
30/03/2026,Cainta,19,MICROPRE,119.6,0.9,0.0,118.7,9,9,50
30/03/2026,Cainta,19,STERILE WATER,112.6,0.6,0.0,112.0,8,7,50
30/03/2026,Cainta,19,REF THERMOMETER,4.8,0.2,0.0,4.6,10,10,50
30/03/2026,Cainta,19,ACRYLIC CONTAINERS,43.5,0.4,0.0,43.1,5,4,50
30/03/2026,Cainta,19,COOLER,10.4,0.1,0.0,10.3,10,14,50
30/03/2026,Cainta,19,KIDNEY BASIN,32.3,0.4,0.0,31.9,7,9,50
30/03/2026,Cainta,19,WEIGHING SCALE,3.8,0.1,0.0,3.7,10,13,50
30/03/2026,Cainta,19,FORCEPS,2.0,0.4,0.0,1.6,10,12,50
30/03/2026,Cainta,19,BETADINE CONTAINER,16.5,0.2,0.0,16.3,6,6,50
30/03/2026,Cainta,19,ALCOHOL PUMP CONTAINER,9.9,0.2,0.0,9.7,8,7,50
31/03/2026,Cainta,14,SPEEDA,2173.9,2.0,0.0,2171.9,8,8,70
31/03/2026,Cainta,14,ABHAYRAB,327.1,0.7,0.0,326.4,7,9,50
31/03/2026,Cainta,14,VAXIRAB,171.8,0.7,0.0,171.1,4,4,50
31/03/2026,Cainta,14,CHIRORAB,28.1,0.7,0.0,27.4,6,5,50
31/03/2026,Cainta,14,ERIG,22.2,0.5,0.0,21.7,5,6,50
31/03/2026,Cainta,14,HRIG,17.6,0.3,0.0,17.3,7,6,50
31/03/2026,Cainta,14,"ATS 1,500 ""IU""",35.7,0.3,0.0,35.4,7,8,50
31/03/2026,Cainta,14,"ATS 3000 ""IU""",132.7,0.3,0.0,132.4,4,3,50
31/03/2026,Cainta,14,"ATS 5,000 ""IU""",14.9,0.3,0.0,14.6,7,8,50
31/03/2026,Cainta,14,HTIG,5.0,0.1,0.0,4.9,8,8,50
31/03/2026,Cainta,14,TOXOID BETT,2669.9,1.5,52.8,2721.2,8,11,50
31/03/2026,Cainta,14,TOXOID ABHAYTOX,188.6,0.3,0.0,188.3,4,5,50
31/03/2026,Cainta,14,PPD,22.0,0.1,0.0,21.9,5,4,50
31/03/2026,Cainta,14,HEPA B,8.8,0.3,0.0,8.5,6,8,50
31/03/2026,Cainta,14,HEPA BIG,1.3,0.3,0.0,1.0,5,6,50
31/03/2026,Cainta,14,FLU,3.4,0.1,0.0,3.3,6,7,50
31/03/2026,Cainta,14,AMOXICILLIN 500MG,2548.9,4.4,0.0,2544.5,4,5,140
31/03/2026,Cainta,14,CEFALEXIN 500 MG,6555.3,2.6,0.0,6552.7,4,5,100
31/03/2026,Cainta,14,MEFENAMIC 500 MG,4952.2,3.8,0.0,4948.4,7,7,120
31/03/2026,Cainta,14,INSULIN,1155.1,5.7,0.0,1149.4,5,5,150
31/03/2026,Cainta,14,1CC/3CC,1737.7,1.3,0.0,1736.4,7,7,50
31/03/2026,Cainta,14,5CC/10CC,2841.7,1.4,0.0,2840.3,4,4,50
31/03/2026,Cainta,14,CETIRIZINE,4159.7,2.9,0.0,4156.8,7,10,100
31/03/2026,Cainta,14,G23,1455.4,0.7,0.0,1454.7,6,7,50
31/03/2026,Cainta,14,G27,1256.4,0.7,0.0,1255.7,8,8,50
31/03/2026,Cainta,14,GAUZE PAD,319.7,1.2,0.0,318.5,8,11,50
31/03/2026,Cainta,14,COTTON BALLS,2880.9,9.2,0.0,2871.7,6,7,240
31/03/2026,Cainta,14,BETADINE,19.6,0.1,0.0,19.5,7,7,50
31/03/2026,Cainta,14,ALCOHOL,14.4,0.1,0.0,14.3,5,7,50
31/03/2026,Cainta,14,FACEMASK,1176.0,2.6,0.0,1173.4,7,7,100
31/03/2026,Cainta,14,GLOVES,1661.1,3.3,0.0,1657.8,4,4,100
31/03/2026,Cainta,14,MICROPRE,118.7,0.7,0.0,118.0,6,7,50
31/03/2026,Cainta,14,STERILE WATER,112.0,0.4,0.0,111.6,5,7,50
31/03/2026,Cainta,14,REF THERMOMETER,4.6,0.1,0.0,4.5,8,8,50
31/03/2026,Cainta,14,ACRYLIC CONTAINERS,43.1,0.3,0.0,42.8,6,6,50
31/03/2026,Cainta,14,COOLER,10.3,0.1,0.0,10.2,7,8,50
31/03/2026,Cainta,14,KIDNEY BASIN,31.9,0.3,0.0,31.6,6,8,50
31/03/2026,Cainta,14,WEIGHING SCALE,3.7,0.1,0.0,3.6,5,4,50
31/03/2026,Cainta,14,FORCEPS,1.6,0.3,0.0,1.3,5,5,50
31/03/2026,Cainta,14,BETADINE CONTAINER,16.3,0.1,0.0,16.2,9,12,50
31/03/2026,Cainta,14,ALCOHOL PUMP CONTAINER,9.7,0.1,0.0,9.6,8,10,50
01/04/2026,Cainta,56,SPEEDA,2171.9,9.4,0.0,2162.5,17,17,70
01/04/2026,Cainta,56,ABHAYRAB,326.4,2.7,0.0,323.7,31,31,50
01/04/2026,Cainta,56,VAXIRAB,171.1,2.8,41.9,210.2,23,25,50
01/04/2026,Cainta,56,CHIRORAB,27.4,2.7,0.0,24.7,14,17,50
01/04/2026,Cainta,56,ERIG,21.7,2.2,0.0,19.5,26,30,50
01/04/2026,Cainta,56,HRIG,17.3,1.1,0.0,16.2,17,22,50
01/04/2026,Cainta,56,"ATS 1,500 ""IU""",35.4,1.1,0.0,34.3,19,16,50
01/04/2026,Cainta,56,"ATS 3000 ""IU""",132.4,1.1,0.0,131.3,30,39,50
01/04/2026,Cainta,56,"ATS 5,000 ""IU""",14.6,1.1,0.0,13.5,20,17,50
01/04/2026,Cainta,56,HTIG,4.9,0.6,0.0,4.3,34,45,50
01/04/2026,Cainta,56,TOXOID BETT,2721.2,5.1,168.5,2884.6,29,24,50
01/04/2026,Cainta,56,TOXOID ABHAYTOX,188.3,1.1,0.0,187.2,33,29,50
01/04/2026,Cainta,56,PPD,21.9,0.3,0.0,21.6,28,25,50
01/04/2026,Cainta,56,HEPA B,8.5,1.1,0.0,7.4,33,31,50
01/04/2026,Cainta,56,HEPA BIG,1.0,1.1,24.4,24.3,22,23,50
01/04/2026,Cainta,56,FLU,3.3,0.6,0.0,2.7,26,31,50
01/04/2026,Cainta,56,AMOXICILLIN 500MG,2544.5,13.8,458.6,2989.3,26,35,140
01/04/2026,Cainta,56,CEFALEXIN 500 MG,6552.7,11.2,0.0,6541.5,34,38,100
01/04/2026,Cainta,56,MEFENAMIC 500 MG,4948.4,14.3,0.0,4934.1,18,20,120
01/04/2026,Cainta,56,INSULIN,1149.4,20.6,193.3,1322.1,27,27,150
01/04/2026,Cainta,56,1CC/3CC,1736.4,5.7,0.0,1730.7,31,40,50
01/04/2026,Cainta,56,5CC/10CC,2840.3,5.5,0.0,2834.8,22,19,50
01/04/2026,Cainta,56,CETIRIZINE,4156.8,10.2,0.0,4146.6,33,32,100
01/04/2026,Cainta,56,G23,1454.7,2.8,0.0,1451.9,22,19,50
01/04/2026,Cainta,56,G27,1255.7,2.7,0.0,1253.0,18,17,50
01/04/2026,Cainta,56,GAUZE PAD,318.5,5.6,0.0,312.9,27,31,50
01/04/2026,Cainta,56,COTTON BALLS,2871.7,25.0,0.0,2846.7,23,20,240
01/04/2026,Cainta,56,BETADINE,19.5,0.3,0.0,19.2,14,12,50
01/04/2026,Cainta,56,ALCOHOL,14.3,0.3,0.0,14.0,16,21,50
01/04/2026,Cainta,56,FACEMASK,1173.4,10.7,149.6,1312.3,18,16,100
01/04/2026,Cainta,56,GLOVES,1657.8,9.9,0.0,1647.9,31,36,100
01/04/2026,Cainta,56,MICROPRE,118.0,2.8,0.0,115.2,34,34,50
01/04/2026,Cainta,56,STERILE WATER,111.6,1.7,0.0,109.9,26,35,50
01/04/2026,Cainta,56,REF THERMOMETER,4.5,0.6,0.0,3.9,16,20,50
01/04/2026,Cainta,56,ACRYLIC CONTAINERS,42.8,1.1,0.0,41.7,26,22,50
01/04/2026,Cainta,56,COOLER,10.2,0.3,0.0,9.9,33,44,50
01/04/2026,Cainta,56,KIDNEY BASIN,31.6,1.1,0.0,30.5,31,32,50
01/04/2026,Cainta,56,WEIGHING SCALE,3.6,0.3,0.0,3.3,21,21,50
01/04/2026,Cainta,56,FORCEPS,1.3,1.1,0.0,0.2,17,20,50
01/04/2026,Cainta,56,BETADINE CONTAINER,16.2,0.6,0.0,15.6,34,42,50
01/04/2026,Cainta,56,ALCOHOL PUMP CONTAINER,9.6,0.6,0.0,9.0,33,32,50
02/04/2026,Cainta,100,SPEEDA,2162.5,15.8,0.0,2146.7,27,27,70
02/04/2026,Cainta,100,ABHAYRAB,323.7,5.0,0.0,318.7,58,52,50
02/04/2026,Cainta,100,VAXIRAB,210.2,5.0,0.0,205.2,29,34,50
02/04/2026,Cainta,100,CHIRORAB,24.7,5.0,0.0,19.7,28,38,50
02/04/2026,Cainta,100,ERIG,19.5,4.0,0.0,15.5,55,58,50
02/04/2026,Cainta,100,HRIG,16.2,2.0,0.0,14.2,46,64,50
02/04/2026,Cainta,100,"ATS 1,500 ""IU""",34.3,2.0,0.0,32.3,42,38,50
02/04/2026,Cainta,100,"ATS 3000 ""IU""",131.3,2.0,0.0,129.3,61,78,50
02/04/2026,Cainta,100,"ATS 5,000 ""IU""",13.5,2.0,0.0,11.5,59,80,50
02/04/2026,Cainta,100,HTIG,4.3,1.0,0.0,3.3,27,33,50
02/04/2026,Cainta,100,TOXOID BETT,2884.6,11.0,0.0,2873.6,50,43,50
02/04/2026,Cainta,100,TOXOID ABHAYTOX,187.2,2.0,0.0,185.2,56,56,50
02/04/2026,Cainta,100,PPD,21.6,0.5,0.0,21.1,47,40,50
02/04/2026,Cainta,100,HEPA B,7.4,2.0,0.0,5.4,64,74,50
02/04/2026,Cainta,100,HEPA BIG,24.3,2.0,0.0,22.3,52,73,50
02/04/2026,Cainta,100,FLU,2.7,1.0,0.0,1.7,29,30,50
02/04/2026,Cainta,100,AMOXICILLIN 500MG,2989.3,28.1,0.0,2961.2,33,30,140
02/04/2026,Cainta,100,CEFALEXIN 500 MG,6541.5,20.9,0.0,6520.6,58,56,100
02/04/2026,Cainta,100,MEFENAMIC 500 MG,4934.1,24.2,0.0,4909.9,65,74,120
02/04/2026,Cainta,100,INSULIN,1322.1,32.6,0.0,1289.5,29,33,150
02/04/2026,Cainta,100,1CC/3CC,1730.7,9.1,195.0,1916.6,29,27,50
02/04/2026,Cainta,100,5CC/10CC,2834.8,9.8,0.0,2825.0,56,70,50
02/04/2026,Cainta,100,CETIRIZINE,4146.6,23.8,0.0,4122.8,28,24,100
02/04/2026,Cainta,100,G23,1451.9,4.9,0.0,1447.0,28,33,50
02/04/2026,Cainta,100,G27,1253.0,4.9,0.0,1248.1,61,64,50
02/04/2026,Cainta,100,GAUZE PAD,312.9,9.8,0.0,303.1,57,50,50
02/04/2026,Cainta,100,COTTON BALLS,2846.7,39.2,0.0,2807.5,60,71,240
02/04/2026,Cainta,100,BETADINE,19.2,0.5,0.0,18.7,51,61,50
02/04/2026,Cainta,100,ALCOHOL,14.0,0.5,0.0,13.5,38,40,50
02/04/2026,Cainta,100,FACEMASK,1312.3,20.3,0.0,1292.0,61,78,100
02/04/2026,Cainta,100,GLOVES,1647.9,19.9,0.0,1628.0,37,41,100
02/04/2026,Cainta,100,MICROPRE,115.2,5.0,0.0,110.2,36,35,50
02/04/2026,Cainta,100,STERILE WATER,109.9,3.0,0.0,106.9,60,82,50
02/04/2026,Cainta,100,REF THERMOMETER,3.9,1.0,0.0,2.9,52,71,50
02/04/2026,Cainta,100,ACRYLIC CONTAINERS,41.7,2.0,0.0,39.7,61,52,50
02/04/2026,Cainta,100,COOLER,9.9,0.5,0.0,9.4,31,42,50
02/04/2026,Cainta,100,KIDNEY BASIN,30.5,2.0,0.0,28.5,63,80,50
02/04/2026,Cainta,100,WEIGHING SCALE,3.3,0.5,0.0,2.8,50,43,50
02/04/2026,Cainta,100,FORCEPS,0.2,2.0,14.8,13.0,52,58,50
02/04/2026,Cainta,100,BETADINE CONTAINER,15.6,1.0,0.0,14.6,62,51,50
02/04/2026,Cainta,100,ALCOHOL PUMP CONTAINER,9.0,1.0,0.0,8.0,40,46,50
03/04/2026,Cainta,35,SPEEDA,2146.7,5.4,0.0,2141.3,19,26,70
03/04/2026,Cainta,35,ABHAYRAB,318.7,1.7,0.0,317.0,18,18,50
03/04/2026,Cainta,35,VAXIRAB,205.2,1.8,0.0,203.4,20,22,50
03/04/2026,Cainta,35,CHIRORAB,19.7,1.7,0.0,18.0,21,20,50
03/04/2026,Cainta,35,ERIG,15.5,1.4,0.0,14.1,18,20,50
03/04/2026,Cainta,35,HRIG,14.2,0.7,0.0,13.5,10,13,50
03/04/2026,Cainta,35,"ATS 1,500 ""IU""",32.3,0.7,0.0,31.6,11,10,50
03/04/2026,Cainta,35,"ATS 3000 ""IU""",129.3,0.7,0.0,128.6,22,25,50
03/04/2026,Cainta,35,"ATS 5,000 ""IU""",11.5,0.7,0.0,10.8,22,22,50
03/04/2026,Cainta,35,HTIG,3.3,0.3,0.0,3.0,22,27,50
03/04/2026,Cainta,35,TOXOID BETT,2873.6,3.5,0.0,2870.1,9,11,50
03/04/2026,Cainta,35,TOXOID ABHAYTOX,185.2,0.7,0.0,184.5,14,17,50
03/04/2026,Cainta,35,PPD,21.1,0.2,0.0,20.9,19,20,50
03/04/2026,Cainta,35,HEPA B,5.4,0.7,0.0,4.7,19,22,50
03/04/2026,Cainta,35,HEPA BIG,22.3,0.7,0.0,21.6,10,12,50
03/04/2026,Cainta,35,FLU,1.7,0.3,0.0,1.4,17,21,50
03/04/2026,Cainta,35,AMOXICILLIN 500MG,2961.2,11.4,0.0,2949.8,11,13,140
03/04/2026,Cainta,35,CEFALEXIN 500 MG,6520.6,6.8,148.1,6661.9,16,21,100
03/04/2026,Cainta,35,MEFENAMIC 500 MG,4909.9,8.2,0.0,4901.7,12,11,120
03/04/2026,Cainta,35,INSULIN,1289.5,11.9,113.1,1390.7,9,8,150
03/04/2026,Cainta,35,1CC/3CC,1916.6,3.5,0.0,1913.1,10,14,50
03/04/2026,Cainta,35,5CC/10CC,2825.0,3.6,0.0,2821.4,22,18,50
03/04/2026,Cainta,35,CETIRIZINE,4122.8,6.3,0.0,4116.5,19,25,100
03/04/2026,Cainta,35,G23,1447.0,1.7,0.0,1445.3,22,26,50
03/04/2026,Cainta,35,G27,1248.1,1.8,0.0,1246.3,15,20,50
03/04/2026,Cainta,35,GAUZE PAD,303.1,3.4,0.0,299.7,15,17,50
03/04/2026,Cainta,35,COTTON BALLS,2807.5,19.8,277.4,3065.1,14,18,240
03/04/2026,Cainta,35,BETADINE,18.7,0.2,0.0,18.5,17,21,50
03/04/2026,Cainta,35,ALCOHOL,13.5,0.2,1.0,14.3,14,16,50
03/04/2026,Cainta,35,FACEMASK,1292.0,6.0,0.0,1286.0,19,19,100
03/04/2026,Cainta,35,GLOVES,1628.0,8.5,0.0,1619.5,20,16,100
03/04/2026,Cainta,35,MICROPRE,110.2,1.7,0.0,108.5,21,20,50
03/04/2026,Cainta,35,STERILE WATER,106.9,1.1,0.0,105.8,12,16,50
03/04/2026,Cainta,35,REF THERMOMETER,2.9,0.3,0.0,2.6,16,15,50
03/04/2026,Cainta,35,ACRYLIC CONTAINERS,39.7,0.7,0.0,39.0,12,15,50
03/04/2026,Cainta,35,COOLER,9.4,0.2,0.0,9.2,9,10,50
03/04/2026,Cainta,35,KIDNEY BASIN,28.5,0.7,0.0,27.8,19,19,50
03/04/2026,Cainta,35,WEIGHING SCALE,2.8,0.2,0.0,2.6,16,22,50
03/04/2026,Cainta,35,FORCEPS,13.0,0.7,0.0,12.3,19,16,50
03/04/2026,Cainta,35,BETADINE CONTAINER,14.6,0.4,0.0,14.2,10,11,50
03/04/2026,Cainta,35,ALCOHOL PUMP CONTAINER,8.0,0.3,0.0,7.7,23,25,50
04/04/2026,Cainta,99,SPEEDA,2141.3,14.1,76.0,2203.2,64,54,70
04/04/2026,Cainta,99,ABHAYRAB,317.0,5.0,0.0,312.0,43,40,50
04/04/2026,Cainta,99,VAXIRAB,203.4,5.3,0.0,198.1,59,72,50
04/04/2026,Cainta,99,CHIRORAB,18.0,4.9,0.0,13.1,34,29,50
04/04/2026,Cainta,99,ERIG,14.1,4.0,17.4,27.5,54,69,50
04/04/2026,Cainta,99,HRIG,13.5,2.0,0.0,11.5,60,71,50
04/04/2026,Cainta,99,"ATS 1,500 ""IU""",31.6,2.0,0.0,29.6,57,49,50
04/04/2026,Cainta,99,"ATS 3000 ""IU""",128.6,1.9,0.0,126.7,57,55,50
04/04/2026,Cainta,99,"ATS 5,000 ""IU""",10.8,2.0,0.0,8.8,43,38,50
04/04/2026,Cainta,99,HTIG,3.0,1.0,5.2,7.2,57,73,50
04/04/2026,Cainta,99,TOXOID BETT,2870.1,8.7,0.0,2861.4,52,58,50
04/04/2026,Cainta,99,TOXOID ABHAYTOX,184.5,2.0,0.0,182.5,30,24,50
04/04/2026,Cainta,99,PPD,20.9,0.5,0.0,20.4,29,33,50
04/04/2026,Cainta,99,HEPA B,4.7,2.0,0.0,2.7,55,60,50
04/04/2026,Cainta,99,HEPA BIG,21.6,2.0,0.0,19.6,50,59,50
04/04/2026,Cainta,99,FLU,1.4,1.0,0.0,0.4,45,37,50
04/04/2026,Cainta,99,AMOXICILLIN 500MG,2949.8,28.6,0.0,2921.2,61,50,140
04/04/2026,Cainta,99,CEFALEXIN 500 MG,6661.9,20.8,285.4,6926.5,51,51,100
04/04/2026,Cainta,99,MEFENAMIC 500 MG,4901.7,22.9,0.0,4878.8,40,49,120
04/04/2026,Cainta,99,INSULIN,1390.7,31.0,193.7,1553.4,41,49,150
04/04/2026,Cainta,99,1CC/3CC,1913.1,9.8,0.0,1903.3,49,47,50
04/04/2026,Cainta,99,5CC/10CC,2821.4,9.7,0.0,2811.7,55,51,50
04/04/2026,Cainta,99,CETIRIZINE,4116.5,23.7,205.2,4298.0,47,57,100
04/04/2026,Cainta,99,G23,1445.3,5.1,0.0,1440.2,45,37,50
04/04/2026,Cainta,99,G27,1246.3,5.0,0.0,1241.3,54,61,50
04/04/2026,Cainta,99,GAUZE PAD,299.7,8.8,0.0,290.9,53,56,50
04/04/2026,Cainta,99,COTTON BALLS,3065.1,46.1,0.0,3019.0,58,55,240
04/04/2026,Cainta,99,BETADINE,18.5,0.5,0.0,18.0,27,30,50
04/04/2026,Cainta,99,ALCOHOL,14.3,0.5,0.0,13.8,55,51,50
04/04/2026,Cainta,99,FACEMASK,1286.0,22.1,0.0,1263.9,45,51,100
04/04/2026,Cainta,99,GLOVES,1619.5,22.9,0.0,1596.6,28,25,100
04/04/2026,Cainta,99,MICROPRE,108.5,5.0,0.0,103.5,52,54,50
04/04/2026,Cainta,99,STERILE WATER,105.8,2.9,0.0,102.9,53,59,50
04/04/2026,Cainta,99,REF THERMOMETER,2.6,1.0,0.0,1.6,45,37,50
04/04/2026,Cainta,99,ACRYLIC CONTAINERS,39.0,2.0,0.0,37.0,56,65,50
04/04/2026,Cainta,99,COOLER,9.2,0.5,0.0,8.7,37,46,50
04/04/2026,Cainta,99,KIDNEY BASIN,27.8,2.0,0.0,25.8,33,45,50
04/04/2026,Cainta,99,WEIGHING SCALE,2.6,0.5,0.0,2.1,39,36,50
04/04/2026,Cainta,99,FORCEPS,12.3,2.0,0.0,10.3,41,38,50
04/04/2026,Cainta,99,BETADINE CONTAINER,14.2,1.0,0.0,13.2,52,51,50
04/04/2026,Cainta,99,ALCOHOL PUMP CONTAINER,7.7,1.0,0.0,6.7,58,77,50
05/04/2026,Cainta,23,SPEEDA,2203.2,3.2,196.4,2396.4,12,13,70
05/04/2026,Cainta,23,ABHAYRAB,312.0,1.2,0.0,310.8,7,7,50
05/04/2026,Cainta,23,VAXIRAB,198.1,1.1,0.0,197.0,9,11,50
05/04/2026,Cainta,23,CHIRORAB,13.1,1.1,0.0,12.0,7,6,50
05/04/2026,Cainta,23,ERIG,27.5,0.9,0.0,26.6,12,14,50
05/04/2026,Cainta,23,HRIG,11.5,0.5,0.0,11.0,8,9,50
05/04/2026,Cainta,23,"ATS 1,500 ""IU""",29.6,0.5,0.0,29.1,11,13,50
05/04/2026,Cainta,23,"ATS 3000 ""IU""",126.7,0.5,0.0,126.2,13,16,50
05/04/2026,Cainta,23,"ATS 5,000 ""IU""",8.8,0.5,0.0,8.3,12,12,50
05/04/2026,Cainta,23,HTIG,7.2,0.2,0.0,7.0,8,9,50
05/04/2026,Cainta,23,TOXOID BETT,2861.4,2.2,0.0,2859.2,9,10,50
05/04/2026,Cainta,23,TOXOID ABHAYTOX,182.5,0.5,0.0,182.0,12,11,50
05/04/2026,Cainta,23,PPD,20.4,0.1,0.0,20.3,11,15,50
05/04/2026,Cainta,23,HEPA B,2.7,0.5,0.0,2.2,7,9,50
05/04/2026,Cainta,23,HEPA BIG,19.6,0.5,0.0,19.1,14,19,50
05/04/2026,Cainta,23,FLU,0.4,0.2,0.0,0.2,10,12,50
05/04/2026,Cainta,23,AMOXICILLIN 500MG,2921.2,5.7,0.0,2915.5,10,9,140
05/04/2026,Cainta,23,CEFALEXIN 500 MG,6926.5,4.3,379.3,7301.5,8,8,100
05/04/2026,Cainta,23,MEFENAMIC 500 MG,4878.8,6.0,0.0,4872.8,9,9,120
05/04/2026,Cainta,23,INSULIN,1553.4,5.8,0.0,1547.6,9,7,150
05/04/2026,Cainta,23,1CC/3CC,1903.3,2.1,0.0,1901.2,8,8,50
05/04/2026,Cainta,23,5CC/10CC,2811.7,2.1,0.0,2809.6,11,11,50
05/04/2026,Cainta,23,CETIRIZINE,4298.0,4.9,0.0,4293.1,10,8,100
05/04/2026,Cainta,23,G23,1440.2,1.1,0.0,1439.1,14,18,50
05/04/2026,Cainta,23,G27,1241.3,1.3,0.0,1240.0,14,12,50
05/04/2026,Cainta,23,GAUZE PAD,290.9,2.2,30.2,318.9,8,9,50
05/04/2026,Cainta,23,COTTON BALLS,3019.0,9.6,0.0,3009.4,7,9,240
05/04/2026,Cainta,23,BETADINE,18.0,0.1,0.0,17.9,13,15,50
05/04/2026,Cainta,23,ALCOHOL,13.8,0.1,0.0,13.7,15,14,50
05/04/2026,Cainta,23,FACEMASK,1263.9,4.4,183.8,1443.3,14,16,100
05/04/2026,Cainta,23,GLOVES,1596.6,4.9,76.9,1668.6,6,8,100
05/04/2026,Cainta,23,MICROPRE,103.5,1.1,0.0,102.4,8,11,50
05/04/2026,Cainta,23,STERILE WATER,102.9,0.7,0.0,102.2,6,6,50
05/04/2026,Cainta,23,REF THERMOMETER,1.6,0.2,0.0,1.4,13,11,50
05/04/2026,Cainta,23,ACRYLIC CONTAINERS,37.0,0.4,0.0,36.6,11,13,50
05/04/2026,Cainta,23,COOLER,8.7,0.1,0.0,8.6,10,9,50
05/04/2026,Cainta,23,KIDNEY BASIN,25.8,0.5,0.0,25.3,11,14,50
05/04/2026,Cainta,23,WEIGHING SCALE,2.1,0.1,0.0,2.0,8,10,50
05/04/2026,Cainta,23,FORCEPS,10.3,0.5,0.0,9.8,11,14,50
05/04/2026,Cainta,23,BETADINE CONTAINER,13.2,0.2,0.0,13.0,6,8,50
05/04/2026,Cainta,23,ALCOHOL PUMP CONTAINER,6.7,0.2,0.0,6.5,12,14,50
06/04/2026,Cainta,68,SPEEDA,2396.4,8.8,0.0,2387.6,37,50,70
06/04/2026,Cainta,68,ABHAYRAB,310.8,3.3,0.0,307.5,35,41,50
06/04/2026,Cainta,68,VAXIRAB,197.0,3.3,0.0,193.7,26,24,50
06/04/2026,Cainta,68,CHIRORAB,12.0,3.3,0.0,8.7,39,50,50
06/04/2026,Cainta,68,ERIG,26.6,2.7,0.0,23.9,36,44,50
06/04/2026,Cainta,68,HRIG,11.0,1.4,0.0,9.6,20,28,50
06/04/2026,Cainta,68,"ATS 1,500 ""IU""",29.1,1.4,0.0,27.7,22,21,50
06/04/2026,Cainta,68,"ATS 3000 ""IU""",126.2,1.4,0.0,124.8,34,34,50
06/04/2026,Cainta,68,"ATS 5,000 ""IU""",8.3,1.4,0.0,6.9,25,32,50
06/04/2026,Cainta,68,HTIG,7.0,0.7,0.0,6.3,20,17,50
06/04/2026,Cainta,68,TOXOID BETT,2859.2,6.5,0.0,2852.7,21,25,50
06/04/2026,Cainta,68,TOXOID ABHAYTOX,182.0,1.4,0.0,180.6,22,25,50
06/04/2026,Cainta,68,PPD,20.3,0.3,0.0,20.0,30,27,50
06/04/2026,Cainta,68,HEPA B,2.2,1.3,0.0,0.9,34,31,50
06/04/2026,Cainta,68,HEPA BIG,19.1,1.4,0.0,17.7,22,28,50
06/04/2026,Cainta,68,FLU,0.2,0.7,19.5,19.0,36,29,50
06/04/2026,Cainta,68,AMOXICILLIN 500MG,2915.5,21.4,159.4,3053.5,25,31,140
06/04/2026,Cainta,68,CEFALEXIN 500 MG,7301.5,10.7,0.0,7290.8,25,31,100
06/04/2026,Cainta,68,MEFENAMIC 500 MG,4872.8,20.1,178.1,5030.8,23,27,120
06/04/2026,Cainta,68,INSULIN,1547.6,22.6,0.0,1525.0,38,40,150
06/04/2026,Cainta,68,1CC/3CC,1901.2,6.3,0.0,1894.9,43,35,50
06/04/2026,Cainta,68,5CC/10CC,2809.6,6.3,0.0,2803.3,30,38,50
06/04/2026,Cainta,68,CETIRIZINE,4293.1,16.1,0.0,4277.0,18,16,100
06/04/2026,Cainta,68,G23,1439.1,3.3,85.7,1521.5,24,23,50
06/04/2026,Cainta,68,G27,1240.0,3.3,0.0,1236.7,21,29,50
06/04/2026,Cainta,68,GAUZE PAD,318.9,6.1,0.0,312.8,40,39,50
06/04/2026,Cainta,68,COTTON BALLS,3009.4,31.7,0.0,2977.7,19,18,240
06/04/2026,Cainta,68,BETADINE,17.9,0.3,0.0,17.6,43,60,50
06/04/2026,Cainta,68,ALCOHOL,13.7,0.3,0.0,13.4,33,28,50
06/04/2026,Cainta,68,FACEMASK,1443.3,11.8,64.0,1495.5,31,28,100
06/04/2026,Cainta,68,GLOVES,1668.6,11.7,0.0,1656.9,40,43,100
06/04/2026,Cainta,68,MICROPRE,102.4,3.4,0.0,99.0,18,23,50
06/04/2026,Cainta,68,STERILE WATER,102.2,2.1,0.0,100.1,38,51,50
06/04/2026,Cainta,68,REF THERMOMETER,1.4,0.7,0.0,0.7,20,25,50
06/04/2026,Cainta,68,ACRYLIC CONTAINERS,36.6,1.4,0.0,35.2,40,55,50
06/04/2026,Cainta,68,COOLER,8.6,0.3,0.0,8.3,31,25,50
06/04/2026,Cainta,68,KIDNEY BASIN,25.3,1.4,0.0,23.9,19,22,50
06/04/2026,Cainta,68,WEIGHING SCALE,2.0,0.3,0.0,1.7,40,35,50
06/04/2026,Cainta,68,FORCEPS,9.8,1.3,0.0,8.5,18,24,50
06/04/2026,Cainta,68,BETADINE CONTAINER,13.0,0.7,0.0,12.3,21,29,50
06/04/2026,Cainta,68,ALCOHOL PUMP CONTAINER,6.5,0.7,0.0,5.8,39,38,50
07/04/2026,Cainta,58,SPEEDA,2387.6,8.1,0.0,2379.5,25,32,70
07/04/2026,Cainta,58,ABHAYRAB,307.5,2.9,0.0,304.6,35,41,50
07/04/2026,Cainta,58,VAXIRAB,193.7,2.9,0.0,190.8,29,25,50
07/04/2026,Cainta,58,CHIRORAB,8.7,2.7,23.1,29.1,29,34,50
07/04/2026,Cainta,58,ERIG,23.9,2.4,0.0,21.5,21,29,50
07/04/2026,Cainta,58,HRIG,9.6,1.1,0.0,8.5,18,18,50
07/04/2026,Cainta,58,"ATS 1,500 ""IU""",27.7,1.2,0.0,26.5,37,30,50
07/04/2026,Cainta,58,"ATS 3000 ""IU""",124.8,1.2,0.0,123.6,17,24,50
07/04/2026,Cainta,58,"ATS 5,000 ""IU""",6.9,1.2,0.0,5.7,27,28,50
07/04/2026,Cainta,58,HTIG,6.3,0.6,0.0,5.7,21,22,50
07/04/2026,Cainta,58,TOXOID BETT,2852.7,5.7,0.0,2847.0,21,26,50
07/04/2026,Cainta,58,TOXOID ABHAYTOX,180.6,1.1,28.4,207.9,28,33,50
07/04/2026,Cainta,58,PPD,20.0,0.3,0.0,19.7,33,32,50
07/04/2026,Cainta,58,HEPA B,0.9,1.1,13.2,13.0,33,28,50
07/04/2026,Cainta,58,HEPA BIG,17.7,1.2,0.0,16.5,35,45,50
07/04/2026,Cainta,58,FLU,19.0,0.6,19.7,38.1,21,23,50
07/04/2026,Cainta,58,AMOXICILLIN 500MG,3053.5,21.0,0.0,3032.5,25,30,140
07/04/2026,Cainta,58,CEFALEXIN 500 MG,7290.8,11.8,0.0,7279.0,15,20,100
07/04/2026,Cainta,58,MEFENAMIC 500 MG,5030.8,15.7,0.0,5015.1,32,26,120
07/04/2026,Cainta,58,INSULIN,1525.0,17.6,0.0,1507.4,22,29,150
07/04/2026,Cainta,58,1CC/3CC,1894.9,5.3,0.0,1889.6,28,35,50
07/04/2026,Cainta,58,5CC/10CC,2803.3,5.6,0.0,2797.7,18,25,50
07/04/2026,Cainta,58,CETIRIZINE,4277.0,12.4,0.0,4264.6,34,32,100
07/04/2026,Cainta,58,G23,1521.5,2.9,0.0,1518.6,33,33,50
07/04/2026,Cainta,58,G27,1236.7,3.0,114.4,1348.1,35,42,50
07/04/2026,Cainta,58,GAUZE PAD,312.8,5.9,0.0,306.9,16,22,50
07/04/2026,Cainta,58,COTTON BALLS,2977.7,23.9,128.3,3082.1,38,53,240
07/04/2026,Cainta,58,BETADINE,17.6,0.3,0.0,17.3,20,21,50
07/04/2026,Cainta,58,ALCOHOL,13.4,0.3,0.0,13.1,22,25,50
07/04/2026,Cainta,58,FACEMASK,1495.5,9.2,0.0,1486.3,20,18,100
07/04/2026,Cainta,58,GLOVES,1656.9,13.7,0.0,1643.2,21,26,100
07/04/2026,Cainta,58,MICROPRE,99.0,2.9,0.0,96.1,27,35,50
07/04/2026,Cainta,58,STERILE WATER,100.1,1.8,0.0,98.3,20,26,50
07/04/2026,Cainta,58,REF THERMOMETER,0.7,0.6,0.0,0.1,24,24,50
07/04/2026,Cainta,58,ACRYLIC CONTAINERS,35.2,1.2,0.0,34.0,30,41,50
07/04/2026,Cainta,58,COOLER,8.3,0.3,0.0,8.0,34,30,50
07/04/2026,Cainta,58,KIDNEY BASIN,23.9,1.1,0.0,22.8,31,34,50
07/04/2026,Cainta,58,WEIGHING SCALE,1.7,0.3,0.0,1.4,28,32,50
07/04/2026,Cainta,58,FORCEPS,8.5,1.2,0.0,7.3,18,20,50
07/04/2026,Cainta,58,BETADINE CONTAINER,12.3,0.6,0.0,11.7,33,41,50
07/04/2026,Cainta,58,ALCOHOL PUMP CONTAINER,5.8,0.6,0.0,5.2,15,17,50
08/04/2026,Cainta,67,SPEEDA,2379.5,10.7,0.0,2368.8,24,20,70
08/04/2026,Cainta,67,ABHAYRAB,304.6,3.3,0.0,301.3,18,16,50
08/04/2026,Cainta,67,VAXIRAB,190.8,3.5,0.0,187.3,35,39,50
08/04/2026,Cainta,67,CHIRORAB,29.1,3.2,0.0,25.9,27,33,50
08/04/2026,Cainta,67,ERIG,21.5,2.6,0.0,18.9,34,38,50
08/04/2026,Cainta,67,HRIG,8.5,1.3,0.0,7.2,26,26,50
08/04/2026,Cainta,67,"ATS 1,500 ""IU""",26.5,1.3,0.0,25.2,29,24,50
08/04/2026,Cainta,67,"ATS 3000 ""IU""",123.6,1.3,0.0,122.3,29,37,50
08/04/2026,Cainta,67,"ATS 5,000 ""IU""",5.7,1.4,0.0,4.3,18,20,50
08/04/2026,Cainta,67,HTIG,5.7,0.7,0.0,5.0,28,31,50
08/04/2026,Cainta,67,TOXOID BETT,2847.0,7.0,0.0,2840.0,34,37,50
08/04/2026,Cainta,67,TOXOID ABHAYTOX,207.9,1.3,0.0,206.6,31,30,50
08/04/2026,Cainta,67,PPD,19.7,0.3,0.0,19.4,19,18,50
08/04/2026,Cainta,67,HEPA B,13.0,1.3,0.0,11.7,35,29,50
08/04/2026,Cainta,67,HEPA BIG,16.5,1.4,0.0,15.1,25,31,50
08/04/2026,Cainta,67,FLU,38.1,0.7,0.0,37.4,17,16,50
08/04/2026,Cainta,67,AMOXICILLIN 500MG,3032.5,27.6,0.0,3004.9,21,21,140
08/04/2026,Cainta,67,CEFALEXIN 500 MG,7279.0,13.4,0.0,7265.6,30,42,100
08/04/2026,Cainta,67,MEFENAMIC 500 MG,5015.1,14.2,254.0,5254.9,25,26,120
08/04/2026,Cainta,67,INSULIN,1507.4,24.7,0.0,1482.7,35,39,150
08/04/2026,Cainta,67,1CC/3CC,1889.6,6.7,0.0,1882.9,23,24,50
08/04/2026,Cainta,67,5CC/10CC,2797.7,7.0,0.0,2790.7,37,36,50
08/04/2026,Cainta,67,CETIRIZINE,4264.6,15.1,0.0,4249.5,24,19,100
08/04/2026,Cainta,67,G23,1518.6,3.4,0.0,1515.2,33,43,50
08/04/2026,Cainta,67,G27,1348.1,3.3,0.0,1344.8,38,41,50
08/04/2026,Cainta,67,GAUZE PAD,306.9,7.0,0.0,299.9,27,33,50
08/04/2026,Cainta,67,COTTON BALLS,3082.1,33.5,287.3,3335.9,18,25,240
08/04/2026,Cainta,67,BETADINE,17.3,0.3,0.0,17.0,31,25,50
08/04/2026,Cainta,67,ALCOHOL,13.1,0.3,0.0,12.8,43,52,50
08/04/2026,Cainta,67,FACEMASK,1486.3,14.0,0.0,1472.3,43,37,100
08/04/2026,Cainta,67,GLOVES,1643.2,12.6,0.0,1630.6,23,25,100
08/04/2026,Cainta,67,MICROPRE,96.1,3.5,0.0,92.6,37,48,50
08/04/2026,Cainta,67,STERILE WATER,98.3,2.0,0.0,96.3,26,22,50
08/04/2026,Cainta,67,REF THERMOMETER,0.1,0.7,18.6,18.0,21,29,50
08/04/2026,Cainta,67,ACRYLIC CONTAINERS,34.0,1.3,0.0,32.7,35,40,50
08/04/2026,Cainta,67,COOLER,8.0,0.3,0.0,7.7,30,31,50
08/04/2026,Cainta,67,KIDNEY BASIN,22.8,1.4,0.0,21.4,31,25,50
08/04/2026,Cainta,67,WEIGHING SCALE,1.4,0.3,0.0,1.1,39,45,50
08/04/2026,Cainta,67,FORCEPS,7.3,1.3,0.0,6.0,26,29,50
08/04/2026,Cainta,67,BETADINE CONTAINER,11.7,0.7,0.0,11.0,35,33,50
08/04/2026,Cainta,67,ALCOHOL PUMP CONTAINER,5.2,0.7,0.0,4.5,27,30,50
09/04/2026,Cainta,89,SPEEDA,2368.8,12.5,0.0,2356.3,24,19,70
09/04/2026,Cainta,89,ABHAYRAB,301.3,4.5,0.0,296.8,36,50,50
09/04/2026,Cainta,89,VAXIRAB,187.3,4.5,0.0,182.8,56,56,50
09/04/2026,Cainta,89,CHIRORAB,25.9,4.4,0.0,21.5,39,42,50
09/04/2026,Cainta,89,ERIG,18.9,3.6,0.0,15.3,26,33,50
09/04/2026,Cainta,89,HRIG,7.2,1.8,16.1,21.5,47,58,50
09/04/2026,Cainta,89,"ATS 1,500 ""IU""",25.2,1.8,0.0,23.4,57,76,50
09/04/2026,Cainta,89,"ATS 3000 ""IU""",122.3,1.8,0.0,120.5,55,75,50
09/04/2026,Cainta,89,"ATS 5,000 ""IU""",4.3,1.8,0.0,2.5,43,39,50
09/04/2026,Cainta,89,HTIG,5.0,0.9,9.2,13.3,36,37,50
09/04/2026,Cainta,89,TOXOID BETT,2840.0,9.4,0.0,2830.6,43,52,50
09/04/2026,Cainta,89,TOXOID ABHAYTOX,206.6,1.8,0.0,204.8,51,42,50
09/04/2026,Cainta,89,PPD,19.4,0.4,0.0,19.0,53,65,50
09/04/2026,Cainta,89,HEPA B,11.7,1.8,0.0,9.9,51,41,50
09/04/2026,Cainta,89,HEPA BIG,15.1,1.8,0.0,13.3,38,51,50
09/04/2026,Cainta,89,FLU,37.4,0.9,0.0,36.5,26,32,50
09/04/2026,Cainta,89,AMOXICILLIN 500MG,3004.9,23.2,0.0,2981.7,43,49,140
09/04/2026,Cainta,89,CEFALEXIN 500 MG,7265.6,16.9,0.0,7248.7,28,30,100
09/04/2026,Cainta,89,MEFENAMIC 500 MG,5254.9,21.7,0.0,5233.2,24,33,120
09/04/2026,Cainta,89,INSULIN,1482.7,30.3,0.0,1452.4,40,50,150
09/04/2026,Cainta,89,1CC/3CC,1882.9,8.8,197.3,2071.4,46,59,50
09/04/2026,Cainta,89,5CC/10CC,2790.7,8.2,0.0,2782.5,53,69,50
09/04/2026,Cainta,89,CETIRIZINE,4249.5,19.9,0.0,4229.6,50,41,100
09/04/2026,Cainta,89,G23,1515.2,4.3,0.0,1510.9,53,44,50
09/04/2026,Cainta,89,G27,1344.8,4.4,89.5,1429.9,49,45,50
09/04/2026,Cainta,89,GAUZE PAD,299.9,9.1,36.2,327.0,47,56,50
09/04/2026,Cainta,89,COTTON BALLS,3335.9,46.3,0.0,3289.6,23,27,240
09/04/2026,Cainta,89,BETADINE,17.0,0.4,0.0,16.6,45,45,50
09/04/2026,Cainta,89,ALCOHOL,12.8,0.4,0.0,12.4,27,37,50
09/04/2026,Cainta,89,FACEMASK,1472.3,16.3,0.0,1456.0,24,21,100
09/04/2026,Cainta,89,GLOVES,1630.6,22.1,0.0,1608.5,28,35,100
09/04/2026,Cainta,89,MICROPRE,92.6,4.5,0.0,88.1,52,57,50
09/04/2026,Cainta,89,STERILE WATER,96.3,2.7,0.0,93.6,49,52,50
09/04/2026,Cainta,89,REF THERMOMETER,18.0,0.9,0.0,17.1,56,46,50
09/04/2026,Cainta,89,ACRYLIC CONTAINERS,32.7,1.8,0.0,30.9,57,70,50
09/04/2026,Cainta,89,COOLER,7.7,0.4,0.0,7.3,54,68,50
09/04/2026,Cainta,89,KIDNEY BASIN,21.4,1.8,0.0,19.6,27,27,50
09/04/2026,Cainta,89,WEIGHING SCALE,1.1,0.4,0.0,0.7,54,60,50
09/04/2026,Cainta,89,FORCEPS,6.0,1.8,0.0,4.2,52,61,50
09/04/2026,Cainta,89,BETADINE CONTAINER,11.0,0.9,0.0,10.1,53,54,50
09/04/2026,Cainta,89,ALCOHOL PUMP CONTAINER,4.5,0.9,0.0,3.6,28,33,50
10/04/2026,Cainta,7,SPEEDA,2356.3,0.9,0.0,2355.4,2,2,70
10/04/2026,Cainta,7,ABHAYRAB,296.8,0.3,0.0,296.5,4,5,50
10/04/2026,Cainta,7,VAXIRAB,182.8,0.3,29.2,211.7,2,2,50
10/04/2026,Cainta,7,CHIRORAB,21.5,0.3,0.0,21.2,3,3,50
10/04/2026,Cainta,7,ERIG,15.3,0.3,0.0,15.0,3,4,50
10/04/2026,Cainta,7,HRIG,21.5,0.1,0.0,21.4,2,2,50
10/04/2026,Cainta,7,"ATS 1,500 ""IU""",23.4,0.1,0.0,23.3,2,3,50
10/04/2026,Cainta,7,"ATS 3000 ""IU""",120.5,0.1,0.0,120.4,5,6,50
10/04/2026,Cainta,7,"ATS 5,000 ""IU""",2.5,0.1,0.0,2.4,4,3,50
10/04/2026,Cainta,7,HTIG,13.3,0.1,0.0,13.2,4,5,50
10/04/2026,Cainta,7,TOXOID BETT,2830.6,0.6,113.3,2943.3,3,3,50
10/04/2026,Cainta,7,TOXOID ABHAYTOX,204.8,0.1,0.0,204.7,2,3,50
10/04/2026,Cainta,7,PPD,19.0,0.0,0.0,19.0,3,4,50
10/04/2026,Cainta,7,HEPA B,9.9,0.1,0.0,9.8,3,4,50
10/04/2026,Cainta,7,HEPA BIG,13.3,0.1,0.0,13.2,2,2,50
10/04/2026,Cainta,7,FLU,36.5,0.1,0.0,36.4,4,5,50
10/04/2026,Cainta,7,AMOXICILLIN 500MG,2981.7,2.0,279.8,3259.5,5,5,140
10/04/2026,Cainta,7,CEFALEXIN 500 MG,7248.7,1.4,0.0,7247.3,3,3,100
10/04/2026,Cainta,7,MEFENAMIC 500 MG,5233.2,1.7,0.0,5231.5,3,4,120
10/04/2026,Cainta,7,INSULIN,1452.4,2.1,0.0,1450.3,3,3,150
10/04/2026,Cainta,7,1CC/3CC,2071.4,0.8,0.0,2070.6,2,2,50
10/04/2026,Cainta,7,5CC/10CC,2782.5,0.7,0.0,2781.8,2,2,50
10/04/2026,Cainta,7,CETIRIZINE,4229.6,1.3,269.5,4497.8,3,4,100
10/04/2026,Cainta,7,G23,1510.9,0.4,0.0,1510.5,3,4,50
10/04/2026,Cainta,7,G27,1429.9,0.4,0.0,1429.5,3,3,50
10/04/2026,Cainta,7,GAUZE PAD,327.0,0.7,0.0,326.3,4,4,50
10/04/2026,Cainta,7,COTTON BALLS,3289.6,4.2,0.0,3285.4,2,3,240
10/04/2026,Cainta,7,BETADINE,16.6,0.0,0.0,16.6,2,2,50
10/04/2026,Cainta,7,ALCOHOL,12.4,0.0,0.0,12.4,2,3,50
10/04/2026,Cainta,7,FACEMASK,1456.0,1.4,110.0,1564.6,2,3,100
10/04/2026,Cainta,7,GLOVES,1608.5,1.6,0.0,1606.9,3,4,100
10/04/2026,Cainta,7,MICROPRE,88.1,0.4,0.0,87.7,4,3,50
10/04/2026,Cainta,7,STERILE WATER,93.6,0.2,0.0,93.4,4,5,50
10/04/2026,Cainta,7,REF THERMOMETER,17.1,0.1,0.0,17.0,4,6,50
10/04/2026,Cainta,7,ACRYLIC CONTAINERS,30.9,0.1,0.0,30.8,3,3,50
10/04/2026,Cainta,7,COOLER,7.3,0.0,0.0,7.3,2,3,50
10/04/2026,Cainta,7,KIDNEY BASIN,19.6,0.1,0.0,19.5,3,3,50
10/04/2026,Cainta,7,WEIGHING SCALE,0.7,0.0,2.2,2.9,3,4,50
10/04/2026,Cainta,7,FORCEPS,4.2,0.1,0.0,4.1,4,5,50
10/04/2026,Cainta,7,BETADINE CONTAINER,10.1,0.1,0.0,10.0,3,3,50
10/04/2026,Cainta,7,ALCOHOL PUMP CONTAINER,3.6,0.1,0.0,3.5,2,2,50
11/04/2026,Cainta,65,SPEEDA,2355.4,10.5,143.4,2488.3,24,20,70
11/04/2026,Cainta,65,ABHAYRAB,296.5,3.2,0.0,293.3,20,21,50
11/04/2026,Cainta,65,VAXIRAB,211.7,3.3,0.0,208.4,40,54,50
11/04/2026,Cainta,65,CHIRORAB,21.2,3.1,0.0,18.1,18,17,50
11/04/2026,Cainta,65,ERIG,15.0,2.6,0.0,12.4,17,23,50
11/04/2026,Cainta,65,HRIG,21.4,1.3,0.0,20.1,21,18,50
11/04/2026,Cainta,65,"ATS 1,500 ""IU""",23.3,1.3,0.0,22.0,37,44,50
11/04/2026,Cainta,65,"ATS 3000 ""IU""",120.4,1.3,0.0,119.1,30,41,50
11/04/2026,Cainta,65,"ATS 5,000 ""IU""",2.4,1.3,0.0,1.1,33,39,50
11/04/2026,Cainta,65,HTIG,13.2,0.6,0.0,12.6,26,35,50
11/04/2026,Cainta,65,TOXOID BETT,2943.3,6.1,0.0,2937.2,18,25,50
11/04/2026,Cainta,65,TOXOID ABHAYTOX,204.7,1.3,0.0,203.4,39,46,50
11/04/2026,Cainta,65,PPD,19.0,0.3,0.0,18.7,21,27,50
11/04/2026,Cainta,65,HEPA B,9.8,1.3,0.0,8.5,17,14,50
11/04/2026,Cainta,65,HEPA BIG,13.2,1.3,0.0,11.9,31,33,50
11/04/2026,Cainta,65,FLU,36.4,0.7,0.0,35.7,18,18,50
11/04/2026,Cainta,65,AMOXICILLIN 500MG,3259.5,19.2,0.0,3240.3,19,25,140
11/04/2026,Cainta,65,CEFALEXIN 500 MG,7247.3,12.6,0.0,7234.7,37,45,100
11/04/2026,Cainta,65,MEFENAMIC 500 MG,5231.5,15.7,0.0,5215.8,29,34,120
11/04/2026,Cainta,65,INSULIN,1450.3,15.5,0.0,1434.8,23,31,150
11/04/2026,Cainta,65,1CC/3CC,2070.6,6.6,0.0,2064.0,25,21,50
11/04/2026,Cainta,65,5CC/10CC,2781.8,6.5,0.0,2775.3,35,48,50
11/04/2026,Cainta,65,CETIRIZINE,4497.8,14.0,0.0,4483.8,18,15,100
11/04/2026,Cainta,65,G23,1510.5,3.3,0.0,1507.2,19,19,50
11/04/2026,Cainta,65,G27,1429.5,3.2,0.0,1426.3,32,38,50
11/04/2026,Cainta,65,GAUZE PAD,326.3,6.2,0.0,320.1,32,32,50
11/04/2026,Cainta,65,COTTON BALLS,3285.4,33.0,0.0,3252.4,42,51,240
11/04/2026,Cainta,65,BETADINE,16.6,0.3,0.0,16.3,26,33,50
11/04/2026,Cainta,65,ALCOHOL,12.4,0.3,0.0,12.1,18,23,50
11/04/2026,Cainta,65,FACEMASK,1564.6,13.1,0.0,1551.5,30,27,100
11/04/2026,Cainta,65,GLOVES,1606.9,13.3,0.0,1593.6,33,30,100
11/04/2026,Cainta,65,MICROPRE,87.7,3.2,0.0,84.5,20,17,50
11/04/2026,Cainta,65,STERILE WATER,93.4,1.9,0.0,91.5,31,34,50
11/04/2026,Cainta,65,REF THERMOMETER,17.0,0.7,0.0,16.3,21,19,50
11/04/2026,Cainta,65,ACRYLIC CONTAINERS,30.8,1.3,0.0,29.5,38,38,50
11/04/2026,Cainta,65,COOLER,7.3,0.3,0.0,7.0,38,50,50
11/04/2026,Cainta,65,KIDNEY BASIN,19.5,1.3,0.0,18.2,27,37,50
11/04/2026,Cainta,65,WEIGHING SCALE,2.9,0.3,0.0,2.6,41,53,50
11/04/2026,Cainta,65,FORCEPS,4.1,1.3,0.0,2.8,42,34,50
11/04/2026,Cainta,65,BETADINE CONTAINER,10.0,0.6,0.0,9.4,20,23,50
11/04/2026,Cainta,65,ALCOHOL PUMP CONTAINER,3.5,0.7,0.0,2.8,26,23,50
12/04/2026,Cainta,27,SPEEDA,2488.3,3.8,0.0,2484.5,13,13,70
12/04/2026,Cainta,27,ABHAYRAB,293.3,1.4,0.0,291.9,8,8,50
12/04/2026,Cainta,27,VAXIRAB,208.4,1.3,12.5,219.6,11,15,50
12/04/2026,Cainta,27,CHIRORAB,18.1,1.4,0.0,16.7,10,12,50
12/04/2026,Cainta,27,ERIG,12.4,1.1,0.0,11.3,17,16,50
12/04/2026,Cainta,27,HRIG,20.1,0.5,0.0,19.6,11,13,50
12/04/2026,Cainta,27,"ATS 1,500 ""IU""",22.0,0.5,0.0,21.5,15,21,50
12/04/2026,Cainta,27,"ATS 3000 ""IU""",119.1,0.5,0.0,118.6,11,9,50
12/04/2026,Cainta,27,"ATS 5,000 ""IU""",1.1,0.5,0.0,0.6,8,10,50
12/04/2026,Cainta,27,HTIG,12.6,0.3,0.0,12.3,16,15,50
12/04/2026,Cainta,27,TOXOID BETT,2937.2,2.7,181.7,3116.2,7,6,50
12/04/2026,Cainta,27,TOXOID ABHAYTOX,203.4,0.5,0.0,202.9,7,9,50
12/04/2026,Cainta,27,PPD,18.7,0.1,0.0,18.6,11,9,50
12/04/2026,Cainta,27,HEPA B,8.5,0.5,0.0,8.0,14,17,50
12/04/2026,Cainta,27,HEPA BIG,11.9,0.5,0.0,11.4,10,9,50
12/04/2026,Cainta,27,FLU,35.7,0.3,0.0,35.4,7,8,50
12/04/2026,Cainta,27,AMOXICILLIN 500MG,3240.3,7.2,0.0,3233.1,10,12,140
12/04/2026,Cainta,27,CEFALEXIN 500 MG,7234.7,6.1,0.0,7228.6,9,12,100
12/04/2026,Cainta,27,MEFENAMIC 500 MG,5215.8,8.1,0.0,5207.7,7,9,120
12/04/2026,Cainta,27,INSULIN,1434.8,7.2,0.0,1427.6,13,16,150
12/04/2026,Cainta,27,1CC/3CC,2064.0,2.5,0.0,2061.5,8,8,50
12/04/2026,Cainta,27,5CC/10CC,2775.3,2.7,65.9,2838.5,10,9,50
12/04/2026,Cainta,27,CETIRIZINE,4483.8,5.1,0.0,4478.7,14,17,100
12/04/2026,Cainta,27,G23,1507.2,1.4,0.0,1505.8,15,16,50
12/04/2026,Cainta,27,G27,1426.3,1.4,0.0,1424.9,10,8,50
12/04/2026,Cainta,27,GAUZE PAD,320.1,2.6,0.0,317.5,10,14,50
12/04/2026,Cainta,27,COTTON BALLS,3252.4,10.7,142.2,3383.9,9,9,240
12/04/2026,Cainta,27,BETADINE,16.3,0.1,0.0,16.2,17,14,50
12/04/2026,Cainta,27,ALCOHOL,12.1,0.1,0.0,12.0,9,12,50
12/04/2026,Cainta,27,FACEMASK,1551.5,5.4,0.0,1546.1,9,10,100
12/04/2026,Cainta,27,GLOVES,1593.6,5.9,0.0,1587.7,12,15,100
12/04/2026,Cainta,27,MICROPRE,84.5,1.3,0.0,83.2,9,8,50
12/04/2026,Cainta,27,STERILE WATER,91.5,0.8,0.0,90.7,8,8,50
12/04/2026,Cainta,27,REF THERMOMETER,16.3,0.3,0.0,16.0,8,9,50
12/04/2026,Cainta,27,ACRYLIC CONTAINERS,29.5,0.5,0.0,29.0,14,13,50
12/04/2026,Cainta,27,COOLER,7.0,0.1,0.0,6.9,13,16,50
12/04/2026,Cainta,27,KIDNEY BASIN,18.2,0.5,0.0,17.7,14,13,50
12/04/2026,Cainta,27,WEIGHING SCALE,2.6,0.1,0.0,2.5,15,14,50
12/04/2026,Cainta,27,FORCEPS,2.8,0.5,0.0,2.3,10,8,50
12/04/2026,Cainta,27,BETADINE CONTAINER,9.4,0.3,0.0,9.1,17,16,50
12/04/2026,Cainta,27,ALCOHOL PUMP CONTAINER,2.8,0.3,0.0,2.5,15,14,50
13/04/2026,Cainta,58,SPEEDA,2484.5,10.1,0.0,2474.4,33,42,70
13/04/2026,Cainta,58,ABHAYRAB,291.9,2.8,43.4,332.5,31,35,50
13/04/2026,Cainta,58,VAXIRAB,219.6,2.8,0.0,216.8,23,21,50
13/04/2026,Cainta,58,CHIRORAB,16.7,2.8,0.0,13.9,21,24,50
13/04/2026,Cainta,58,ERIG,11.3,2.4,0.0,8.9,24,22,50
13/04/2026,Cainta,58,HRIG,19.6,1.2,0.0,18.4,17,18,50
13/04/2026,Cainta,58,"ATS 1,500 ""IU""",21.5,1.2,0.0,20.3,25,33,50
13/04/2026,Cainta,58,"ATS 3000 ""IU""",118.6,1.1,0.0,117.5,16,20,50
13/04/2026,Cainta,58,"ATS 5,000 ""IU""",0.6,1.2,12.6,12.0,15,18,50
13/04/2026,Cainta,58,HTIG,12.3,0.6,0.0,11.7,36,35,50
13/04/2026,Cainta,58,TOXOID BETT,3116.2,5.8,0.0,3110.4,30,26,50
13/04/2026,Cainta,58,TOXOID ABHAYTOX,202.9,1.2,0.0,201.7,28,35,50
13/04/2026,Cainta,58,PPD,18.6,0.3,0.0,18.3,22,25,50
13/04/2026,Cainta,58,HEPA B,8.0,1.1,0.0,6.9,28,33,50
13/04/2026,Cainta,58,HEPA BIG,11.4,1.2,0.0,10.2,35,48,50
13/04/2026,Cainta,58,FLU,35.4,0.6,0.0,34.8,30,30,50
13/04/2026,Cainta,58,AMOXICILLIN 500MG,3233.1,20.6,0.0,3212.5,28,36,140
13/04/2026,Cainta,58,CEFALEXIN 500 MG,7228.6,11.4,0.0,7217.2,25,28,100
13/04/2026,Cainta,58,MEFENAMIC 500 MG,5207.7,14.2,0.0,5193.5,23,22,120
13/04/2026,Cainta,58,INSULIN,1427.6,18.6,0.0,1409.0,31,26,150
13/04/2026,Cainta,58,1CC/3CC,2061.5,5.5,71.8,2127.8,37,43,50
13/04/2026,Cainta,58,5CC/10CC,2838.5,5.8,170.9,3003.6,24,23,50
13/04/2026,Cainta,58,CETIRIZINE,4478.7,11.2,0.0,4467.5,24,29,100
13/04/2026,Cainta,58,G23,1505.8,2.8,81.5,1584.5,24,29,50
13/04/2026,Cainta,58,G27,1424.9,2.9,0.0,1422.0,24,26,50
13/04/2026,Cainta,58,GAUZE PAD,317.5,5.7,12.5,324.3,37,42,50
13/04/2026,Cainta,58,COTTON BALLS,3383.9,28.1,0.0,3355.8,31,36,240
13/04/2026,Cainta,58,BETADINE,16.2,0.3,0.0,15.9,23,25,50
13/04/2026,Cainta,58,ALCOHOL,12.0,0.3,0.0,11.7,23,31,50
13/04/2026,Cainta,58,FACEMASK,1546.1,12.7,0.0,1533.4,24,20,100
13/04/2026,Cainta,58,GLOVES,1587.7,12.8,144.7,1719.6,15,21,100
13/04/2026,Cainta,58,MICROPRE,83.2,2.9,0.0,80.3,27,22,50
13/04/2026,Cainta,58,STERILE WATER,90.7,1.7,0.0,89.0,33,31,50
13/04/2026,Cainta,58,REF THERMOMETER,16.0,0.6,0.0,15.4,30,37,50
13/04/2026,Cainta,58,ACRYLIC CONTAINERS,29.0,1.2,0.0,27.8,19,16,50
13/04/2026,Cainta,58,COOLER,6.9,0.3,0.0,6.6,31,30,50
13/04/2026,Cainta,58,KIDNEY BASIN,17.7,1.2,0.0,16.5,31,28,50
13/04/2026,Cainta,58,WEIGHING SCALE,2.5,0.3,0.0,2.2,21,26,50
13/04/2026,Cainta,58,FORCEPS,2.3,1.2,0.0,1.1,29,33,50
13/04/2026,Cainta,58,BETADINE CONTAINER,9.1,0.6,0.0,8.5,29,24,50
13/04/2026,Cainta,58,ALCOHOL PUMP CONTAINER,2.5,0.6,0.0,1.9,34,37,50
14/04/2026,Cainta,6,SPEEDA,2474.4,0.8,0.0,2473.6,2,2,70
14/04/2026,Cainta,6,ABHAYRAB,332.5,0.3,0.0,332.2,2,3,50
14/04/2026,Cainta,6,VAXIRAB,216.8,0.3,0.0,216.5,3,3,50
14/04/2026,Cainta,6,CHIRORAB,13.9,0.3,0.0,13.6,2,2,50
14/04/2026,Cainta,6,ERIG,8.9,0.2,0.0,8.7,2,2,50
14/04/2026,Cainta,6,HRIG,18.4,0.1,0.0,18.3,3,3,50
14/04/2026,Cainta,6,"ATS 1,500 ""IU""",20.3,0.1,0.0,20.2,2,3,50
14/04/2026,Cainta,6,"ATS 3000 ""IU""",117.5,0.1,0.0,117.4,3,3,50
14/04/2026,Cainta,6,"ATS 5,000 ""IU""",12.0,0.1,0.0,11.9,4,5,50
14/04/2026,Cainta,6,HTIG,11.7,0.1,0.0,11.6,3,3,50
14/04/2026,Cainta,6,TOXOID BETT,3110.4,0.6,0.0,3109.8,3,4,50
14/04/2026,Cainta,6,TOXOID ABHAYTOX,201.7,0.1,0.0,201.6,3,3,50
14/04/2026,Cainta,6,PPD,18.3,0.0,0.0,18.3,2,2,50
14/04/2026,Cainta,6,HEPA B,6.9,0.1,0.0,6.8,2,2,50
14/04/2026,Cainta,6,HEPA BIG,10.2,0.1,0.0,10.1,3,3,50
14/04/2026,Cainta,6,FLU,34.8,0.1,0.0,34.7,2,3,50
14/04/2026,Cainta,6,AMOXICILLIN 500MG,3212.5,1.8,0.0,3210.7,2,3,140
14/04/2026,Cainta,6,CEFALEXIN 500 MG,7217.2,1.2,0.0,7216.0,2,2,100
14/04/2026,Cainta,6,MEFENAMIC 500 MG,5193.5,1.4,0.0,5192.1,4,4,120
14/04/2026,Cainta,6,INSULIN,1409.0,2.1,0.0,1406.9,2,2,150
14/04/2026,Cainta,6,1CC/3CC,2127.8,0.6,0.0,2127.2,3,3,50
14/04/2026,Cainta,6,5CC/10CC,3003.6,0.6,0.0,3003.0,2,2,50
14/04/2026,Cainta,6,CETIRIZINE,4467.5,1.1,0.0,4466.4,3,4,100
14/04/2026,Cainta,6,G23,1584.5,0.3,0.0,1584.2,2,2,50
14/04/2026,Cainta,6,G27,1422.0,0.3,0.0,1421.7,2,2,50
14/04/2026,Cainta,6,GAUZE PAD,324.3,0.6,0.0,323.7,3,3,50
14/04/2026,Cainta,6,COTTON BALLS,3355.8,2.4,0.0,3353.4,3,2,240
14/04/2026,Cainta,6,BETADINE,15.9,0.0,0.0,15.9,2,2,50
14/04/2026,Cainta,6,ALCOHOL,11.7,0.0,0.0,11.7,3,4,50
14/04/2026,Cainta,6,FACEMASK,1533.4,1.4,0.0,1532.0,3,4,100
14/04/2026,Cainta,6,GLOVES,1719.6,1.2,0.0,1718.4,2,2,100
14/04/2026,Cainta,6,MICROPRE,80.3,0.3,0.0,80.0,3,4,50
14/04/2026,Cainta,6,STERILE WATER,89.0,0.2,0.0,88.8,2,3,50
14/04/2026,Cainta,6,REF THERMOMETER,15.4,0.1,0.0,15.3,3,4,50
14/04/2026,Cainta,6,ACRYLIC CONTAINERS,27.8,0.1,0.0,27.7,2,3,50
14/04/2026,Cainta,6,COOLER,6.6,0.0,0.0,6.6,3,4,50
14/04/2026,Cainta,6,KIDNEY BASIN,16.5,0.1,0.0,16.4,2,3,50
14/04/2026,Cainta,6,WEIGHING SCALE,2.2,0.0,0.0,2.2,3,4,50
14/04/2026,Cainta,6,FORCEPS,1.1,0.1,0.0,1.0,3,4,50
14/04/2026,Cainta,6,BETADINE CONTAINER,8.5,0.1,0.0,8.4,4,4,50
14/04/2026,Cainta,6,ALCOHOL PUMP CONTAINER,1.9,0.1,0.0,1.8,3,4,50
15/04/2026,Cainta,20,SPEEDA,2473.6,3.0,0.0,2470.6,12,16,70
15/04/2026,Cainta,20,ABHAYRAB,332.2,0.9,0.0,331.3,7,6,50
15/04/2026,Cainta,20,VAXIRAB,216.5,1.0,23.6,239.1,8,8,50
15/04/2026,Cainta,20,CHIRORAB,13.6,1.0,0.0,12.6,6,6,50
15/04/2026,Cainta,20,ERIG,8.7,0.8,0.0,7.9,8,11,50
15/04/2026,Cainta,20,HRIG,18.3,0.4,0.0,17.9,10,9,50
15/04/2026,Cainta,20,"ATS 1,500 ""IU""",20.2,0.4,0.0,19.8,12,12,50
15/04/2026,Cainta,20,"ATS 3000 ""IU""",117.4,0.4,0.0,117.0,10,11,50
15/04/2026,Cainta,20,"ATS 5,000 ""IU""",11.9,0.4,0.0,11.5,10,8,50
15/04/2026,Cainta,20,HTIG,11.6,0.2,0.0,11.4,6,8,50
15/04/2026,Cainta,20,TOXOID BETT,3109.8,2.1,0.0,3107.7,5,5,50
15/04/2026,Cainta,20,TOXOID ABHAYTOX,201.6,0.4,0.0,201.2,11,10,50
15/04/2026,Cainta,20,PPD,18.3,0.1,0.0,18.2,6,6,50
15/04/2026,Cainta,20,HEPA B,6.8,0.4,0.0,6.4,6,8,50
15/04/2026,Cainta,20,HEPA BIG,10.1,0.4,0.0,9.7,13,15,50
15/04/2026,Cainta,20,FLU,34.7,0.2,0.0,34.5,13,14,50
15/04/2026,Cainta,20,AMOXICILLIN 500MG,3210.7,4.7,0.0,3206.0,10,10,140
15/04/2026,Cainta,20,CEFALEXIN 500 MG,7216.0,4.4,0.0,7211.6,8,11,100
15/04/2026,Cainta,20,MEFENAMIC 500 MG,5192.1,4.7,254.9,5442.3,12,15,120
15/04/2026,Cainta,20,INSULIN,1406.9,5.7,0.0,1401.2,7,9,150
15/04/2026,Cainta,20,1CC/3CC,2127.2,2.3,0.0,2124.9,8,9,50
15/04/2026,Cainta,20,5CC/10CC,3003.0,2.0,0.0,3001.0,8,11,50
15/04/2026,Cainta,20,CETIRIZINE,4466.4,3.8,185.1,4647.7,12,15,100
15/04/2026,Cainta,20,G23,1584.2,0.9,0.0,1583.3,12,13,50
15/04/2026,Cainta,20,G27,1421.7,1.0,92.5,1513.2,10,14,50
15/04/2026,Cainta,20,GAUZE PAD,323.7,1.9,18.6,340.4,6,8,50
15/04/2026,Cainta,20,COTTON BALLS,3353.4,8.2,370.7,3715.9,9,11,240
15/04/2026,Cainta,20,BETADINE,15.9,0.1,0.0,15.8,7,9,50
15/04/2026,Cainta,20,ALCOHOL,11.7,0.1,0.0,11.6,12,13,50
15/04/2026,Cainta,20,FACEMASK,1532.0,4.3,0.0,1527.7,6,7,100
15/04/2026,Cainta,20,GLOVES,1718.4,3.9,0.0,1714.5,5,5,100
15/04/2026,Cainta,20,MICROPRE,80.0,1.0,0.0,79.0,11,13,50
15/04/2026,Cainta,20,STERILE WATER,88.8,0.6,0.0,88.2,9,9,50
15/04/2026,Cainta,20,REF THERMOMETER,15.3,0.2,0.0,15.1,12,12,50
15/04/2026,Cainta,20,ACRYLIC CONTAINERS,27.7,0.4,0.0,27.3,6,8,50
15/04/2026,Cainta,20,COOLER,6.6,0.1,0.0,6.5,11,10,50
15/04/2026,Cainta,20,KIDNEY BASIN,16.4,0.4,0.0,16.0,5,6,50
15/04/2026,Cainta,20,WEIGHING SCALE,2.2,0.1,0.0,2.1,5,5,50
15/04/2026,Cainta,20,FORCEPS,1.0,0.4,0.0,0.6,9,7,50
15/04/2026,Cainta,20,BETADINE CONTAINER,8.4,0.2,0.0,8.2,7,6,50
15/04/2026,Cainta,20,ALCOHOL PUMP CONTAINER,1.8,0.2,0.0,1.6,10,11,50
16/04/2026,Cainta,63,SPEEDA,2470.6,8.7,155.7,2617.6,16,17,70
16/04/2026,Cainta,63,ABHAYRAB,331.3,3.1,0.0,328.2,17,17,50
16/04/2026,Cainta,63,VAXIRAB,239.1,3.2,0.0,235.9,34,41,50
16/04/2026,Cainta,63,CHIRORAB,12.6,3.2,0.0,9.4,21,23,50
16/04/2026,Cainta,63,ERIG,7.9,2.5,0.0,5.4,32,27,50
16/04/2026,Cainta,63,HRIG,17.9,1.2,0.0,16.7,35,35,50
16/04/2026,Cainta,63,"ATS 1,500 ""IU""",19.8,1.3,0.0,18.5,17,15,50
16/04/2026,Cainta,63,"ATS 3000 ""IU""",117.0,1.3,0.0,115.7,35,29,50
16/04/2026,Cainta,63,"ATS 5,000 ""IU""",11.5,1.3,0.0,10.2,23,21,50
16/04/2026,Cainta,63,HTIG,11.4,0.6,0.0,10.8,26,32,50
16/04/2026,Cainta,63,TOXOID BETT,3107.7,6.6,0.0,3101.1,18,22,50
16/04/2026,Cainta,63,TOXOID ABHAYTOX,201.2,1.3,0.0,199.9,37,49,50
16/04/2026,Cainta,63,PPD,18.2,0.3,0.0,17.9,30,38,50
16/04/2026,Cainta,63,HEPA B,6.4,1.2,13.1,18.3,28,31,50
16/04/2026,Cainta,63,HEPA BIG,9.7,1.3,0.0,8.4,40,40,50
16/04/2026,Cainta,63,FLU,34.5,0.6,0.0,33.9,24,19,50
16/04/2026,Cainta,63,AMOXICILLIN 500MG,3206.0,18.0,0.0,3188.0,38,45,140
16/04/2026,Cainta,63,CEFALEXIN 500 MG,7211.6,12.3,0.0,7199.3,34,33,100
16/04/2026,Cainta,63,MEFENAMIC 500 MG,5442.3,18.8,0.0,5423.5,39,37,120
16/04/2026,Cainta,63,INSULIN,1401.2,20.4,138.4,1519.2,39,54,150
16/04/2026,Cainta,63,1CC/3CC,2124.9,6.4,184.1,2302.6,41,37,50
16/04/2026,Cainta,63,5CC/10CC,3001.0,5.9,0.0,2995.1,19,16,50
16/04/2026,Cainta,63,CETIRIZINE,4647.7,13.5,0.0,4634.2,36,49,100
16/04/2026,Cainta,63,G23,1583.3,3.1,0.0,1580.2,36,35,50
16/04/2026,Cainta,63,G27,1513.2,3.0,0.0,1510.2,32,33,50
16/04/2026,Cainta,63,GAUZE PAD,340.4,6.2,23.9,358.1,23,20,50
16/04/2026,Cainta,63,COTTON BALLS,3715.9,28.0,0.0,3687.9,40,42,240
16/04/2026,Cainta,63,BETADINE,15.8,0.3,0.0,15.5,21,29,50
16/04/2026,Cainta,63,ALCOHOL,11.6,0.3,0.0,11.3,28,34,50
16/04/2026,Cainta,63,FACEMASK,1527.7,13.9,0.0,1513.8,29,31,100
16/04/2026,Cainta,63,GLOVES,1714.5,14.1,0.0,1700.4,20,20,100
16/04/2026,Cainta,63,MICROPRE,79.0,3.0,0.0,76.0,34,35,50
16/04/2026,Cainta,63,STERILE WATER,88.2,1.9,0.0,86.3,18,21,50
16/04/2026,Cainta,63,REF THERMOMETER,15.1,0.6,0.0,14.5,33,31,50
16/04/2026,Cainta,63,ACRYLIC CONTAINERS,27.3,1.3,0.0,26.0,37,33,50
16/04/2026,Cainta,63,COOLER,6.5,0.3,0.0,6.2,25,30,50
16/04/2026,Cainta,63,KIDNEY BASIN,16.0,1.3,0.0,14.7,34,45,50
16/04/2026,Cainta,63,WEIGHING SCALE,2.1,0.3,0.0,1.8,20,27,50
16/04/2026,Cainta,63,FORCEPS,0.6,1.3,19.7,19.0,37,48,50
16/04/2026,Cainta,63,BETADINE CONTAINER,8.2,0.6,0.0,7.6,40,45,50
16/04/2026,Cainta,63,ALCOHOL PUMP CONTAINER,1.6,0.6,0.0,1.0,20,25,50
17/04/2026,Cainta,16,SPEEDA,2617.6,2.6,0.0,2615.0,8,11,70
17/04/2026,Cainta,16,ABHAYRAB,328.2,0.8,0.0,327.4,7,6,50
17/04/2026,Cainta,16,VAXIRAB,235.9,0.9,0.0,235.0,7,7,50
17/04/2026,Cainta,16,CHIRORAB,9.4,0.8,0.0,8.6,9,8,50
17/04/2026,Cainta,16,ERIG,5.4,0.7,0.0,4.7,7,10,50
17/04/2026,Cainta,16,HRIG,16.7,0.3,0.0,16.4,8,11,50
17/04/2026,Cainta,16,"ATS 1,500 ""IU""",18.5,0.3,0.0,18.2,5,6,50
17/04/2026,Cainta,16,"ATS 3000 ""IU""",115.7,0.3,0.0,115.4,6,6,50
17/04/2026,Cainta,16,"ATS 5,000 ""IU""",10.2,0.3,0.0,9.9,10,14,50
17/04/2026,Cainta,16,HTIG,10.8,0.2,0.0,10.6,5,4,50
17/04/2026,Cainta,16,TOXOID BETT,3101.1,1.6,0.0,3099.5,8,7,50
17/04/2026,Cainta,16,TOXOID ABHAYTOX,199.9,0.3,0.0,199.6,5,6,50
17/04/2026,Cainta,16,PPD,17.9,0.1,0.0,17.8,9,11,50
17/04/2026,Cainta,16,HEPA B,18.3,0.3,0.0,18.0,8,11,50
17/04/2026,Cainta,16,HEPA BIG,8.4,0.3,0.0,8.1,7,7,50
17/04/2026,Cainta,16,FLU,33.9,0.2,0.0,33.7,6,6,50
17/04/2026,Cainta,16,AMOXICILLIN 500MG,3188.0,5.8,323.7,3505.9,7,8,140
17/04/2026,Cainta,16,CEFALEXIN 500 MG,7199.3,2.8,0.0,7196.5,10,8,100
17/04/2026,Cainta,16,MEFENAMIC 500 MG,5423.5,3.8,0.0,5419.7,7,9,120
17/04/2026,Cainta,16,INSULIN,1519.2,4.6,0.0,1514.6,7,7,150
17/04/2026,Cainta,16,1CC/3CC,2302.6,1.6,135.5,2436.5,9,8,50
17/04/2026,Cainta,16,5CC/10CC,2995.1,1.6,0.0,2993.5,6,6,50
17/04/2026,Cainta,16,CETIRIZINE,4634.2,3.4,0.0,4630.8,7,9,100
17/04/2026,Cainta,16,G23,1580.2,0.8,0.0,1579.4,6,8,50
17/04/2026,Cainta,16,G27,1510.2,0.8,0.0,1509.4,5,5,50
17/04/2026,Cainta,16,GAUZE PAD,358.1,1.6,0.0,356.5,9,8,50
17/04/2026,Cainta,16,COTTON BALLS,3687.9,6.6,107.6,3788.9,10,14,240
17/04/2026,Cainta,16,BETADINE,15.5,0.1,0.0,15.4,10,11,50
17/04/2026,Cainta,16,ALCOHOL,11.3,0.1,0.0,11.2,10,10,50
17/04/2026,Cainta,16,FACEMASK,1513.8,3.1,0.0,1510.7,7,6,100
17/04/2026,Cainta,16,GLOVES,1700.4,3.2,0.0,1697.2,6,8,100
17/04/2026,Cainta,16,MICROPRE,76.0,0.8,0.0,75.2,8,10,50
17/04/2026,Cainta,16,STERILE WATER,86.3,0.5,0.0,85.8,10,9,50
17/04/2026,Cainta,16,REF THERMOMETER,14.5,0.2,0.0,14.3,9,8,50
17/04/2026,Cainta,16,ACRYLIC CONTAINERS,26.0,0.3,0.0,25.7,7,6,50
17/04/2026,Cainta,16,COOLER,6.2,0.1,0.0,6.1,8,8,50
17/04/2026,Cainta,16,KIDNEY BASIN,14.7,0.3,0.0,14.4,9,8,50
17/04/2026,Cainta,16,WEIGHING SCALE,1.8,0.1,0.0,1.7,10,9,50
17/04/2026,Cainta,16,FORCEPS,19.0,0.3,0.0,18.7,9,8,50
17/04/2026,Cainta,16,BETADINE CONTAINER,7.6,0.2,0.0,7.4,7,7,50
17/04/2026,Cainta,16,ALCOHOL PUMP CONTAINER,1.0,0.2,0.0,0.8,6,7,50
18/04/2026,Cainta,45,SPEEDA,2615.0,6.6,0.0,2608.4,20,21,70
18/04/2026,Cainta,45,ABHAYRAB,327.4,2.4,49.2,374.2,17,22,50
18/04/2026,Cainta,45,VAXIRAB,235.0,2.1,0.0,232.9,28,27,50
18/04/2026,Cainta,45,CHIRORAB,8.6,2.1,0.0,6.5,20,27,50
18/04/2026,Cainta,45,ERIG,4.7,1.7,0.0,3.0,20,27,50
18/04/2026,Cainta,45,HRIG,16.4,0.9,0.0,15.5,18,25,50
18/04/2026,Cainta,45,"ATS 1,500 ""IU""",18.2,0.9,0.0,17.3,23,21,50
18/04/2026,Cainta,45,"ATS 3000 ""IU""",115.4,0.9,0.0,114.5,21,20,50
18/04/2026,Cainta,45,"ATS 5,000 ""IU""",9.9,0.9,0.0,9.0,14,16,50
18/04/2026,Cainta,45,HTIG,10.6,0.5,0.0,10.1,27,24,50
18/04/2026,Cainta,45,TOXOID BETT,3099.5,4.9,0.0,3094.6,18,15,50
18/04/2026,Cainta,45,TOXOID ABHAYTOX,199.6,0.9,0.0,198.7,19,16,50
18/04/2026,Cainta,45,PPD,17.8,0.2,0.0,17.6,15,17,50
18/04/2026,Cainta,45,HEPA B,18.0,0.9,0.0,17.1,21,27,50
18/04/2026,Cainta,45,HEPA BIG,8.1,0.9,0.0,7.2,24,23,50
18/04/2026,Cainta,45,FLU,33.7,0.4,0.0,33.3,27,37,50
18/04/2026,Cainta,45,AMOXICILLIN 500MG,3505.9,13.1,0.0,3492.8,12,15,140
18/04/2026,Cainta,45,CEFALEXIN 500 MG,7196.5,10.1,0.0,7186.4,29,25,100
18/04/2026,Cainta,45,MEFENAMIC 500 MG,5419.7,13.1,0.0,5406.6,24,25,120
18/04/2026,Cainta,45,INSULIN,1514.6,13.2,0.0,1501.4,16,13,150
18/04/2026,Cainta,45,1CC/3CC,2436.5,4.8,85.9,2517.6,15,20,50
18/04/2026,Cainta,45,5CC/10CC,2993.5,4.6,0.0,2988.9,17,21,50
18/04/2026,Cainta,45,CETIRIZINE,4630.8,9.1,0.0,4621.7,27,33,100
18/04/2026,Cainta,45,G23,1579.4,2.3,0.0,1577.1,16,19,50
18/04/2026,Cainta,45,G27,1509.4,2.3,0.0,1507.1,20,19,50
18/04/2026,Cainta,45,GAUZE PAD,356.5,5.0,0.0,351.5,24,33,50
18/04/2026,Cainta,45,COTTON BALLS,3788.9,16.9,0.0,3772.0,27,37,240
18/04/2026,Cainta,45,BETADINE,15.4,0.2,0.0,15.2,23,29,50
18/04/2026,Cainta,45,ALCOHOL,11.2,0.2,0.0,11.0,25,27,50
18/04/2026,Cainta,45,FACEMASK,1510.7,9.4,54.3,1555.6,14,12,100
18/04/2026,Cainta,45,GLOVES,1697.2,10.2,0.0,1687.0,27,22,100
18/04/2026,Cainta,45,MICROPRE,75.2,2.2,0.0,73.0,16,14,50
18/04/2026,Cainta,45,STERILE WATER,85.8,1.3,21.1,105.6,14,16,50
18/04/2026,Cainta,45,REF THERMOMETER,14.3,0.5,0.0,13.8,29,37,50
18/04/2026,Cainta,45,ACRYLIC CONTAINERS,25.7,0.9,0.0,24.8,15,21,50
18/04/2026,Cainta,45,COOLER,6.1,0.2,0.0,5.9,14,13,50
18/04/2026,Cainta,45,KIDNEY BASIN,14.4,0.9,0.0,13.5,23,22,50
18/04/2026,Cainta,45,WEIGHING SCALE,1.7,0.2,0.0,1.5,17,14,50
18/04/2026,Cainta,45,FORCEPS,18.7,0.9,0.0,17.8,14,20,50
18/04/2026,Cainta,45,BETADINE CONTAINER,7.4,0.4,0.0,7.0,22,28,50
18/04/2026,Cainta,45,ALCOHOL PUMP CONTAINER,0.8,0.5,0.0,0.3,25,27,50
19/04/2026,Cainta,69,SPEEDA,2608.4,10.4,0.0,2598.0,39,45,70
19/04/2026,Cainta,69,ABHAYRAB,374.2,3.3,0.0,370.9,22,25,50
19/04/2026,Cainta,69,VAXIRAB,232.9,3.5,0.0,229.4,33,31,50
19/04/2026,Cainta,69,CHIRORAB,6.5,3.3,0.0,3.2,40,36,50
19/04/2026,Cainta,69,ERIG,3.0,2.8,0.0,0.2,22,22,50
19/04/2026,Cainta,69,HRIG,15.5,1.4,0.0,14.1,23,22,50
19/04/2026,Cainta,69,"ATS 1,500 ""IU""",17.3,1.4,0.0,15.9,17,19,50
19/04/2026,Cainta,69,"ATS 3000 ""IU""",114.5,1.4,0.0,113.1,32,32,50
19/04/2026,Cainta,69,"ATS 5,000 ""IU""",9.0,1.4,0.0,7.6,23,28,50
19/04/2026,Cainta,69,HTIG,10.1,0.7,9.6,19.0,37,42,50
19/04/2026,Cainta,69,TOXOID BETT,3094.6,6.9,0.0,3087.7,44,49,50
19/04/2026,Cainta,69,TOXOID ABHAYTOX,198.7,1.4,0.0,197.3,23,32,50
19/04/2026,Cainta,69,PPD,17.6,0.3,0.0,17.3,35,35,50
19/04/2026,Cainta,69,HEPA B,17.1,1.4,28.7,44.4,23,27,50
19/04/2026,Cainta,69,HEPA BIG,7.2,1.4,0.0,5.8,18,14,50
19/04/2026,Cainta,69,FLU,33.3,0.7,0.0,32.6,38,47,50
19/04/2026,Cainta,69,AMOXICILLIN 500MG,3492.8,15.8,0.0,3477.0,29,32,140
19/04/2026,Cainta,69,CEFALEXIN 500 MG,7186.4,14.3,0.0,7172.1,43,40,100
19/04/2026,Cainta,69,MEFENAMIC 500 MG,5406.6,18.0,0.0,5388.6,32,26,120
19/04/2026,Cainta,69,INSULIN,1501.4,18.7,0.0,1482.7,22,27,150
19/04/2026,Cainta,69,1CC/3CC,2517.6,6.5,0.0,2511.1,30,36,50
19/04/2026,Cainta,69,5CC/10CC,2988.9,7.4,0.0,2981.5,23,28,50
19/04/2026,Cainta,69,CETIRIZINE,4621.7,14.5,247.8,4855.0,41,44,100
19/04/2026,Cainta,69,G23,1577.1,3.4,0.0,1573.7,36,43,50
19/04/2026,Cainta,69,G27,1507.1,3.3,0.0,1503.8,27,31,50
19/04/2026,Cainta,69,GAUZE PAD,351.5,6.6,0.0,344.9,32,30,50
19/04/2026,Cainta,69,COTTON BALLS,3772.0,44.8,155.9,3883.1,36,40,240
19/04/2026,Cainta,69,BETADINE,15.2,0.3,0.0,14.9,39,43,50
19/04/2026,Cainta,69,ALCOHOL,11.0,0.3,0.0,10.7,19,25,50
19/04/2026,Cainta,69,FACEMASK,1555.6,14.5,0.0,1541.1,18,19,100
19/04/2026,Cainta,69,GLOVES,1687.0,12.7,0.0,1674.3,20,21,100
19/04/2026,Cainta,69,MICROPRE,73.0,3.6,0.0,69.4,28,39,50
19/04/2026,Cainta,69,STERILE WATER,105.6,2.1,0.0,103.5,30,40,50
19/04/2026,Cainta,69,REF THERMOMETER,13.8,0.7,0.0,13.1,21,20,50
19/04/2026,Cainta,69,ACRYLIC CONTAINERS,24.8,1.4,0.0,23.4,29,39,50
19/04/2026,Cainta,69,COOLER,5.9,0.3,0.0,5.6,29,26,50
19/04/2026,Cainta,69,KIDNEY BASIN,13.5,1.4,0.0,12.1,20,26,50
19/04/2026,Cainta,69,WEIGHING SCALE,1.5,0.3,0.0,1.2,43,39,50
19/04/2026,Cainta,69,FORCEPS,17.8,1.4,0.0,16.4,34,36,50
19/04/2026,Cainta,69,BETADINE CONTAINER,7.0,0.7,0.0,6.3,28,39,50
19/04/2026,Cainta,69,ALCOHOL PUMP CONTAINER,0.3,0.7,19.4,19.0,31,27,50
20/04/2026,Cainta,81,SPEEDA,2598.0,11.9,0.0,2586.1,30,39,70
20/04/2026,Cainta,81,ABHAYRAB,370.9,4.1,0.0,366.8,48,53,50
20/04/2026,Cainta,81,VAXIRAB,229.4,4.1,0.0,225.3,39,34,50
20/04/2026,Cainta,81,CHIRORAB,3.2,3.8,20.6,20.0,36,49,50
20/04/2026,Cainta,81,ERIG,0.2,3.2,10.2,7.2,50,56,50
20/04/2026,Cainta,81,HRIG,14.1,1.6,0.0,12.5,47,62,50
20/04/2026,Cainta,81,"ATS 1,500 ""IU""",15.9,1.6,0.0,14.3,47,62,50
20/04/2026,Cainta,81,"ATS 3000 ""IU""",113.1,1.6,0.0,111.5,28,23,50
20/04/2026,Cainta,81,"ATS 5,000 ""IU""",7.6,1.6,0.0,6.0,25,24,50
20/04/2026,Cainta,81,HTIG,19.0,0.8,0.0,18.2,43,43,50
20/04/2026,Cainta,81,TOXOID BETT,3087.7,7.9,181.5,3261.3,35,39,50
20/04/2026,Cainta,81,TOXOID ABHAYTOX,197.3,1.6,0.0,195.7,42,35,50
20/04/2026,Cainta,81,PPD,17.3,0.4,0.0,16.9,45,47,50
20/04/2026,Cainta,81,HEPA B,44.4,1.6,0.0,42.8,30,39,50
20/04/2026,Cainta,81,HEPA BIG,5.8,1.6,0.0,4.2,29,26,50
20/04/2026,Cainta,81,FLU,32.6,0.8,0.0,31.8,36,44,50
20/04/2026,Cainta,81,AMOXICILLIN 500MG,3477.0,22.1,488.8,3943.7,29,31,140
20/04/2026,Cainta,81,CEFALEXIN 500 MG,7172.1,13.9,0.0,7158.2,42,35,100
20/04/2026,Cainta,81,MEFENAMIC 500 MG,5388.6,18.0,0.0,5370.6,44,40,120
20/04/2026,Cainta,81,INSULIN,1482.7,20.4,0.0,1462.3,36,32,150
20/04/2026,Cainta,81,1CC/3CC,2511.1,8.5,0.0,2502.6,44,52,50
20/04/2026,Cainta,81,5CC/10CC,2981.5,7.8,0.0,2973.7,37,32,50
20/04/2026,Cainta,81,CETIRIZINE,4855.0,16.4,0.0,4838.6,43,56,100
20/04/2026,Cainta,81,G23,1573.7,4.0,0.0,1569.7,28,36,50
20/04/2026,Cainta,81,G27,1503.8,3.9,0.0,1499.9,44,37,50
20/04/2026,Cainta,81,GAUZE PAD,344.9,8.0,10.4,347.3,43,57,50
20/04/2026,Cainta,81,COTTON BALLS,3883.1,45.7,0.0,3837.4,29,40,240
20/04/2026,Cainta,81,BETADINE,14.9,0.4,0.0,14.5,38,31,50
20/04/2026,Cainta,81,ALCOHOL,10.7,0.4,0.0,10.3,48,66,50
20/04/2026,Cainta,81,FACEMASK,1541.1,14.9,0.0,1526.2,28,27,100
20/04/2026,Cainta,81,GLOVES,1674.3,15.4,0.0,1658.9,44,53,100
20/04/2026,Cainta,81,MICROPRE,69.4,4.1,0.0,65.3,51,46,50
20/04/2026,Cainta,81,STERILE WATER,103.5,2.4,0.0,101.1,48,62,50
20/04/2026,Cainta,81,REF THERMOMETER,13.1,0.8,0.0,12.3,33,43,50
20/04/2026,Cainta,81,ACRYLIC CONTAINERS,23.4,1.6,0.0,21.8,40,55,50
20/04/2026,Cainta,81,COOLER,5.6,0.4,0.0,5.2,52,73,50
20/04/2026,Cainta,81,KIDNEY BASIN,12.1,1.6,0.0,10.5,39,33,50
20/04/2026,Cainta,81,WEIGHING SCALE,1.2,0.4,0.0,0.8,24,29,50
20/04/2026,Cainta,81,FORCEPS,16.4,1.6,0.0,14.8,22,21,50
20/04/2026,Cainta,81,BETADINE CONTAINER,6.3,0.8,0.0,5.5,46,40,50
20/04/2026,Cainta,81,ALCOHOL PUMP CONTAINER,19.0,0.8,0.0,18.2,34,30,50
21/04/2026,Cainta,5,SPEEDA,2586.1,0.7,0.0,2585.4,2,3,70
21/04/2026,Cainta,5,ABHAYRAB,366.8,0.3,0.0,366.5,2,2,50
21/04/2026,Cainta,5,VAXIRAB,225.3,0.3,0.0,225.0,3,2,50
21/04/2026,Cainta,5,CHIRORAB,20.0,0.2,0.0,19.8,2,3,50
21/04/2026,Cainta,5,ERIG,7.2,0.2,0.0,7.0,3,4,50
21/04/2026,Cainta,5,HRIG,12.5,0.1,0.0,12.4,3,3,50
21/04/2026,Cainta,5,"ATS 1,500 ""IU""",14.3,0.1,0.0,14.2,3,3,50
21/04/2026,Cainta,5,"ATS 3000 ""IU""",111.5,0.1,0.0,111.4,3,4,50
21/04/2026,Cainta,5,"ATS 5,000 ""IU""",6.0,0.1,0.0,5.9,2,2,50
21/04/2026,Cainta,5,HTIG,18.2,0.0,0.0,18.2,3,3,50
21/04/2026,Cainta,5,TOXOID BETT,3261.3,0.5,0.0,3260.8,1,1,50
21/04/2026,Cainta,5,TOXOID ABHAYTOX,195.7,0.1,15.1,210.7,3,2,50
21/04/2026,Cainta,5,PPD,16.9,0.0,0.0,16.9,2,2,50
21/04/2026,Cainta,5,HEPA B,42.8,0.1,0.0,42.7,3,3,50
21/04/2026,Cainta,5,HEPA BIG,4.2,0.1,0.0,4.1,3,3,50
21/04/2026,Cainta,5,FLU,31.8,0.1,0.0,31.7,2,2,50
21/04/2026,Cainta,5,AMOXICILLIN 500MG,3943.7,1.3,0.0,3942.4,3,4,140
21/04/2026,Cainta,5,CEFALEXIN 500 MG,7158.2,1.0,0.0,7157.2,1,1,100
21/04/2026,Cainta,5,MEFENAMIC 500 MG,5370.6,1.4,0.0,5369.2,2,2,120
21/04/2026,Cainta,5,INSULIN,1462.3,1.8,0.0,1460.5,2,2,150
21/04/2026,Cainta,5,1CC/3CC,2502.6,0.5,0.0,2502.1,2,3,50
21/04/2026,Cainta,5,5CC/10CC,2973.7,0.5,0.0,2973.2,2,2,50
21/04/2026,Cainta,5,CETIRIZINE,4838.6,1.1,0.0,4837.5,3,3,100
21/04/2026,Cainta,5,G23,1569.7,0.2,0.0,1569.5,2,2,50
21/04/2026,Cainta,5,G27,1499.9,0.3,0.0,1499.6,2,2,50
21/04/2026,Cainta,5,GAUZE PAD,347.3,0.5,0.0,346.8,3,3,50
21/04/2026,Cainta,5,COTTON BALLS,3837.4,3.1,0.0,3834.3,3,3,240
21/04/2026,Cainta,5,BETADINE,14.5,0.0,0.0,14.5,1,1,50
21/04/2026,Cainta,5,ALCOHOL,10.3,0.0,0.0,10.3,3,4,50
21/04/2026,Cainta,5,FACEMASK,1526.2,1.1,190.8,1715.9,1,1,100
21/04/2026,Cainta,5,GLOVES,1658.9,0.9,0.0,1658.0,2,2,100
21/04/2026,Cainta,5,MICROPRE,65.3,0.3,0.0,65.0,2,3,50
21/04/2026,Cainta,5,STERILE WATER,101.1,0.2,0.0,100.9,3,4,50
21/04/2026,Cainta,5,REF THERMOMETER,12.3,0.1,0.0,12.2,2,2,50
21/04/2026,Cainta,5,ACRYLIC CONTAINERS,21.8,0.1,0.0,21.7,2,3,50
21/04/2026,Cainta,5,COOLER,5.2,0.0,0.0,5.2,3,4,50
21/04/2026,Cainta,5,KIDNEY BASIN,10.5,0.1,0.0,10.4,2,3,50
21/04/2026,Cainta,5,WEIGHING SCALE,0.8,0.0,0.0,0.8,2,2,50
21/04/2026,Cainta,5,FORCEPS,14.8,0.1,0.0,14.7,3,4,50
21/04/2026,Cainta,5,BETADINE CONTAINER,5.5,0.1,0.0,5.4,3,4,50
21/04/2026,Cainta,5,ALCOHOL PUMP CONTAINER,18.2,0.0,0.0,18.2,2,2,50
22/04/2026,Cainta,62,SPEEDA,2585.4,9.6,0.0,2575.8,23,24,70
22/04/2026,Cainta,62,ABHAYRAB,366.5,3.1,0.0,363.4,40,40,50
22/04/2026,Cainta,62,VAXIRAB,225.0,3.1,0.0,221.9,27,35,50
22/04/2026,Cainta,62,CHIRORAB,19.8,3.1,0.0,16.7,17,20,50
22/04/2026,Cainta,62,ERIG,7.0,2.5,0.0,4.5,21,19,50
22/04/2026,Cainta,62,HRIG,12.4,1.3,0.0,11.1,24,28,50
22/04/2026,Cainta,62,"ATS 1,500 ""IU""",14.2,1.2,0.0,13.0,40,35,50
22/04/2026,Cainta,62,"ATS 3000 ""IU""",111.4,1.2,0.0,110.2,23,25,50
22/04/2026,Cainta,62,"ATS 5,000 ""IU""",5.9,1.2,0.0,4.7,16,18,50
22/04/2026,Cainta,62,HTIG,18.2,0.6,0.0,17.6,28,33,50
22/04/2026,Cainta,62,TOXOID BETT,3260.8,6.0,99.4,3354.2,18,16,50
22/04/2026,Cainta,62,TOXOID ABHAYTOX,210.7,1.2,35.0,244.5,22,19,50
22/04/2026,Cainta,62,PPD,16.9,0.3,0.0,16.6,40,38,50
22/04/2026,Cainta,62,HEPA B,42.7,1.3,0.0,41.4,33,38,50
22/04/2026,Cainta,62,HEPA BIG,4.1,1.3,25.9,28.7,17,23,50
22/04/2026,Cainta,62,FLU,31.7,0.6,0.0,31.1,27,34,50
22/04/2026,Cainta,62,AMOXICILLIN 500MG,3942.4,21.0,0.0,3921.4,20,25,140
22/04/2026,Cainta,62,CEFALEXIN 500 MG,7157.2,11.3,0.0,7145.9,19,19,100
22/04/2026,Cainta,62,MEFENAMIC 500 MG,5369.2,16.9,0.0,5352.3,30,26,120
22/04/2026,Cainta,62,INSULIN,1460.5,17.2,0.0,1443.3,28,37,150
22/04/2026,Cainta,62,1CC/3CC,2502.1,5.9,0.0,2496.2,34,37,50
22/04/2026,Cainta,62,5CC/10CC,2973.2,6.3,0.0,2966.9,38,33,50
22/04/2026,Cainta,62,CETIRIZINE,4837.5,9.5,0.0,4828.0,22,25,100
22/04/2026,Cainta,62,G23,1569.5,2.9,0.0,1566.6,38,46,50
22/04/2026,Cainta,62,G27,1499.6,3.1,110.0,1606.5,28,28,50
22/04/2026,Cainta,62,GAUZE PAD,346.8,6.2,0.0,340.6,22,18,50
22/04/2026,Cainta,62,COTTON BALLS,3834.3,28.8,278.6,4084.1,36,42,240
22/04/2026,Cainta,62,BETADINE,14.5,0.3,0.0,14.2,16,13,50
22/04/2026,Cainta,62,ALCOHOL,10.3,0.3,0.0,10.0,29,31,50
22/04/2026,Cainta,62,FACEMASK,1715.9,12.9,0.0,1703.0,33,43,100
22/04/2026,Cainta,62,GLOVES,1658.0,13.1,0.0,1644.9,22,31,100
22/04/2026,Cainta,62,MICROPRE,65.0,3.1,0.0,61.9,37,38,50
22/04/2026,Cainta,62,STERILE WATER,100.9,1.9,0.0,99.0,21,17,50
22/04/2026,Cainta,62,REF THERMOMETER,12.2,0.6,0.0,11.6,36,39,50
22/04/2026,Cainta,62,ACRYLIC CONTAINERS,21.7,1.2,0.0,20.5,17,16,50
22/04/2026,Cainta,62,COOLER,5.2,0.3,0.0,4.9,19,25,50
22/04/2026,Cainta,62,KIDNEY BASIN,10.4,1.2,0.0,9.2,25,31,50
22/04/2026,Cainta,62,WEIGHING SCALE,0.8,0.3,0.0,0.5,37,39,50
22/04/2026,Cainta,62,FORCEPS,14.7,1.3,0.0,13.4,19,24,50
22/04/2026,Cainta,62,BETADINE CONTAINER,5.4,0.6,0.0,4.8,37,37,50
22/04/2026,Cainta,62,ALCOHOL PUMP CONTAINER,18.2,0.6,0.0,17.6,21,23,50
23/04/2026,Cainta,11,SPEEDA,2575.8,1.6,0.0,2574.2,5,7,70
23/04/2026,Cainta,11,ABHAYRAB,363.4,0.6,0.0,362.8,4,4,50
23/04/2026,Cainta,11,VAXIRAB,221.9,0.5,40.1,261.5,3,3,50
23/04/2026,Cainta,11,CHIRORAB,16.7,0.6,0.0,16.1,7,9,50
23/04/2026,Cainta,11,ERIG,4.5,0.4,0.0,4.1,5,5,50
23/04/2026,Cainta,11,HRIG,11.1,0.2,0.0,10.9,6,6,50
23/04/2026,Cainta,11,"ATS 1,500 ""IU""",13.0,0.2,17.7,30.5,5,4,50
23/04/2026,Cainta,11,"ATS 3000 ""IU""",110.2,0.2,0.0,110.0,5,5,50
23/04/2026,Cainta,11,"ATS 5,000 ""IU""",4.7,0.2,0.0,4.5,5,6,50
23/04/2026,Cainta,11,HTIG,17.6,0.1,0.0,17.5,7,7,50
23/04/2026,Cainta,11,TOXOID BETT,3354.2,1.1,0.0,3353.1,6,6,50
23/04/2026,Cainta,11,TOXOID ABHAYTOX,244.5,0.2,0.0,244.3,5,5,50
23/04/2026,Cainta,11,PPD,16.6,0.1,0.0,16.5,6,7,50
23/04/2026,Cainta,11,HEPA B,41.4,0.2,0.0,41.2,5,7,50
23/04/2026,Cainta,11,HEPA BIG,28.7,0.2,0.0,28.5,5,6,50
23/04/2026,Cainta,11,FLU,31.1,0.1,0.0,31.0,5,6,50
23/04/2026,Cainta,11,AMOXICILLIN 500MG,3921.4,3.0,338.1,4256.5,5,6,140
23/04/2026,Cainta,11,CEFALEXIN 500 MG,7145.9,2.0,336.8,7480.7,6,5,100
23/04/2026,Cainta,11,MEFENAMIC 500 MG,5352.3,2.8,0.0,5349.5,7,7,120
23/04/2026,Cainta,11,INSULIN,1443.3,2.5,0.0,1440.8,7,6,150
23/04/2026,Cainta,11,1CC/3CC,2496.2,1.1,0.0,2495.1,6,6,50
23/04/2026,Cainta,11,5CC/10CC,2966.9,1.1,0.0,2965.8,5,7,50
23/04/2026,Cainta,11,CETIRIZINE,4828.0,2.1,0.0,4825.9,6,6,100
23/04/2026,Cainta,11,G23,1566.6,0.5,0.0,1566.1,4,5,50
23/04/2026,Cainta,11,G27,1606.5,0.6,0.0,1605.9,5,4,50
23/04/2026,Cainta,11,GAUZE PAD,340.6,1.1,0.0,339.5,4,4,50
23/04/2026,Cainta,11,COTTON BALLS,4084.1,7.3,0.0,4076.8,3,3,240
23/04/2026,Cainta,11,BETADINE,14.2,0.1,0.0,14.1,7,6,50
23/04/2026,Cainta,11,ALCOHOL,10.0,0.1,0.0,9.9,7,7,50
23/04/2026,Cainta,11,FACEMASK,1703.0,2.3,0.0,1700.7,5,6,100
23/04/2026,Cainta,11,GLOVES,1644.9,2.2,0.0,1642.7,4,4,100
23/04/2026,Cainta,11,MICROPRE,61.9,0.5,0.0,61.4,6,8,50
23/04/2026,Cainta,11,STERILE WATER,99.0,0.3,0.0,98.7,5,7,50
23/04/2026,Cainta,11,REF THERMOMETER,11.6,0.1,0.0,11.5,6,7,50
23/04/2026,Cainta,11,ACRYLIC CONTAINERS,20.5,0.2,0.0,20.3,7,10,50
23/04/2026,Cainta,11,COOLER,4.9,0.1,0.0,4.8,4,3,50
23/04/2026,Cainta,11,KIDNEY BASIN,9.2,0.2,0.0,9.0,4,4,50
23/04/2026,Cainta,11,WEIGHING SCALE,0.5,0.1,0.0,0.4,4,4,50
23/04/2026,Cainta,11,FORCEPS,13.4,0.2,0.0,13.2,3,3,50
23/04/2026,Cainta,11,BETADINE CONTAINER,4.8,0.1,3.8,8.5,4,5,50
23/04/2026,Cainta,11,ALCOHOL PUMP CONTAINER,17.6,0.1,0.0,17.5,3,3,50
24/04/2026,Cainta,12,SPEEDA,2574.2,1.8,0.0,2572.4,4,5,70
24/04/2026,Cainta,12,ABHAYRAB,362.8,0.6,0.0,362.2,4,4,50
24/04/2026,Cainta,12,VAXIRAB,261.5,0.6,0.0,260.9,4,5,50
24/04/2026,Cainta,12,CHIRORAB,16.1,0.6,23.8,39.3,7,8,50
24/04/2026,Cainta,12,ERIG,4.1,0.5,0.0,3.6,4,4,50
24/04/2026,Cainta,12,HRIG,10.9,0.2,0.0,10.7,7,7,50
24/04/2026,Cainta,12,"ATS 1,500 ""IU""",30.5,0.2,0.0,30.3,4,4,50
24/04/2026,Cainta,12,"ATS 3000 ""IU""",110.0,0.2,0.0,109.8,4,4,50
24/04/2026,Cainta,12,"ATS 5,000 ""IU""",4.5,0.2,0.0,4.3,3,4,50
24/04/2026,Cainta,12,HTIG,17.5,0.1,0.0,17.4,6,7,50
24/04/2026,Cainta,12,TOXOID BETT,3353.1,1.3,0.0,3351.8,4,4,50
24/04/2026,Cainta,12,TOXOID ABHAYTOX,244.3,0.2,0.0,244.1,5,6,50
24/04/2026,Cainta,12,PPD,16.5,0.1,0.0,16.4,4,5,50
24/04/2026,Cainta,12,HEPA B,41.2,0.2,0.0,41.0,8,11,50
24/04/2026,Cainta,12,HEPA BIG,28.5,0.2,0.0,28.3,4,4,50
24/04/2026,Cainta,12,FLU,31.0,0.1,0.0,30.9,5,6,50
24/04/2026,Cainta,12,AMOXICILLIN 500MG,4256.5,5.1,0.0,4251.4,7,8,140
24/04/2026,Cainta,12,CEFALEXIN 500 MG,7480.7,2.1,0.0,7478.6,4,5,100
24/04/2026,Cainta,12,MEFENAMIC 500 MG,5349.5,2.9,362.8,5709.4,4,4,120
24/04/2026,Cainta,12,INSULIN,1440.8,2.5,0.0,1438.3,7,6,150
24/04/2026,Cainta,12,1CC/3CC,2495.1,1.2,0.0,2493.9,4,6,50
24/04/2026,Cainta,12,5CC/10CC,2965.8,1.2,0.0,2964.6,3,4,50
24/04/2026,Cainta,12,CETIRIZINE,4825.9,2.4,0.0,4823.5,5,6,100
24/04/2026,Cainta,12,G23,1566.1,0.6,0.0,1565.5,3,3,50
24/04/2026,Cainta,12,G27,1605.9,0.6,0.0,1605.3,7,9,50
24/04/2026,Cainta,12,GAUZE PAD,339.5,1.2,0.0,338.3,6,5,50
24/04/2026,Cainta,12,COTTON BALLS,4076.8,8.0,0.0,4068.8,6,6,240
24/04/2026,Cainta,12,BETADINE,14.1,0.1,0.0,14.0,4,3,50
24/04/2026,Cainta,12,ALCOHOL,9.9,0.1,0.0,9.8,6,5,50
24/04/2026,Cainta,12,FACEMASK,1700.7,2.1,0.0,1698.6,6,5,100
24/04/2026,Cainta,12,GLOVES,1642.7,2.5,0.0,1640.2,3,4,100
24/04/2026,Cainta,12,MICROPRE,61.4,0.6,0.0,60.8,7,7,50
24/04/2026,Cainta,12,STERILE WATER,98.7,0.4,0.0,98.3,6,8,50
24/04/2026,Cainta,12,REF THERMOMETER,11.5,0.1,5.0,16.4,7,9,50
24/04/2026,Cainta,12,ACRYLIC CONTAINERS,20.3,0.2,0.0,20.1,4,4,50
24/04/2026,Cainta,12,COOLER,4.8,0.1,0.0,4.7,4,5,50
24/04/2026,Cainta,12,KIDNEY BASIN,9.0,0.2,0.0,8.8,6,6,50
24/04/2026,Cainta,12,WEIGHING SCALE,0.4,0.1,0.0,0.3,7,9,50
24/04/2026,Cainta,12,FORCEPS,13.2,0.2,0.0,13.0,5,5,50
24/04/2026,Cainta,12,BETADINE CONTAINER,8.5,0.1,0.0,8.4,3,3,50
24/04/2026,Cainta,12,ALCOHOL PUMP CONTAINER,17.5,0.1,0.0,17.4,7,7,50
25/04/2026,Cainta,8,SPEEDA,2572.4,1.1,0.0,2571.3,3,4,70
25/04/2026,Cainta,8,ABHAYRAB,362.2,0.4,0.0,361.8,3,3,50
25/04/2026,Cainta,8,VAXIRAB,260.9,0.4,0.0,260.5,4,5,50
25/04/2026,Cainta,8,CHIRORAB,39.3,0.4,0.0,38.9,2,2,50
25/04/2026,Cainta,8,ERIG,3.6,0.3,0.0,3.3,2,2,50
25/04/2026,Cainta,8,HRIG,10.7,0.2,0.0,10.5,2,2,50
25/04/2026,Cainta,8,"ATS 1,500 ""IU""",30.3,0.2,0.0,30.1,5,4,50
25/04/2026,Cainta,8,"ATS 3000 ""IU""",109.8,0.2,0.0,109.6,3,3,50
25/04/2026,Cainta,8,"ATS 5,000 ""IU""",4.3,0.2,0.0,4.1,4,4,50
25/04/2026,Cainta,8,HTIG,17.4,0.1,0.0,17.3,5,6,50
25/04/2026,Cainta,8,TOXOID BETT,3351.8,0.8,174.7,3525.7,4,5,50
25/04/2026,Cainta,8,TOXOID ABHAYTOX,244.1,0.2,0.0,243.9,4,4,50
25/04/2026,Cainta,8,PPD,16.4,0.0,0.0,16.4,4,4,50
25/04/2026,Cainta,8,HEPA B,41.0,0.2,0.0,40.8,3,3,50
25/04/2026,Cainta,8,HEPA BIG,28.3,0.2,0.0,28.1,4,5,50
25/04/2026,Cainta,8,FLU,30.9,0.1,0.0,30.8,5,6,50
25/04/2026,Cainta,8,AMOXICILLIN 500MG,4251.4,2.4,0.0,4249.0,5,7,140
25/04/2026,Cainta,8,CEFALEXIN 500 MG,7478.6,1.6,0.0,7477.0,3,4,100
25/04/2026,Cainta,8,MEFENAMIC 500 MG,5709.4,2.2,0.0,5707.2,3,3,120
25/04/2026,Cainta,8,INSULIN,1438.3,2.2,0.0,1436.1,5,5,150
25/04/2026,Cainta,8,1CC/3CC,2493.9,0.8,0.0,2493.1,2,3,50
25/04/2026,Cainta,8,5CC/10CC,2964.6,0.7,0.0,2963.9,5,4,50
25/04/2026,Cainta,8,CETIRIZINE,4823.5,1.5,0.0,4822.0,3,3,100
25/04/2026,Cainta,8,G23,1565.5,0.4,0.0,1565.1,4,4,50
25/04/2026,Cainta,8,G27,1605.3,0.4,0.0,1604.9,5,6,50
25/04/2026,Cainta,8,GAUZE PAD,338.3,0.8,45.3,382.8,4,5,50
25/04/2026,Cainta,8,COTTON BALLS,4068.8,4.3,175.9,4240.4,3,4,240
25/04/2026,Cainta,8,BETADINE,14.0,0.0,0.0,14.0,5,5,50
25/04/2026,Cainta,8,ALCOHOL,9.8,0.0,0.0,9.8,3,3,50
25/04/2026,Cainta,8,FACEMASK,1698.6,1.5,0.0,1697.1,3,3,100
25/04/2026,Cainta,8,GLOVES,1640.2,1.7,0.0,1638.5,4,5,100
25/04/2026,Cainta,8,MICROPRE,60.8,0.4,0.0,60.4,3,3,50
25/04/2026,Cainta,8,STERILE WATER,98.3,0.2,0.0,98.1,4,5,50
25/04/2026,Cainta,8,REF THERMOMETER,16.4,0.1,0.0,16.3,2,2,50
25/04/2026,Cainta,8,ACRYLIC CONTAINERS,20.1,0.2,0.0,19.9,3,4,50
25/04/2026,Cainta,8,COOLER,4.7,0.0,0.0,4.7,5,6,50
25/04/2026,Cainta,8,KIDNEY BASIN,8.8,0.2,0.0,8.6,2,2,50
25/04/2026,Cainta,8,WEIGHING SCALE,0.3,0.0,0.0,0.3,3,4,50
25/04/2026,Cainta,8,FORCEPS,13.0,0.2,0.0,12.8,4,4,50
25/04/2026,Cainta,8,BETADINE CONTAINER,8.4,0.1,0.0,8.3,5,6,50
25/04/2026,Cainta,8,ALCOHOL PUMP CONTAINER,17.4,0.1,0.0,17.3,4,5,50
26/04/2026,Cainta,21,SPEEDA,2571.3,3.1,0.0,2568.2,12,14,70
26/04/2026,Cainta,21,ABHAYRAB,361.8,1.1,0.0,360.7,7,7,50
26/04/2026,Cainta,21,VAXIRAB,260.5,1.1,0.0,259.4,8,11,50
26/04/2026,Cainta,21,CHIRORAB,38.9,1.0,0.0,37.9,13,18,50
26/04/2026,Cainta,21,ERIG,3.3,0.8,19.4,21.9,13,15,50
26/04/2026,Cainta,21,HRIG,10.5,0.4,0.0,10.1,10,14,50
26/04/2026,Cainta,21,"ATS 1,500 ""IU""",30.1,0.4,0.0,29.7,9,10,50
26/04/2026,Cainta,21,"ATS 3000 ""IU""",109.6,0.4,0.0,109.2,9,9,50
26/04/2026,Cainta,21,"ATS 5,000 ""IU""",4.1,0.4,0.0,3.7,6,6,50
26/04/2026,Cainta,21,HTIG,17.3,0.2,0.0,17.1,13,11,50
26/04/2026,Cainta,21,TOXOID BETT,3525.7,2.1,0.0,3523.6,12,14,50
26/04/2026,Cainta,21,TOXOID ABHAYTOX,243.9,0.4,0.0,243.5,9,11,50
26/04/2026,Cainta,21,PPD,16.4,0.1,0.0,16.3,8,7,50
26/04/2026,Cainta,21,HEPA B,40.8,0.4,0.0,40.4,8,8,50
26/04/2026,Cainta,21,HEPA BIG,28.1,0.4,0.0,27.7,6,7,50
26/04/2026,Cainta,21,FLU,30.8,0.2,0.0,30.6,11,14,50
26/04/2026,Cainta,21,AMOXICILLIN 500MG,4249.0,5.6,0.0,4243.4,10,14,140
26/04/2026,Cainta,21,CEFALEXIN 500 MG,7477.0,4.7,0.0,7472.3,7,7,100
26/04/2026,Cainta,21,MEFENAMIC 500 MG,5707.2,5.2,0.0,5702.0,10,13,120
26/04/2026,Cainta,21,INSULIN,1436.1,4.5,0.0,1431.6,13,12,150
26/04/2026,Cainta,21,1CC/3CC,2493.1,2.0,0.0,2491.1,6,5,50
26/04/2026,Cainta,21,5CC/10CC,2963.9,2.1,0.0,2961.8,9,11,50
26/04/2026,Cainta,21,CETIRIZINE,4822.0,3.7,143.9,4962.2,9,10,100
26/04/2026,Cainta,21,G23,1565.1,1.0,0.0,1564.1,7,9,50
26/04/2026,Cainta,21,G27,1604.9,1.1,0.0,1603.8,10,10,50
26/04/2026,Cainta,21,GAUZE PAD,382.8,2.3,0.0,380.5,10,9,50
26/04/2026,Cainta,21,COTTON BALLS,4240.4,9.9,0.0,4230.5,7,8,240
26/04/2026,Cainta,21,BETADINE,14.0,0.1,0.0,13.9,7,6,50
26/04/2026,Cainta,21,ALCOHOL,9.8,0.1,0.0,9.7,12,12,50
26/04/2026,Cainta,21,FACEMASK,1697.1,4.8,0.0,1692.3,8,7,100
26/04/2026,Cainta,21,GLOVES,1638.5,4.3,0.0,1634.2,11,11,100
26/04/2026,Cainta,21,MICROPRE,60.4,1.0,0.0,59.4,11,14,50
26/04/2026,Cainta,21,STERILE WATER,98.1,0.6,0.0,97.5,12,10,50
26/04/2026,Cainta,21,REF THERMOMETER,16.3,0.2,0.0,16.1,11,13,50
26/04/2026,Cainta,21,ACRYLIC CONTAINERS,19.9,0.4,0.0,19.5,12,14,50
26/04/2026,Cainta,21,COOLER,4.7,0.1,0.0,4.6,11,12,50
26/04/2026,Cainta,21,KIDNEY BASIN,8.6,0.4,0.0,8.2,9,10,50
26/04/2026,Cainta,21,WEIGHING SCALE,0.3,0.1,0.0,0.2,9,11,50
26/04/2026,Cainta,21,FORCEPS,12.8,0.4,0.0,12.4,8,10,50
26/04/2026,Cainta,21,BETADINE CONTAINER,8.3,0.2,0.0,8.1,9,8,50
26/04/2026,Cainta,21,ALCOHOL PUMP CONTAINER,17.3,0.2,0.0,17.1,6,8,50
27/04/2026,Cainta,57,SPEEDA,2568.2,8.2,0.0,2560.0,24,20,70
27/04/2026,Cainta,57,ABHAYRAB,360.7,3.0,0.0,357.7,23,25,50
27/04/2026,Cainta,57,VAXIRAB,259.4,2.8,0.0,256.6,15,17,50
27/04/2026,Cainta,57,CHIRORAB,37.9,2.8,27.7,62.8,21,19,50
27/04/2026,Cainta,57,ERIG,21.9,2.2,0.0,19.7,31,26,50
27/04/2026,Cainta,57,HRIG,10.1,1.2,0.0,8.9,27,23,50
27/04/2026,Cainta,57,"ATS 1,500 ""IU""",29.7,1.2,0.0,28.5,33,27,50
27/04/2026,Cainta,57,"ATS 3000 ""IU""",109.2,1.1,0.0,108.1,27,31,50
27/04/2026,Cainta,57,"ATS 5,000 ""IU""",3.7,1.1,0.0,2.6,34,30,50
27/04/2026,Cainta,57,HTIG,17.1,0.6,0.0,16.5,32,41,50
27/04/2026,Cainta,57,TOXOID BETT,3523.6,5.9,91.5,3609.2,16,21,50
27/04/2026,Cainta,57,TOXOID ABHAYTOX,243.5,1.1,0.0,242.4,37,36,50
27/04/2026,Cainta,57,PPD,16.3,0.3,0.0,16.0,15,13,50
27/04/2026,Cainta,57,HEPA B,40.4,1.1,0.0,39.3,28,29,50
27/04/2026,Cainta,57,HEPA BIG,27.7,1.2,0.0,26.5,32,43,50
27/04/2026,Cainta,57,FLU,30.6,0.6,0.0,30.0,22,23,50
27/04/2026,Cainta,57,AMOXICILLIN 500MG,4243.4,13.2,0.0,4230.2,28,24,140
27/04/2026,Cainta,57,CEFALEXIN 500 MG,7472.3,11.0,0.0,7461.3,23,32,100
27/04/2026,Cainta,57,MEFENAMIC 500 MG,5702.0,11.8,0.0,5690.2,16,18,120
27/04/2026,Cainta,57,INSULIN,1431.6,13.7,0.0,1417.9,14,14,150
27/04/2026,Cainta,57,1CC/3CC,2491.1,5.4,0.0,2485.7,16,21,50
27/04/2026,Cainta,57,5CC/10CC,2961.8,5.4,0.0,2956.4,16,22,50
27/04/2026,Cainta,57,CETIRIZINE,4962.2,10.4,0.0,4951.8,28,31,100
27/04/2026,Cainta,57,G23,1564.1,2.9,0.0,1561.2,26,26,50
27/04/2026,Cainta,57,G27,1603.8,2.8,0.0,1601.0,25,27,50
27/04/2026,Cainta,57,GAUZE PAD,380.5,5.6,0.0,374.9,30,28,50
27/04/2026,Cainta,57,COTTON BALLS,4230.5,34.1,0.0,4196.4,15,16,240
27/04/2026,Cainta,57,BETADINE,13.9,0.3,0.0,13.6,20,19,50
27/04/2026,Cainta,57,ALCOHOL,9.7,0.3,0.0,9.4,32,38,50
27/04/2026,Cainta,57,FACEMASK,1692.3,11.8,0.0,1680.5,35,44,100
27/04/2026,Cainta,57,GLOVES,1634.2,9.4,0.0,1624.8,24,33,100
27/04/2026,Cainta,57,MICROPRE,59.4,2.7,0.0,56.7,16,21,50
27/04/2026,Cainta,57,STERILE WATER,97.5,1.7,0.0,95.8,32,27,50
27/04/2026,Cainta,57,REF THERMOMETER,16.1,0.6,0.0,15.5,34,32,50
27/04/2026,Cainta,57,ACRYLIC CONTAINERS,19.5,1.2,0.0,18.3,24,27,50
27/04/2026,Cainta,57,COOLER,4.6,0.3,3.6,7.9,20,19,50
27/04/2026,Cainta,57,KIDNEY BASIN,8.2,1.1,0.0,7.1,15,12,50
27/04/2026,Cainta,57,WEIGHING SCALE,0.2,0.3,17.1,17.0,28,35,50
27/04/2026,Cainta,57,FORCEPS,12.4,1.1,0.0,11.3,35,36,50
27/04/2026,Cainta,57,BETADINE CONTAINER,8.1,0.6,0.0,7.5,30,25,50
27/04/2026,Cainta,57,ALCOHOL PUMP CONTAINER,17.1,0.6,0.0,16.5,21,23,50
28/04/2026,Cainta,34,SPEEDA,2560.0,5.3,0.0,2554.7,17,24,70
28/04/2026,Cainta,34,ABHAYRAB,357.7,1.8,0.0,355.9,20,24,50
28/04/2026,Cainta,34,VAXIRAB,256.6,1.7,0.0,254.9,15,13,50
28/04/2026,Cainta,34,CHIRORAB,62.8,1.8,0.0,61.0,20,22,50
28/04/2026,Cainta,34,ERIG,19.7,1.3,0.0,18.4,14,19,50
28/04/2026,Cainta,34,HRIG,8.9,0.7,0.0,8.2,13,11,50
28/04/2026,Cainta,34,"ATS 1,500 ""IU""",28.5,0.7,0.0,27.8,16,19,50
28/04/2026,Cainta,34,"ATS 3000 ""IU""",108.1,0.7,0.0,107.4,15,18,50
28/04/2026,Cainta,34,"ATS 5,000 ""IU""",2.6,0.7,0.0,1.9,22,27,50
28/04/2026,Cainta,34,HTIG,16.5,0.3,0.0,16.2,16,14,50
28/04/2026,Cainta,34,TOXOID BETT,3609.2,3.5,0.0,3605.7,14,19,50
28/04/2026,Cainta,34,TOXOID ABHAYTOX,242.4,0.7,0.0,241.7,14,14,50
28/04/2026,Cainta,34,PPD,16.0,0.2,0.0,15.8,16,13,50
28/04/2026,Cainta,34,HEPA B,39.3,0.7,0.0,38.6,13,11,50
28/04/2026,Cainta,34,HEPA BIG,26.5,0.7,0.0,25.8,18,19,50
28/04/2026,Cainta,34,FLU,30.0,0.3,0.0,29.7,14,12,50
28/04/2026,Cainta,34,AMOXICILLIN 500MG,4230.2,10.2,0.0,4220.0,14,18,140
28/04/2026,Cainta,34,CEFALEXIN 500 MG,7461.3,6.8,343.1,7797.6,17,22,100
28/04/2026,Cainta,34,MEFENAMIC 500 MG,5690.2,8.2,0.0,5682.0,9,7,120
28/04/2026,Cainta,34,INSULIN,1417.9,11.3,0.0,1406.6,17,22,150
28/04/2026,Cainta,34,1CC/3CC,2485.7,3.3,0.0,2482.4,15,21,50
28/04/2026,Cainta,34,5CC/10CC,2956.4,3.6,0.0,2952.8,15,12,50
28/04/2026,Cainta,34,CETIRIZINE,4951.8,6.1,0.0,4945.7,18,22,100
28/04/2026,Cainta,34,G23,1561.2,1.6,0.0,1559.6,19,27,50
28/04/2026,Cainta,34,G27,1601.0,1.7,0.0,1599.3,20,26,50
28/04/2026,Cainta,34,GAUZE PAD,374.9,3.4,0.0,371.5,14,15,50
28/04/2026,Cainta,34,COTTON BALLS,4196.4,15.5,414.1,4595.0,13,17,240
28/04/2026,Cainta,34,BETADINE,13.6,0.2,0.0,13.4,18,22,50
28/04/2026,Cainta,34,ALCOHOL,9.4,0.2,0.0,9.2,16,16,50
28/04/2026,Cainta,34,FACEMASK,1680.5,6.7,0.0,1673.8,17,16,100
28/04/2026,Cainta,34,GLOVES,1624.8,7.8,0.0,1617.0,16,18,100
28/04/2026,Cainta,34,MICROPRE,56.7,1.8,0.0,54.9,19,19,50
28/04/2026,Cainta,34,STERILE WATER,95.8,1.1,0.0,94.7,11,11,50
28/04/2026,Cainta,34,REF THERMOMETER,15.5,0.3,0.0,15.2,16,15,50
28/04/2026,Cainta,34,ACRYLIC CONTAINERS,18.3,0.7,0.0,17.6,11,14,50
28/04/2026,Cainta,34,COOLER,7.9,0.2,0.0,7.7,14,17,50
28/04/2026,Cainta,34,KIDNEY BASIN,7.1,0.7,0.0,6.4,18,18,50
28/04/2026,Cainta,34,WEIGHING SCALE,17.0,0.2,0.0,16.8,15,14,50
28/04/2026,Cainta,34,FORCEPS,11.3,0.7,0.0,10.6,14,12,50
28/04/2026,Cainta,34,BETADINE CONTAINER,7.5,0.3,0.0,7.2,21,18,50
28/04/2026,Cainta,34,ALCOHOL PUMP CONTAINER,16.5,0.3,0.0,16.2,19,22,50
29/04/2026,Cainta,77,SPEEDA,2554.7,10.7,0.0,2544.0,35,30,70
29/04/2026,Cainta,77,ABHAYRAB,355.9,3.9,0.0,352.0,49,67,50
29/04/2026,Cainta,77,VAXIRAB,254.9,3.8,0.0,251.1,32,31,50
29/04/2026,Cainta,77,CHIRORAB,61.0,3.7,0.0,57.3,44,36,50
29/04/2026,Cainta,77,ERIG,18.4,3.1,0.0,15.3,24,32,50
29/04/2026,Cainta,77,HRIG,8.2,1.5,0.0,6.7,28,29,50
29/04/2026,Cainta,77,"ATS 1,500 ""IU""",27.8,1.5,0.0,26.3,30,30,50
29/04/2026,Cainta,77,"ATS 3000 ""IU""",107.4,1.5,0.0,105.9,23,20,50
29/04/2026,Cainta,77,"ATS 5,000 ""IU""",1.9,1.5,14.0,14.4,35,42,50
29/04/2026,Cainta,77,HTIG,16.2,0.8,0.0,15.4,25,25,50
29/04/2026,Cainta,77,TOXOID BETT,3605.7,7.0,0.0,3598.7,39,50,50
29/04/2026,Cainta,77,TOXOID ABHAYTOX,241.7,1.5,0.0,240.2,25,29,50
29/04/2026,Cainta,77,PPD,15.8,0.4,0.0,15.4,23,31,50
29/04/2026,Cainta,77,HEPA B,38.6,1.5,0.0,37.1,49,58,50
29/04/2026,Cainta,77,HEPA BIG,25.8,1.6,0.0,24.2,40,51,50
29/04/2026,Cainta,77,FLU,29.7,0.8,0.0,28.9,48,58,50
29/04/2026,Cainta,77,AMOXICILLIN 500MG,4220.0,20.3,230.7,4430.4,34,37,140
29/04/2026,Cainta,77,CEFALEXIN 500 MG,7797.6,16.3,0.0,7781.3,20,24,100
29/04/2026,Cainta,77,MEFENAMIC 500 MG,5682.0,21.1,0.0,5660.9,37,44,120
29/04/2026,Cainta,77,INSULIN,1406.6,21.1,0.0,1385.5,36,29,150
29/04/2026,Cainta,77,1CC/3CC,2482.4,7.1,112.8,2588.1,20,24,50
29/04/2026,Cainta,77,5CC/10CC,2952.8,7.7,0.0,2945.1,46,44,50
29/04/2026,Cainta,77,CETIRIZINE,4945.7,15.1,0.0,4930.6,38,43,100
29/04/2026,Cainta,77,G23,1559.6,3.8,0.0,1555.8,42,36,50
29/04/2026,Cainta,77,G27,1599.3,3.9,0.0,1595.4,34,28,50
29/04/2026,Cainta,77,GAUZE PAD,371.5,7.4,0.0,364.1,38,31,50
29/04/2026,Cainta,77,COTTON BALLS,4595.0,30.6,0.0,4564.4,27,24,240
29/04/2026,Cainta,77,BETADINE,13.4,0.4,0.0,13.0,49,40,50
29/04/2026,Cainta,77,ALCOHOL,9.2,0.4,0.0,8.8,32,28,50
29/04/2026,Cainta,77,FACEMASK,1673.8,13.7,0.0,1660.1,24,27,100
29/04/2026,Cainta,77,GLOVES,1617.0,16.9,0.0,1600.1,21,22,100
29/04/2026,Cainta,77,MICROPRE,54.9,3.7,0.0,51.2,39,54,50
29/04/2026,Cainta,77,STERILE WATER,94.7,2.3,0.0,92.4,50,64,50
29/04/2026,Cainta,77,REF THERMOMETER,15.2,0.8,0.0,14.4,47,42,50
29/04/2026,Cainta,77,ACRYLIC CONTAINERS,17.6,1.5,0.0,16.1,41,43,50
29/04/2026,Cainta,77,COOLER,7.7,0.4,0.0,7.3,50,53,50
29/04/2026,Cainta,77,KIDNEY BASIN,6.4,1.6,0.0,4.8,42,43,50
29/04/2026,Cainta,77,WEIGHING SCALE,16.8,0.4,0.0,16.4,30,33,50
29/04/2026,Cainta,77,FORCEPS,10.6,1.6,0.0,9.0,38,46,50
29/04/2026,Cainta,77,BETADINE CONTAINER,7.2,0.8,0.0,6.4,22,26,50
29/04/2026,Cainta,77,ALCOHOL PUMP CONTAINER,16.2,0.8,0.0,15.4,26,26,50
30/04/2026,Cainta,47,SPEEDA,2544.0,7.3,0.0,2536.7,20,24,70
30/04/2026,Cainta,47,ABHAYRAB,352.0,2.5,0.0,349.5,16,16,50
30/04/2026,Cainta,47,VAXIRAB,251.1,2.3,0.0,248.8,30,39,50
30/04/2026,Cainta,47,CHIRORAB,57.3,2.3,0.0,55.0,30,41,50
30/04/2026,Cainta,47,ERIG,15.3,1.9,0.0,13.4,19,19,50
30/04/2026,Cainta,47,HRIG,6.7,0.9,0.0,5.8,25,32,50
30/04/2026,Cainta,47,"ATS 1,500 ""IU""",26.3,0.9,0.0,25.4,19,24,50
30/04/2026,Cainta,47,"ATS 3000 ""IU""",105.9,0.9,0.0,105.0,14,15,50
30/04/2026,Cainta,47,"ATS 5,000 ""IU""",14.4,1.0,0.0,13.4,18,15,50
30/04/2026,Cainta,47,HTIG,15.4,0.5,0.0,14.9,16,20,50
30/04/2026,Cainta,47,TOXOID BETT,3598.7,4.6,0.0,3594.1,18,19,50
30/04/2026,Cainta,47,TOXOID ABHAYTOX,240.2,0.9,0.0,239.3,16,15,50
30/04/2026,Cainta,47,PPD,15.4,0.2,0.0,15.2,14,16,50
30/04/2026,Cainta,47,HEPA B,37.1,0.9,0.0,36.2,16,17,50
30/04/2026,Cainta,47,HEPA BIG,24.2,1.0,0.0,23.2,29,25,50
30/04/2026,Cainta,47,FLU,28.9,0.5,0.0,28.4,13,18,50
30/04/2026,Cainta,47,AMOXICILLIN 500MG,4430.4,14.7,0.0,4415.7,18,17,140
30/04/2026,Cainta,47,CEFALEXIN 500 MG,7781.3,9.4,0.0,7771.9,22,24,100
30/04/2026,Cainta,47,MEFENAMIC 500 MG,5660.9,13.3,0.0,5647.6,18,22,120
30/04/2026,Cainta,47,INSULIN,1385.5,16.6,0.0,1368.9,21,18,150
30/04/2026,Cainta,47,1CC/3CC,2588.1,4.5,0.0,2583.6,13,16,50
30/04/2026,Cainta,47,5CC/10CC,2945.1,4.6,0.0,2940.5,24,29,50
30/04/2026,Cainta,47,CETIRIZINE,4930.6,8.2,0.0,4922.4,22,24,100
30/04/2026,Cainta,47,G23,1555.8,2.4,0.0,1553.4,25,28,50
30/04/2026,Cainta,47,G27,1595.4,2.4,0.0,1593.0,22,30,50
30/04/2026,Cainta,47,GAUZE PAD,364.1,4.4,0.0,359.7,20,27,50
30/04/2026,Cainta,47,COTTON BALLS,4564.4,21.5,0.0,4542.9,18,16,240
30/04/2026,Cainta,47,BETADINE,13.0,0.2,0.0,12.8,16,16,50
30/04/2026,Cainta,47,ALCOHOL,8.8,0.2,0.0,8.6,21,23,50
30/04/2026,Cainta,47,FACEMASK,1660.1,9.9,0.0,1650.2,12,16,100
30/04/2026,Cainta,47,GLOVES,1600.1,8.7,0.0,1591.4,18,23,100
30/04/2026,Cainta,47,MICROPRE,51.2,2.3,0.0,48.9,24,25,50
30/04/2026,Cainta,47,STERILE WATER,92.4,1.4,0.0,91.0,14,19,50
30/04/2026,Cainta,47,REF THERMOMETER,14.4,0.5,0.0,13.9,13,13,50
30/04/2026,Cainta,47,ACRYLIC CONTAINERS,16.1,0.9,0.0,15.2,24,23,50
30/04/2026,Cainta,47,COOLER,7.3,0.2,0.0,7.1,19,22,50
30/04/2026,Cainta,47,KIDNEY BASIN,4.8,0.9,0.0,3.9,27,27,50
30/04/2026,Cainta,47,WEIGHING SCALE,16.4,0.2,0.0,16.2,29,34,50
30/04/2026,Cainta,47,FORCEPS,9.0,0.9,0.0,8.1,30,31,50
30/04/2026,Cainta,47,BETADINE CONTAINER,6.4,0.5,0.0,5.9,20,26,50
30/04/2026,Cainta,47,ALCOHOL PUMP CONTAINER,15.4,0.5,0.0,14.9,17,23,50
01/05/2026,Cainta,37,SPEEDA,2536.7,5.3,0.0,2531.4,18,17,70
01/05/2026,Cainta,37,ABHAYRAB,349.5,1.8,11.1,358.8,19,21,50
01/05/2026,Cainta,37,VAXIRAB,248.8,1.9,0.0,246.9,18,22,50
01/05/2026,Cainta,37,CHIRORAB,55.0,2.1,0.0,52.9,14,13,50
01/05/2026,Cainta,37,ERIG,13.4,1.4,0.0,12.0,10,13,50
01/05/2026,Cainta,37,HRIG,5.8,0.7,0.0,5.1,12,14,50
01/05/2026,Cainta,37,"ATS 1,500 ""IU""",25.4,0.7,0.0,24.7,12,11,50
01/05/2026,Cainta,37,"ATS 3000 ""IU""",105.0,0.7,0.0,104.3,11,15,50
01/05/2026,Cainta,37,"ATS 5,000 ""IU""",13.4,0.7,15.0,27.7,23,24,50
01/05/2026,Cainta,37,HTIG,14.9,0.4,0.0,14.5,9,8,50
01/05/2026,Cainta,37,TOXOID BETT,3594.1,3.7,150.5,3740.9,18,17,50
01/05/2026,Cainta,37,TOXOID ABHAYTOX,239.3,0.7,0.0,238.6,23,29,50
01/05/2026,Cainta,37,PPD,15.2,0.2,0.0,15.0,15,20,50
01/05/2026,Cainta,37,HEPA B,36.2,0.7,0.0,35.5,17,17,50
01/05/2026,Cainta,37,HEPA BIG,23.2,0.7,0.0,22.5,20,17,50
01/05/2026,Cainta,37,FLU,28.4,0.4,0.0,28.0,14,12,50
01/05/2026,Cainta,37,AMOXICILLIN 500MG,4415.7,10.5,0.0,4405.2,16,19,140
01/05/2026,Cainta,37,CEFALEXIN 500 MG,7771.9,7.6,0.0,7764.3,21,21,100
01/05/2026,Cainta,37,MEFENAMIC 500 MG,5647.6,8.0,0.0,5639.6,20,21,120
01/05/2026,Cainta,37,INSULIN,1368.9,10.5,0.0,1358.4,21,21,150
01/05/2026,Cainta,37,1CC/3CC,2583.6,3.5,0.0,2580.1,24,26,50
01/05/2026,Cainta,37,5CC/10CC,2940.5,3.5,0.0,2937.0,15,18,50
01/05/2026,Cainta,37,CETIRIZINE,4922.4,6.0,0.0,4916.4,20,22,100
01/05/2026,Cainta,37,G23,1553.4,1.9,0.0,1551.5,18,16,50
01/05/2026,Cainta,37,G27,1593.0,1.8,0.0,1591.2,19,21,50
01/05/2026,Cainta,37,GAUZE PAD,359.7,3.9,36.9,392.7,20,22,50
01/05/2026,Cainta,37,COTTON BALLS,4542.9,22.9,209.3,4729.3,20,23,240
01/05/2026,Cainta,37,BETADINE,12.8,0.2,0.0,12.6,22,19,50
01/05/2026,Cainta,37,ALCOHOL,8.6,0.2,0.0,8.4,14,12,50
01/05/2026,Cainta,37,FACEMASK,1650.2,9.6,0.0,1640.6,19,21,100
01/05/2026,Cainta,37,GLOVES,1591.4,8.8,0.0,1582.6,13,13,100
01/05/2026,Cainta,37,MICROPRE,48.9,1.8,0.0,47.1,18,21,50
01/05/2026,Cainta,37,STERILE WATER,91.0,1.1,0.0,89.9,20,20,50
01/05/2026,Cainta,37,REF THERMOMETER,13.9,0.4,0.0,13.5,21,20,50
01/05/2026,Cainta,37,ACRYLIC CONTAINERS,15.2,0.7,0.0,14.5,15,18,50
01/05/2026,Cainta,37,COOLER,7.1,0.2,0.0,6.9,17,18,50
01/05/2026,Cainta,37,KIDNEY BASIN,3.9,0.7,0.0,3.2,14,13,50
01/05/2026,Cainta,37,WEIGHING SCALE,16.2,0.2,0.0,16.0,12,15,50
01/05/2026,Cainta,37,FORCEPS,8.1,0.7,0.0,7.4,13,14,50
01/05/2026,Cainta,37,BETADINE CONTAINER,5.9,0.4,0.0,5.5,23,31,50
01/05/2026,Cainta,37,ALCOHOL PUMP CONTAINER,14.9,0.4,0.0,14.5,14,13,50
02/05/2026,Cainta,81,SPEEDA,2531.4,11.1,165.9,2686.2,52,69,70
02/05/2026,Cainta,81,ABHAYRAB,358.8,4.0,0.0,354.8,28,36,50
02/05/2026,Cainta,81,VAXIRAB,246.9,4.2,0.0,242.7,44,38,50
02/05/2026,Cainta,81,CHIRORAB,52.9,4.1,0.0,48.8,39,44,50
02/05/2026,Cainta,81,ERIG,12.0,3.2,0.0,8.8,43,51,50
02/05/2026,Cainta,81,HRIG,5.1,1.6,0.0,3.5,41,45,50
02/05/2026,Cainta,81,"ATS 1,500 ""IU""",24.7,1.6,0.0,23.1,43,44,50
02/05/2026,Cainta,81,"ATS 3000 ""IU""",104.3,1.6,0.0,102.7,50,68,50
02/05/2026,Cainta,81,"ATS 5,000 ""IU""",27.7,1.6,0.0,26.1,39,48,50
02/05/2026,Cainta,81,HTIG,14.5,0.8,0.0,13.7,22,30,50
02/05/2026,Cainta,81,TOXOID BETT,3740.9,7.6,0.0,3733.3,29,38,50
02/05/2026,Cainta,81,TOXOID ABHAYTOX,238.6,1.6,0.0,237.0,43,55,50
02/05/2026,Cainta,81,PPD,15.0,0.4,0.0,14.6,36,44,50
02/05/2026,Cainta,81,HEPA B,35.5,1.6,0.0,33.9,38,45,50
02/05/2026,Cainta,81,HEPA BIG,22.5,1.6,0.0,20.9,40,53,50
02/05/2026,Cainta,81,FLU,28.0,0.8,0.0,27.2,33,39,50
02/05/2026,Cainta,81,AMOXICILLIN 500MG,4405.2,28.6,0.0,4376.6,45,38,140
02/05/2026,Cainta,81,CEFALEXIN 500 MG,7764.3,13.5,0.0,7750.8,44,51,100
02/05/2026,Cainta,81,MEFENAMIC 500 MG,5639.6,22.6,198.1,5815.1,43,37,120
02/05/2026,Cainta,81,INSULIN,1358.4,23.0,0.0,1335.4,43,59,150
02/05/2026,Cainta,81,1CC/3CC,2580.1,8.4,0.0,2571.7,49,58,50
02/05/2026,Cainta,81,5CC/10CC,2937.0,7.6,0.0,2929.4,40,45,50
02/05/2026,Cainta,81,CETIRIZINE,4916.4,18.2,0.0,4898.2,52,48,100
02/05/2026,Cainta,81,G23,1551.5,3.9,0.0,1547.6,24,27,50
02/05/2026,Cainta,81,G27,1591.2,4.0,0.0,1587.2,41,41,50
02/05/2026,Cainta,81,GAUZE PAD,392.7,7.7,0.0,385.0,43,52,50
02/05/2026,Cainta,81,COTTON BALLS,4729.3,28.5,0.0,4700.8,36,42,240
02/05/2026,Cainta,81,BETADINE,12.6,0.4,0.0,12.2,30,33,50
02/05/2026,Cainta,81,ALCOHOL,8.4,0.4,0.0,8.0,38,36,50
02/05/2026,Cainta,81,FACEMASK,1640.6,21.2,0.0,1619.4,32,36,100
02/05/2026,Cainta,81,GLOVES,1582.6,16.4,0.0,1566.2,50,54,100
02/05/2026,Cainta,81,MICROPRE,47.1,4.2,0.0,42.9,32,42,50
02/05/2026,Cainta,81,STERILE WATER,89.9,2.4,26.3,113.8,26,35,50
02/05/2026,Cainta,81,REF THERMOMETER,13.5,0.8,0.0,12.7,39,49,50
02/05/2026,Cainta,81,ACRYLIC CONTAINERS,14.5,1.6,0.0,12.9,33,33,50
02/05/2026,Cainta,81,COOLER,6.9,0.4,0.0,6.5,23,19,50
02/05/2026,Cainta,81,KIDNEY BASIN,3.2,1.6,0.0,1.6,39,53,50
02/05/2026,Cainta,81,WEIGHING SCALE,16.0,0.4,0.0,15.6,38,53,50
02/05/2026,Cainta,81,FORCEPS,7.4,1.6,0.0,5.8,26,23,50
02/05/2026,Cainta,81,BETADINE CONTAINER,5.5,0.8,0.0,4.7,40,48,50
02/05/2026,Cainta,81,ALCOHOL PUMP CONTAINER,14.5,0.8,0.0,13.7,39,41,50
03/05/2026,Cainta,73,SPEEDA,2686.2,10.1,0.0,2676.1,41,36,70
03/05/2026,Cainta,73,ABHAYRAB,354.8,3.6,0.0,351.2,29,41,50
03/05/2026,Cainta,73,VAXIRAB,242.7,3.9,0.0,238.8,26,35,50
03/05/2026,Cainta,73,CHIRORAB,48.8,3.8,0.0,45.0,46,64,50
03/05/2026,Cainta,73,ERIG,8.8,3.0,16.5,22.3,35,31,50
03/05/2026,Cainta,73,HRIG,3.5,1.5,0.0,2.0,19,21,50
03/05/2026,Cainta,73,"ATS 1,500 ""IU""",23.1,1.5,0.0,21.6,42,56,50
03/05/2026,Cainta,73,"ATS 3000 ""IU""",102.7,1.5,0.0,101.2,24,29,50
03/05/2026,Cainta,73,"ATS 5,000 ""IU""",26.1,1.5,0.0,24.6,41,43,50
03/05/2026,Cainta,73,HTIG,13.7,0.7,0.0,13.0,39,43,50
03/05/2026,Cainta,73,TOXOID BETT,3733.3,6.8,164.3,3890.8,47,39,50
03/05/2026,Cainta,73,TOXOID ABHAYTOX,237.0,1.5,0.0,235.5,46,54,50
03/05/2026,Cainta,73,PPD,14.6,0.4,0.0,14.2,26,34,50
03/05/2026,Cainta,73,HEPA B,33.9,1.5,0.0,32.4,41,33,50
03/05/2026,Cainta,73,HEPA BIG,20.9,1.4,0.0,19.5,28,25,50
03/05/2026,Cainta,73,FLU,27.2,0.7,19.1,45.6,37,41,50
03/05/2026,Cainta,73,AMOXICILLIN 500MG,4376.6,17.7,0.0,4358.9,36,41,140
03/05/2026,Cainta,73,CEFALEXIN 500 MG,7750.8,18.0,0.0,7732.8,20,20,100
03/05/2026,Cainta,73,MEFENAMIC 500 MG,5815.1,18.2,0.0,5796.9,18,15,120
03/05/2026,Cainta,73,INSULIN,1335.4,21.7,0.0,1313.7,20,25,150
03/05/2026,Cainta,73,1CC/3CC,2571.7,7.5,0.0,2564.2,22,21,50
03/05/2026,Cainta,73,5CC/10CC,2929.4,7.7,53.2,2974.9,26,31,50
03/05/2026,Cainta,73,CETIRIZINE,4898.2,16.0,0.0,4882.2,45,51,100
03/05/2026,Cainta,73,G23,1547.6,3.8,0.0,1543.8,33,35,50
03/05/2026,Cainta,73,G27,1587.2,3.6,0.0,1583.6,42,48,50
03/05/2026,Cainta,73,GAUZE PAD,385.0,7.2,0.0,377.8,43,52,50
03/05/2026,Cainta,73,COTTON BALLS,4700.8,42.6,0.0,4658.2,40,46,240
03/05/2026,Cainta,73,BETADINE,12.2,0.4,0.0,11.8,30,34,50
03/05/2026,Cainta,73,ALCOHOL,8.0,0.4,0.0,7.6,43,46,50
03/05/2026,Cainta,73,FACEMASK,1619.4,15.2,0.0,1604.2,40,42,100
03/05/2026,Cainta,73,GLOVES,1566.2,15.8,0.0,1550.4,40,44,100
03/05/2026,Cainta,73,MICROPRE,42.9,3.5,0.0,39.4,45,48,50
03/05/2026,Cainta,73,STERILE WATER,113.8,2.2,0.0,111.6,36,38,50
03/05/2026,Cainta,73,REF THERMOMETER,12.7,0.7,0.0,12.0,34,31,50
03/05/2026,Cainta,73,ACRYLIC CONTAINERS,12.9,1.5,0.0,11.4,44,54,50
03/05/2026,Cainta,73,COOLER,6.5,0.4,0.0,6.1,32,28,50
03/05/2026,Cainta,73,KIDNEY BASIN,1.6,1.5,0.0,0.1,42,56,50
03/05/2026,Cainta,73,WEIGHING SCALE,15.6,0.4,0.0,15.2,20,23,50
03/05/2026,Cainta,73,FORCEPS,5.8,1.5,0.0,4.3,18,15,50
03/05/2026,Cainta,73,BETADINE CONTAINER,4.7,0.7,0.0,4.0,34,41,50
03/05/2026,Cainta,73,ALCOHOL PUMP CONTAINER,13.7,0.7,0.0,13.0,20,20,50
04/05/2026,Cainta,10,SPEEDA,2676.1,1.5,0.0,2674.6,6,8,70
04/05/2026,Cainta,10,ABHAYRAB,351.2,0.5,0.0,350.7,3,4,50
04/05/2026,Cainta,10,VAXIRAB,238.8,0.5,0.0,238.3,5,7,50
04/05/2026,Cainta,10,CHIRORAB,45.0,0.5,0.0,44.5,3,3,50
04/05/2026,Cainta,10,ERIG,22.3,0.4,26.9,48.8,6,8,50
04/05/2026,Cainta,10,HRIG,2.0,0.2,0.0,1.8,4,5,50
04/05/2026,Cainta,10,"ATS 1,500 ""IU""",21.6,0.2,0.0,21.4,3,4,50
04/05/2026,Cainta,10,"ATS 3000 ""IU""",101.2,0.2,0.0,101.0,3,3,50
04/05/2026,Cainta,10,"ATS 5,000 ""IU""",24.6,0.2,0.0,24.4,5,7,50
04/05/2026,Cainta,10,HTIG,13.0,0.1,0.0,12.9,6,7,50
04/05/2026,Cainta,10,TOXOID BETT,3890.8,0.9,0.0,3889.9,6,6,50
04/05/2026,Cainta,10,TOXOID ABHAYTOX,235.5,0.2,0.0,235.3,4,6,50
04/05/2026,Cainta,10,PPD,14.2,0.1,0.0,14.1,4,5,50
04/05/2026,Cainta,10,HEPA B,32.4,0.2,0.0,32.2,3,4,50
04/05/2026,Cainta,10,HEPA BIG,19.5,0.2,0.0,19.3,5,4,50
04/05/2026,Cainta,10,FLU,45.6,0.1,0.0,45.5,5,6,50
04/05/2026,Cainta,10,AMOXICILLIN 500MG,4358.9,2.5,0.0,4356.4,4,5,140
04/05/2026,Cainta,10,CEFALEXIN 500 MG,7732.8,1.8,361.0,8092.0,5,4,100
04/05/2026,Cainta,10,MEFENAMIC 500 MG,5796.9,2.6,157.7,5952.0,6,8,120
04/05/2026,Cainta,10,INSULIN,1313.7,2.4,0.0,1311.3,3,4,150
04/05/2026,Cainta,10,1CC/3CC,2564.2,1.0,80.6,2643.8,3,3,50
04/05/2026,Cainta,10,5CC/10CC,2974.9,1.0,138.9,3112.8,3,4,50
04/05/2026,Cainta,10,CETIRIZINE,4882.2,1.8,0.0,4880.4,3,3,100
04/05/2026,Cainta,10,G23,1543.8,0.5,0.0,1543.3,3,4,50
04/05/2026,Cainta,10,G27,1583.6,0.5,0.0,1583.1,5,7,50
04/05/2026,Cainta,10,GAUZE PAD,377.8,0.9,39.0,415.9,3,3,50
04/05/2026,Cainta,10,COTTON BALLS,4658.2,4.1,0.0,4654.1,5,6,240
04/05/2026,Cainta,10,BETADINE,11.8,0.0,0.0,11.8,6,6,50
04/05/2026,Cainta,10,ALCOHOL,7.6,0.0,0.0,7.6,6,6,50
04/05/2026,Cainta,10,FACEMASK,1604.2,2.2,0.0,1602.0,5,7,100
04/05/2026,Cainta,10,GLOVES,1550.4,1.9,0.0,1548.5,3,3,100
04/05/2026,Cainta,10,MICROPRE,39.4,0.5,0.0,38.9,3,3,50
04/05/2026,Cainta,10,STERILE WATER,111.6,0.3,0.0,111.3,3,3,50
04/05/2026,Cainta,10,REF THERMOMETER,12.0,0.1,0.0,11.9,6,7,50
04/05/2026,Cainta,10,ACRYLIC CONTAINERS,11.4,0.2,0.0,11.2,6,8,50
04/05/2026,Cainta,10,COOLER,6.1,0.1,0.0,6.0,4,4,50
04/05/2026,Cainta,10,KIDNEY BASIN,0.1,0.2,16.1,16.0,4,4,50
04/05/2026,Cainta,10,WEIGHING SCALE,15.2,0.0,0.0,15.2,5,4,50
04/05/2026,Cainta,10,FORCEPS,4.3,0.2,0.0,4.1,4,4,50
04/05/2026,Cainta,10,BETADINE CONTAINER,4.0,0.1,0.0,3.9,6,6,50
04/05/2026,Cainta,10,ALCOHOL PUMP CONTAINER,13.0,0.1,0.0,12.9,3,4,50
05/05/2026,Cainta,99,SPEEDA,2674.6,16.2,0.0,2658.4,39,44,70
05/05/2026,Cainta,99,ABHAYRAB,350.7,5.0,0.0,345.7,42,35,50
05/05/2026,Cainta,99,VAXIRAB,238.3,5.0,0.0,233.3,30,35,50
05/05/2026,Cainta,99,CHIRORAB,44.5,4.7,0.0,39.8,40,51,50
05/05/2026,Cainta,99,ERIG,48.8,3.9,0.0,44.9,59,61,50
05/05/2026,Cainta,99,HRIG,1.8,2.0,7.2,7.0,30,28,50
05/05/2026,Cainta,99,"ATS 1,500 ""IU""",21.4,2.0,0.0,19.4,48,60,50
05/05/2026,Cainta,99,"ATS 3000 ""IU""",101.0,2.0,0.0,99.0,41,33,50
05/05/2026,Cainta,99,"ATS 5,000 ""IU""",24.4,2.0,0.0,22.4,32,41,50
05/05/2026,Cainta,99,HTIG,12.9,1.0,0.0,11.9,25,32,50
05/05/2026,Cainta,99,TOXOID BETT,3889.9,9.6,0.0,3880.3,36,48,50
05/05/2026,Cainta,99,TOXOID ABHAYTOX,235.3,2.0,0.0,233.3,27,23,50
05/05/2026,Cainta,99,PPD,14.1,0.5,0.0,13.6,40,35,50
05/05/2026,Cainta,99,HEPA B,32.2,2.0,0.0,30.2,57,75,50
05/05/2026,Cainta,99,HEPA BIG,19.3,2.0,0.0,17.3,53,58,50
05/05/2026,Cainta,99,FLU,45.5,1.0,0.0,44.5,62,64,50
05/05/2026,Cainta,99,AMOXICILLIN 500MG,4356.4,37.8,154.7,4473.3,42,48,140
05/05/2026,Cainta,99,CEFALEXIN 500 MG,8092.0,16.1,0.0,8075.9,53,44,100
05/05/2026,Cainta,99,MEFENAMIC 500 MG,5952.0,28.6,0.0,5923.4,51,60,120
05/05/2026,Cainta,99,INSULIN,1311.3,25.8,0.0,1285.5,33,45,150
05/05/2026,Cainta,99,1CC/3CC,2643.8,9.2,125.1,2759.7,37,45,50
05/05/2026,Cainta,99,5CC/10CC,3112.8,10.5,0.0,3102.3,46,50,50
05/05/2026,Cainta,99,CETIRIZINE,4880.4,21.3,0.0,4859.1,56,77,100
05/05/2026,Cainta,99,G23,1543.3,5.1,0.0,1538.2,43,52,50
05/05/2026,Cainta,99,G27,1583.1,5.1,0.0,1578.0,34,28,50
05/05/2026,Cainta,99,GAUZE PAD,415.9,11.0,0.0,404.9,64,77,50
05/05/2026,Cainta,99,COTTON BALLS,4654.1,55.4,0.0,4598.7,29,24,240
05/05/2026,Cainta,99,BETADINE,11.8,0.5,0.0,11.3,63,62,50
05/05/2026,Cainta,99,ALCOHOL,7.6,0.5,0.0,7.1,57,67,50
05/05/2026,Cainta,99,FACEMASK,1602.0,22.4,0.0,1579.6,58,54,100
05/05/2026,Cainta,99,GLOVES,1548.5,18.3,0.0,1530.2,56,46,100
05/05/2026,Cainta,99,MICROPRE,38.9,4.9,46.9,80.9,33,39,50
05/05/2026,Cainta,99,STERILE WATER,111.3,3.0,0.0,108.3,50,49,50
05/05/2026,Cainta,99,REF THERMOMETER,11.9,1.0,0.0,10.9,55,62,50
05/05/2026,Cainta,99,ACRYLIC CONTAINERS,11.2,2.0,0.0,9.2,54,52,50
05/05/2026,Cainta,99,COOLER,6.0,0.5,0.0,5.5,36,44,50
05/05/2026,Cainta,99,KIDNEY BASIN,16.0,2.0,0.0,14.0,32,43,50
05/05/2026,Cainta,99,WEIGHING SCALE,15.2,0.5,0.0,14.7,38,32,50
05/05/2026,Cainta,99,FORCEPS,4.1,2.0,0.0,2.1,44,56,50
05/05/2026,Cainta,99,BETADINE CONTAINER,3.9,1.0,0.0,2.9,47,42,50
05/05/2026,Cainta,99,ALCOHOL PUMP CONTAINER,12.9,1.0,0.0,11.9,58,58,50
06/05/2026,Cainta,93,SPEEDA,2658.4,15.3,0.0,2643.1,52,53,70
06/05/2026,Cainta,93,ABHAYRAB,345.7,4.7,25.4,366.4,48,44,50
06/05/2026,Cainta,93,VAXIRAB,233.3,4.4,0.0,228.9,33,28,50
06/05/2026,Cainta,93,CHIRORAB,39.8,5.0,0.0,34.8,41,52,50
06/05/2026,Cainta,93,ERIG,44.9,3.7,0.0,41.2,36,46,50
06/05/2026,Cainta,93,HRIG,7.0,1.8,0.0,5.2,32,45,50
06/05/2026,Cainta,93,"ATS 1,500 ""IU""",19.4,1.8,0.0,17.6,24,33,50
06/05/2026,Cainta,93,"ATS 3000 ""IU""",99.0,1.9,0.0,97.1,36,38,50
06/05/2026,Cainta,93,"ATS 5,000 ""IU""",22.4,1.9,23.3,43.8,33,29,50
06/05/2026,Cainta,93,HTIG,11.9,0.9,0.0,11.0,45,36,50
06/05/2026,Cainta,93,TOXOID BETT,3880.3,9.2,0.0,3871.1,26,29,50
06/05/2026,Cainta,93,TOXOID ABHAYTOX,233.3,1.9,0.0,231.4,33,43,50
06/05/2026,Cainta,93,PPD,13.6,0.5,0.0,13.1,25,24,50
06/05/2026,Cainta,93,HEPA B,30.2,1.8,0.0,28.4,47,43,50
06/05/2026,Cainta,93,HEPA BIG,17.3,1.9,0.0,15.4,44,47,50
06/05/2026,Cainta,93,FLU,44.5,0.9,0.0,43.6,36,48,50
06/05/2026,Cainta,93,AMOXICILLIN 500MG,4473.3,29.4,0.0,4443.9,29,31,140
06/05/2026,Cainta,93,CEFALEXIN 500 MG,8075.9,16.9,127.7,8186.7,59,73,100
06/05/2026,Cainta,93,MEFENAMIC 500 MG,5923.4,23.7,0.0,5899.7,45,48,120
06/05/2026,Cainta,93,INSULIN,1285.5,34.0,0.0,1251.5,49,50,150
06/05/2026,Cainta,93,1CC/3CC,2759.7,8.9,0.0,2750.8,43,46,50
06/05/2026,Cainta,93,5CC/10CC,3102.3,9.8,0.0,3092.5,53,67,50
06/05/2026,Cainta,93,CETIRIZINE,4859.1,17.8,282.0,5123.3,57,71,100
06/05/2026,Cainta,93,G23,1538.2,4.9,0.0,1533.3,37,39,50
06/05/2026,Cainta,93,G27,1578.0,4.6,0.0,1573.4,49,47,50
06/05/2026,Cainta,93,GAUZE PAD,404.9,8.9,0.0,396.0,32,28,50
06/05/2026,Cainta,93,COTTON BALLS,4598.7,53.4,0.0,4545.3,47,38,240
06/05/2026,Cainta,93,BETADINE,11.3,0.5,0.0,10.8,38,33,50
06/05/2026,Cainta,93,ALCOHOL,7.1,0.5,0.0,6.6,24,22,50
06/05/2026,Cainta,93,FACEMASK,1579.6,17.7,0.0,1561.9,59,72,100
06/05/2026,Cainta,93,GLOVES,1530.2,18.5,0.0,1511.7,56,72,100
06/05/2026,Cainta,93,MICROPRE,80.9,4.8,0.0,76.1,34,42,50
06/05/2026,Cainta,93,STERILE WATER,108.3,2.7,0.0,105.6,60,74,50
06/05/2026,Cainta,93,REF THERMOMETER,10.9,0.9,0.0,10.0,35,49,50
06/05/2026,Cainta,93,ACRYLIC CONTAINERS,9.2,1.9,0.0,7.3,40,55,50
06/05/2026,Cainta,93,COOLER,5.5,0.5,0.0,5.0,55,53,50
06/05/2026,Cainta,93,KIDNEY BASIN,14.0,1.9,0.0,12.1,35,31,50
06/05/2026,Cainta,93,WEIGHING SCALE,14.7,0.5,0.0,14.2,40,36,50
06/05/2026,Cainta,93,FORCEPS,2.1,1.9,0.0,0.2,48,64,50
06/05/2026,Cainta,93,BETADINE CONTAINER,2.9,0.9,0.0,2.0,28,24,50
06/05/2026,Cainta,93,ALCOHOL PUMP CONTAINER,11.9,0.9,0.0,11.0,39,39,50
07/05/2026,Cainta,100,SPEEDA,2643.1,14.5,0.0,2628.6,37,41,70
07/05/2026,Cainta,100,ABHAYRAB,366.4,5.1,0.0,361.3,52,61,50
07/05/2026,Cainta,100,VAXIRAB,228.9,4.9,0.0,224.0,30,35,50
07/05/2026,Cainta,100,CHIRORAB,34.8,4.9,0.0,29.9,34,43,50
07/05/2026,Cainta,100,ERIG,41.2,4.0,11.4,48.6,53,61,50
07/05/2026,Cainta,100,HRIG,5.2,2.0,0.0,3.2,31,41,50
07/05/2026,Cainta,100,"ATS 1,500 ""IU""",17.6,1.9,0.0,15.7,42,36,50
07/05/2026,Cainta,100,"ATS 3000 ""IU""",97.1,2.0,0.0,95.1,54,71,50
07/05/2026,Cainta,100,"ATS 5,000 ""IU""",43.8,2.0,0.0,41.8,56,65,50
07/05/2026,Cainta,100,HTIG,11.0,1.0,0.0,10.0,29,27,50
07/05/2026,Cainta,100,TOXOID BETT,3871.1,10.2,0.0,3860.9,59,82,50
07/05/2026,Cainta,100,TOXOID ABHAYTOX,231.4,2.0,0.0,229.4,54,74,50
07/05/2026,Cainta,100,PPD,13.1,0.5,0.0,12.6,39,51,50
07/05/2026,Cainta,100,HEPA B,28.4,1.9,0.0,26.5,56,75,50
07/05/2026,Cainta,100,HEPA BIG,15.4,2.0,0.0,13.4,54,56,50
07/05/2026,Cainta,100,FLU,43.6,1.0,0.0,42.6,49,46,50
07/05/2026,Cainta,100,AMOXICILLIN 500MG,4443.9,33.3,0.0,4410.6,47,43,140
07/05/2026,Cainta,100,CEFALEXIN 500 MG,8186.7,21.5,0.0,8165.2,54,72,100
07/05/2026,Cainta,100,MEFENAMIC 500 MG,5899.7,22.5,154.8,6032.0,65,84,120
07/05/2026,Cainta,100,INSULIN,1251.5,33.1,0.0,1218.4,48,67,150
07/05/2026,Cainta,100,1CC/3CC,2750.8,9.8,0.0,2741.0,57,75,50
07/05/2026,Cainta,100,5CC/10CC,3092.5,9.0,0.0,3083.5,55,65,50
07/05/2026,Cainta,100,CETIRIZINE,5123.3,22.5,0.0,5100.8,59,52,100
07/05/2026,Cainta,100,G23,1533.3,4.9,0.0,1528.4,63,57,50
07/05/2026,Cainta,100,G27,1573.4,4.9,0.0,1568.5,33,36,50
07/05/2026,Cainta,100,GAUZE PAD,396.0,9.8,0.0,386.2,32,40,50
07/05/2026,Cainta,100,COTTON BALLS,4545.3,52.8,217.3,4709.8,48,43,240
07/05/2026,Cainta,100,BETADINE,10.8,0.5,0.0,10.3,43,58,50
07/05/2026,Cainta,100,ALCOHOL,6.6,0.5,0.0,6.1,48,58,50
07/05/2026,Cainta,100,FACEMASK,1561.9,17.5,0.0,1544.4,57,56,100
07/05/2026,Cainta,100,GLOVES,1511.7,18.6,0.0,1493.1,62,83,100
07/05/2026,Cainta,100,MICROPRE,76.1,5.0,0.0,71.1,42,49,50
07/05/2026,Cainta,100,STERILE WATER,105.6,3.1,0.0,102.5,54,67,50
07/05/2026,Cainta,100,REF THERMOMETER,10.0,1.0,0.0,9.0,33,34,50
07/05/2026,Cainta,100,ACRYLIC CONTAINERS,7.3,2.0,0.0,5.3,46,48,50
07/05/2026,Cainta,100,COOLER,5.0,0.5,0.0,4.5,26,21,50
07/05/2026,Cainta,100,KIDNEY BASIN,12.1,2.0,10.8,20.9,45,51,50
07/05/2026,Cainta,100,WEIGHING SCALE,14.2,0.5,0.0,13.7,47,59,50
07/05/2026,Cainta,100,FORCEPS,0.2,2.0,6.8,5.0,54,75,50
07/05/2026,Cainta,100,BETADINE CONTAINER,2.0,1.0,0.0,1.0,51,68,50
07/05/2026,Cainta,100,ALCOHOL PUMP CONTAINER,11.0,1.0,0.0,10.0,39,33,50
08/05/2026,Cainta,39,SPEEDA,2628.6,6.0,0.0,2622.6,10,14,70
08/05/2026,Cainta,39,ABHAYRAB,361.3,2.0,0.0,359.3,12,11,50
08/05/2026,Cainta,39,VAXIRAB,224.0,1.9,0.0,222.1,25,21,50
08/05/2026,Cainta,39,CHIRORAB,29.9,1.9,0.0,28.0,24,30,50
08/05/2026,Cainta,39,ERIG,48.6,1.5,0.0,47.1,15,20,50
08/05/2026,Cainta,39,HRIG,3.2,0.8,0.0,2.4,14,19,50
08/05/2026,Cainta,39,"ATS 1,500 ""IU""",15.7,0.8,0.0,14.9,17,22,50
08/05/2026,Cainta,39,"ATS 3000 ""IU""",95.1,0.8,0.0,94.3,21,19,50
08/05/2026,Cainta,39,"ATS 5,000 ""IU""",41.8,0.8,0.0,41.0,15,13,50
08/05/2026,Cainta,39,HTIG,10.0,0.4,0.0,9.6,11,9,50
08/05/2026,Cainta,39,TOXOID BETT,3860.9,4.0,0.0,3856.9,16,18,50
08/05/2026,Cainta,39,TOXOID ABHAYTOX,229.4,0.8,24.2,252.8,14,15,50
08/05/2026,Cainta,39,PPD,12.6,0.2,0.0,12.4,15,13,50
08/05/2026,Cainta,39,HEPA B,26.5,0.8,0.0,25.7,12,13,50
08/05/2026,Cainta,39,HEPA BIG,13.4,0.8,0.0,12.6,20,23,50
08/05/2026,Cainta,39,FLU,42.6,0.4,0.0,42.2,18,22,50
08/05/2026,Cainta,39,AMOXICILLIN 500MG,4410.6,11.8,0.0,4398.8,14,15,140
08/05/2026,Cainta,39,CEFALEXIN 500 MG,8165.2,7.7,0.0,8157.5,18,18,100
08/05/2026,Cainta,39,MEFENAMIC 500 MG,6032.0,11.0,280.6,6301.6,17,20,120
08/05/2026,Cainta,39,INSULIN,1218.4,13.1,0.0,1205.3,22,27,150
08/05/2026,Cainta,39,1CC/3CC,2741.0,4.0,0.0,2737.0,25,24,50
08/05/2026,Cainta,39,5CC/10CC,3083.5,4.0,0.0,3079.5,12,10,50
08/05/2026,Cainta,39,CETIRIZINE,5100.8,7.7,0.0,5093.1,24,33,100
08/05/2026,Cainta,39,G23,1528.4,2.1,0.0,1526.3,21,26,50
08/05/2026,Cainta,39,G27,1568.5,1.9,0.0,1566.6,21,19,50
08/05/2026,Cainta,39,GAUZE PAD,386.2,3.9,0.0,382.3,16,18,50
08/05/2026,Cainta,39,COTTON BALLS,4709.8,19.8,0.0,4690.0,15,17,240
08/05/2026,Cainta,39,BETADINE,10.3,0.2,0.0,10.1,10,9,50
08/05/2026,Cainta,39,ALCOHOL,6.1,0.2,0.0,5.9,25,23,50
08/05/2026,Cainta,39,FACEMASK,1544.4,6.6,0.0,1537.8,19,26,100
08/05/2026,Cainta,39,GLOVES,1493.1,7.9,0.0,1485.2,16,18,100
08/05/2026,Cainta,39,MICROPRE,71.1,2.0,0.0,69.1,18,16,50
08/05/2026,Cainta,39,STERILE WATER,102.5,1.2,17.2,118.5,10,13,50
08/05/2026,Cainta,39,REF THERMOMETER,9.0,0.4,0.0,8.6,12,13,50
08/05/2026,Cainta,39,ACRYLIC CONTAINERS,5.3,0.8,0.0,4.5,19,22,50
08/05/2026,Cainta,39,COOLER,4.5,0.2,0.0,4.3,18,18,50
08/05/2026,Cainta,39,KIDNEY BASIN,20.9,0.8,0.0,20.1,22,18,50
08/05/2026,Cainta,39,WEIGHING SCALE,13.7,0.2,0.0,13.5,20,18,50
08/05/2026,Cainta,39,FORCEPS,5.0,0.8,0.0,4.2,19,26,50
08/05/2026,Cainta,39,BETADINE CONTAINER,1.0,0.4,0.0,0.6,22,26,50
08/05/2026,Cainta,39,ALCOHOL PUMP CONTAINER,10.0,0.4,0.0,9.6,11,14,50
09/05/2026,Cainta,59,SPEEDA,2622.6,8.4,0.0,2614.2,31,25,70
09/05/2026,Cainta,59,ABHAYRAB,359.3,3.1,0.0,356.2,32,40,50
09/05/2026,Cainta,59,VAXIRAB,222.1,2.9,0.0,219.2,21,23,50
09/05/2026,Cainta,59,CHIRORAB,28.0,2.8,0.0,25.2,19,23,50
09/05/2026,Cainta,59,ERIG,47.1,2.4,0.0,44.7,20,20,50
09/05/2026,Cainta,59,HRIG,2.4,1.2,0.0,1.2,19,22,50
09/05/2026,Cainta,59,"ATS 1,500 ""IU""",14.9,1.2,0.0,13.7,27,22,50
09/05/2026,Cainta,59,"ATS 3000 ""IU""",94.3,1.2,0.0,93.1,18,15,50
09/05/2026,Cainta,59,"ATS 5,000 ""IU""",41.0,1.2,0.0,39.8,30,38,50
09/05/2026,Cainta,59,HTIG,9.6,0.6,0.0,9.0,17,15,50
09/05/2026,Cainta,59,TOXOID BETT,3856.9,5.9,0.0,3851.0,15,12,50
09/05/2026,Cainta,59,TOXOID ABHAYTOX,252.8,1.2,0.0,251.6,22,30,50
09/05/2026,Cainta,59,PPD,12.4,0.3,0.0,12.1,19,18,50
09/05/2026,Cainta,59,HEPA B,25.7,1.2,20.0,44.5,38,44,50
09/05/2026,Cainta,59,HEPA BIG,12.6,1.2,0.0,11.4,22,29,50
09/05/2026,Cainta,59,FLU,42.2,0.6,0.0,41.6,20,25,50
09/05/2026,Cainta,59,AMOXICILLIN 500MG,4398.8,18.4,0.0,4380.4,19,16,140
09/05/2026,Cainta,59,CEFALEXIN 500 MG,8157.5,12.7,0.0,8144.8,24,27,100
09/05/2026,Cainta,59,MEFENAMIC 500 MG,6301.6,13.7,0.0,6287.9,29,33,120
09/05/2026,Cainta,59,INSULIN,1205.3,21.5,0.0,1183.8,33,33,150
09/05/2026,Cainta,59,1CC/3CC,2737.0,5.8,0.0,2731.2,23,29,50
09/05/2026,Cainta,59,5CC/10CC,3079.5,6.0,0.0,3073.5,30,41,50
09/05/2026,Cainta,59,CETIRIZINE,5093.1,10.7,0.0,5082.4,26,23,100
09/05/2026,Cainta,59,G23,1526.3,2.9,0.0,1523.4,35,31,50
09/05/2026,Cainta,59,G27,1566.6,3.0,0.0,1563.6,28,35,50
09/05/2026,Cainta,59,GAUZE PAD,382.3,5.8,0.0,376.5,22,24,50
09/05/2026,Cainta,59,COTTON BALLS,4690.0,24.9,0.0,4665.1,31,40,240
09/05/2026,Cainta,59,BETADINE,10.1,0.3,0.0,9.8,34,30,50
09/05/2026,Cainta,59,ALCOHOL,5.9,0.3,0.0,5.6,26,21,50
09/05/2026,Cainta,59,FACEMASK,1537.8,11.1,189.4,1716.1,38,46,100
09/05/2026,Cainta,59,GLOVES,1485.2,11.7,0.0,1473.5,35,49,100
09/05/2026,Cainta,59,MICROPRE,69.1,3.0,0.0,66.1,19,16,50
09/05/2026,Cainta,59,STERILE WATER,118.5,1.7,0.0,116.8,33,44,50
09/05/2026,Cainta,59,REF THERMOMETER,8.6,0.6,0.0,8.0,29,30,50
09/05/2026,Cainta,59,ACRYLIC CONTAINERS,4.5,1.2,0.0,3.3,27,22,50
09/05/2026,Cainta,59,COOLER,4.3,0.3,0.0,4.0,27,30,50
09/05/2026,Cainta,59,KIDNEY BASIN,20.1,1.2,0.0,18.9,35,34,50
09/05/2026,Cainta,59,WEIGHING SCALE,13.5,0.3,0.0,13.2,29,35,50
09/05/2026,Cainta,59,FORCEPS,4.2,1.2,0.0,3.0,27,26,50
09/05/2026,Cainta,59,BETADINE CONTAINER,0.6,0.6,0.0,0.0,16,17,50
09/05/2026,Cainta,59,ALCOHOL PUMP CONTAINER,9.6,0.6,0.0,9.0,25,23,50
10/05/2026,Cainta,93,SPEEDA,2614.2,14.7,0.0,2599.5,57,74,70
10/05/2026,Cainta,93,ABHAYRAB,356.2,4.6,0.0,351.6,50,68,50
10/05/2026,Cainta,93,VAXIRAB,219.2,5.0,0.0,214.2,25,26,50
10/05/2026,Cainta,93,CHIRORAB,25.2,4.9,0.0,20.3,56,60,50
10/05/2026,Cainta,93,ERIG,44.7,3.7,16.9,57.9,54,75,50
10/05/2026,Cainta,93,HRIG,1.2,1.9,17.7,17.0,44,39,50
10/05/2026,Cainta,93,"ATS 1,500 ""IU""",13.7,1.9,0.0,11.8,24,31,50
10/05/2026,Cainta,93,"ATS 3000 ""IU""",93.1,1.9,0.0,91.2,44,50,50
10/05/2026,Cainta,93,"ATS 5,000 ""IU""",39.8,1.8,0.0,38.0,25,33,50
10/05/2026,Cainta,93,HTIG,9.0,0.9,0.0,8.1,35,34,50
10/05/2026,Cainta,93,TOXOID BETT,3851.0,9.3,0.0,3841.7,47,46,50
10/05/2026,Cainta,93,TOXOID ABHAYTOX,251.6,1.9,0.0,249.7,57,57,50
10/05/2026,Cainta,93,PPD,12.1,0.5,0.0,11.6,37,30,50
10/05/2026,Cainta,93,HEPA B,44.5,1.8,0.0,42.7,55,50,50
10/05/2026,Cainta,93,HEPA BIG,11.4,1.9,0.0,9.5,57,80,50
10/05/2026,Cainta,93,FLU,41.6,0.9,0.0,40.7,24,23,50
10/05/2026,Cainta,93,AMOXICILLIN 500MG,4380.4,27.0,0.0,4353.4,32,26,140
10/05/2026,Cainta,93,CEFALEXIN 500 MG,8144.8,21.5,0.0,8123.3,50,48,100
10/05/2026,Cainta,93,MEFENAMIC 500 MG,6287.9,21.4,0.0,6266.5,51,53,120
10/05/2026,Cainta,93,INSULIN,1183.8,23.8,97.0,1257.0,38,43,150
10/05/2026,Cainta,93,1CC/3CC,2731.2,9.3,0.0,2721.9,48,40,50
10/05/2026,Cainta,93,5CC/10CC,3073.5,9.3,0.0,3064.2,46,59,50
10/05/2026,Cainta,93,CETIRIZINE,5082.4,20.1,0.0,5062.3,51,66,100
10/05/2026,Cainta,93,G23,1523.4,4.5,0.0,1518.9,50,46,50
10/05/2026,Cainta,93,G27,1563.6,4.8,0.0,1558.8,26,33,50
10/05/2026,Cainta,93,GAUZE PAD,376.5,10.3,0.0,366.2,29,29,50
10/05/2026,Cainta,93,COTTON BALLS,4665.1,46.1,0.0,4619.0,28,30,240
10/05/2026,Cainta,93,BETADINE,9.8,0.5,0.0,9.3,58,79,50
10/05/2026,Cainta,93,ALCOHOL,5.6,0.5,0.0,5.1,57,76,50
10/05/2026,Cainta,93,FACEMASK,1716.1,20.7,0.0,1695.4,53,54,100
10/05/2026,Cainta,93,GLOVES,1473.5,20.7,149.6,1602.4,28,31,100
10/05/2026,Cainta,93,MICROPRE,66.1,4.8,0.0,61.3,45,44,50
10/05/2026,Cainta,93,STERILE WATER,116.8,2.8,0.0,114.0,30,33,50
10/05/2026,Cainta,93,REF THERMOMETER,8.0,0.9,9.3,16.4,37,45,50
10/05/2026,Cainta,93,ACRYLIC CONTAINERS,3.3,1.8,0.0,1.5,33,28,50
10/05/2026,Cainta,93,COOLER,4.0,0.5,0.0,3.5,54,73,50
10/05/2026,Cainta,93,KIDNEY BASIN,18.9,1.8,0.0,17.1,29,36,50
10/05/2026,Cainta,93,WEIGHING SCALE,13.2,0.5,0.0,12.7,47,40,50
10/05/2026,Cainta,93,FORCEPS,3.0,1.9,0.0,1.1,60,79,50
10/05/2026,Cainta,93,BETADINE CONTAINER,0.0,0.9,14.9,14.0,49,61,50
10/05/2026,Cainta,93,ALCOHOL PUMP CONTAINER,9.0,0.9,0.0,8.1,26,26,50
11/05/2026,Cainta,90,SPEEDA,2599.5,12.7,0.0,2586.8,55,61,70
11/05/2026,Cainta,90,ABHAYRAB,351.6,4.7,0.0,346.9,46,61,50
11/05/2026,Cainta,90,VAXIRAB,214.2,4.4,22.8,232.6,39,54,50
11/05/2026,Cainta,90,CHIRORAB,20.3,4.4,0.0,15.9,46,45,50
11/05/2026,Cainta,90,ERIG,57.9,3.6,0.0,54.3,54,64,50
11/05/2026,Cainta,90,HRIG,17.0,1.8,0.0,15.2,40,53,50
11/05/2026,Cainta,90,"ATS 1,500 ""IU""",11.8,1.8,0.0,10.0,42,59,50
11/05/2026,Cainta,90,"ATS 3000 ""IU""",91.2,1.7,0.0,89.5,39,33,50
11/05/2026,Cainta,90,"ATS 5,000 ""IU""",38.0,1.8,0.0,36.2,25,28,50
11/05/2026,Cainta,90,HTIG,8.1,0.9,0.0,7.2,51,68,50
11/05/2026,Cainta,90,TOXOID BETT,3841.7,8.5,0.0,3833.2,27,22,50
11/05/2026,Cainta,90,TOXOID ABHAYTOX,249.7,1.8,0.0,247.9,37,39,50
11/05/2026,Cainta,90,PPD,11.6,0.4,0.0,11.2,36,41,50
11/05/2026,Cainta,90,HEPA B,42.7,1.8,0.0,40.9,33,37,50
11/05/2026,Cainta,90,HEPA BIG,9.5,1.8,0.0,7.7,37,46,50
11/05/2026,Cainta,90,FLU,40.7,0.9,0.0,39.8,45,38,50
11/05/2026,Cainta,90,AMOXICILLIN 500MG,4353.4,22.8,0.0,4330.6,34,43,140
11/05/2026,Cainta,90,CEFALEXIN 500 MG,8123.3,21.0,0.0,8102.3,29,28,100
11/05/2026,Cainta,90,MEFENAMIC 500 MG,6266.5,20.1,0.0,6246.4,54,70,120
11/05/2026,Cainta,90,INSULIN,1257.0,32.5,0.0,1224.5,57,60,150
11/05/2026,Cainta,90,1CC/3CC,2721.9,9.2,0.0,2712.7,39,32,50
11/05/2026,Cainta,90,5CC/10CC,3064.2,8.2,0.0,3056.0,34,47,50
11/05/2026,Cainta,90,CETIRIZINE,5062.3,19.2,0.0,5043.1,24,30,100
11/05/2026,Cainta,90,G23,1518.9,4.5,0.0,1514.4,24,24,50
11/05/2026,Cainta,90,G27,1558.8,4.4,0.0,1554.4,37,36,50
11/05/2026,Cainta,90,GAUZE PAD,366.2,9.1,0.0,357.1,56,65,50
11/05/2026,Cainta,90,COTTON BALLS,4619.0,49.5,0.0,4569.5,49,68,240
11/05/2026,Cainta,90,BETADINE,9.3,0.5,0.0,8.8,35,34,50
11/05/2026,Cainta,90,ALCOHOL,5.1,0.5,0.0,4.6,57,78,50
11/05/2026,Cainta,90,FACEMASK,1695.4,18.7,0.0,1676.7,38,38,100
11/05/2026,Cainta,90,GLOVES,1602.4,15.7,0.0,1586.7,32,39,100
11/05/2026,Cainta,90,MICROPRE,61.3,4.4,0.0,56.9,38,39,50
11/05/2026,Cainta,90,STERILE WATER,114.0,2.9,0.0,111.1,30,26,50
11/05/2026,Cainta,90,REF THERMOMETER,16.4,0.9,0.0,15.5,54,74,50
11/05/2026,Cainta,90,ACRYLIC CONTAINERS,1.5,1.8,14.3,14.0,36,32,50
11/05/2026,Cainta,90,COOLER,3.5,0.5,0.0,3.0,46,63,50
11/05/2026,Cainta,90,KIDNEY BASIN,17.1,1.8,0.0,15.3,37,32,50
11/05/2026,Cainta,90,WEIGHING SCALE,12.7,0.5,0.0,12.2,55,53,50
11/05/2026,Cainta,90,FORCEPS,1.1,1.8,8.7,8.0,46,62,50
11/05/2026,Cainta,90,BETADINE CONTAINER,14.0,0.9,0.0,13.1,40,48,50
11/05/2026,Cainta,90,ALCOHOL PUMP CONTAINER,8.1,0.9,0.0,7.2,27,25,50
12/05/2026,Cainta,79,SPEEDA,2586.8,13.1,0.0,2573.7,48,55,70
12/05/2026,Cainta,79,ABHAYRAB,346.9,3.9,47.4,390.4,37,34,50
12/05/2026,Cainta,79,VAXIRAB,232.6,4.0,0.0,228.6,29,38,50
12/05/2026,Cainta,79,CHIRORAB,15.9,4.1,0.0,11.8,47,39,50
12/05/2026,Cainta,79,ERIG,54.3,3.1,0.0,51.2,21,23,50
12/05/2026,Cainta,79,HRIG,15.2,1.6,0.0,13.6,30,25,50
12/05/2026,Cainta,79,"ATS 1,500 ""IU""",10.0,1.6,0.0,8.4,37,45,50
12/05/2026,Cainta,79,"ATS 3000 ""IU""",89.5,1.6,0.0,87.9,30,41,50
12/05/2026,Cainta,79,"ATS 5,000 ""IU""",36.2,1.6,0.0,34.6,35,45,50
12/05/2026,Cainta,79,HTIG,7.2,0.8,0.0,6.4,28,29,50
12/05/2026,Cainta,79,TOXOID BETT,3833.2,8.5,147.7,3972.4,24,23,50
12/05/2026,Cainta,79,TOXOID ABHAYTOX,247.9,1.6,0.0,246.3,21,18,50
12/05/2026,Cainta,79,PPD,11.2,0.4,0.0,10.8,25,33,50
12/05/2026,Cainta,79,HEPA B,40.9,1.6,0.0,39.3,50,42,50
12/05/2026,Cainta,79,HEPA BIG,7.7,1.6,0.0,6.1,38,45,50
12/05/2026,Cainta,79,FLU,39.8,0.8,0.0,39.0,35,36,50
12/05/2026,Cainta,79,AMOXICILLIN 500MG,4330.6,27.0,0.0,4303.6,32,45,140
12/05/2026,Cainta,79,CEFALEXIN 500 MG,8102.3,16.3,0.0,8086.0,42,46,100
12/05/2026,Cainta,79,MEFENAMIC 500 MG,6246.4,19.2,0.0,6227.2,24,27,120
12/05/2026,Cainta,79,INSULIN,1224.5,19.8,0.0,1204.7,28,38,150
12/05/2026,Cainta,79,1CC/3CC,2712.7,8.7,103.3,2807.3,40,55,50
12/05/2026,Cainta,79,5CC/10CC,3056.0,7.6,0.0,3048.4,35,40,50
12/05/2026,Cainta,79,CETIRIZINE,5043.1,16.9,0.0,5026.2,44,56,100
12/05/2026,Cainta,79,G23,1514.4,4.1,0.0,1510.3,48,57,50
12/05/2026,Cainta,79,G27,1554.4,3.9,0.0,1550.5,46,49,50
12/05/2026,Cainta,79,GAUZE PAD,357.1,8.3,0.0,348.8,26,22,50
12/05/2026,Cainta,79,COTTON BALLS,4569.5,46.0,0.0,4523.5,23,28,240
12/05/2026,Cainta,79,BETADINE,8.8,0.4,0.0,8.4,25,31,50
12/05/2026,Cainta,79,ALCOHOL,4.6,0.4,0.0,4.2,45,39,50
12/05/2026,Cainta,79,FACEMASK,1676.7,13.9,0.0,1662.8,49,46,100
12/05/2026,Cainta,79,GLOVES,1586.7,15.0,109.5,1681.2,49,61,100
12/05/2026,Cainta,79,MICROPRE,56.9,4.0,0.0,52.9,29,26,50
12/05/2026,Cainta,79,STERILE WATER,111.1,2.4,0.0,108.7,46,56,50
12/05/2026,Cainta,79,REF THERMOMETER,15.5,0.8,0.0,14.7,37,46,50
12/05/2026,Cainta,79,ACRYLIC CONTAINERS,14.0,1.6,0.0,12.4,46,47,50
12/05/2026,Cainta,79,COOLER,3.0,0.4,0.0,2.6,37,35,50
12/05/2026,Cainta,79,KIDNEY BASIN,15.3,1.6,0.0,13.7,24,25,50
12/05/2026,Cainta,79,WEIGHING SCALE,12.2,0.4,0.0,11.8,22,22,50
12/05/2026,Cainta,79,FORCEPS,8.0,1.6,0.0,6.4,50,58,50
12/05/2026,Cainta,79,BETADINE CONTAINER,13.1,0.8,0.0,12.3,33,41,50
12/05/2026,Cainta,79,ALCOHOL PUMP CONTAINER,7.2,0.8,0.0,6.4,31,41,50
13/05/2026,Cainta,53,SPEEDA,2573.7,8.6,0.0,2565.1,21,17,70
13/05/2026,Cainta,53,ABHAYRAB,390.4,2.7,0.0,387.7,21,26,50
13/05/2026,Cainta,53,VAXIRAB,228.6,2.6,0.0,226.0,33,33,50
13/05/2026,Cainta,53,CHIRORAB,11.8,2.6,0.0,9.2,15,20,50
13/05/2026,Cainta,53,ERIG,51.2,2.1,19.8,68.9,16,14,50
13/05/2026,Cainta,53,HRIG,13.6,1.1,0.0,12.5,30,34,50
13/05/2026,Cainta,53,"ATS 1,500 ""IU""",8.4,1.1,0.0,7.3,25,28,50
13/05/2026,Cainta,53,"ATS 3000 ""IU""",87.9,1.1,21.5,108.3,16,16,50
13/05/2026,Cainta,53,"ATS 5,000 ""IU""",34.6,1.1,0.0,33.5,14,19,50
13/05/2026,Cainta,53,HTIG,6.4,0.5,0.0,5.9,18,16,50
13/05/2026,Cainta,53,TOXOID BETT,3972.4,5.7,0.0,3966.7,19,17,50
13/05/2026,Cainta,53,TOXOID ABHAYTOX,246.3,1.1,0.0,245.2,14,17,50
13/05/2026,Cainta,53,PPD,10.8,0.3,0.0,10.5,18,20,50
13/05/2026,Cainta,53,HEPA B,39.3,1.1,0.0,38.2,29,28,50
13/05/2026,Cainta,53,HEPA BIG,6.1,1.1,0.0,5.0,31,30,50
13/05/2026,Cainta,53,FLU,39.0,0.5,0.0,38.5,32,29,50
13/05/2026,Cainta,53,AMOXICILLIN 500MG,4303.6,19.6,0.0,4284.0,22,29,140
13/05/2026,Cainta,53,CEFALEXIN 500 MG,8086.0,10.8,119.0,8194.2,20,23,100
13/05/2026,Cainta,53,MEFENAMIC 500 MG,6227.2,13.9,0.0,6213.3,34,32,120
13/05/2026,Cainta,53,INSULIN,1204.7,19.5,0.0,1185.2,30,31,150
13/05/2026,Cainta,53,1CC/3CC,2807.3,5.1,0.0,2802.2,25,34,50
13/05/2026,Cainta,53,5CC/10CC,3048.4,5.5,0.0,3042.9,19,25,50
13/05/2026,Cainta,53,CETIRIZINE,5026.2,10.5,211.2,5226.9,20,17,100
13/05/2026,Cainta,53,G23,1510.3,2.6,0.0,1507.7,24,29,50
13/05/2026,Cainta,53,G27,1550.5,2.6,0.0,1547.9,25,22,50
13/05/2026,Cainta,53,GAUZE PAD,348.8,5.8,0.0,343.0,14,13,50
13/05/2026,Cainta,53,COTTON BALLS,4523.5,24.6,0.0,4498.9,34,45,240
13/05/2026,Cainta,53,BETADINE,8.4,0.3,0.0,8.1,25,33,50
13/05/2026,Cainta,53,ALCOHOL,4.2,0.3,0.0,3.9,26,22,50
13/05/2026,Cainta,53,FACEMASK,1662.8,11.9,0.0,1650.9,18,24,100
13/05/2026,Cainta,53,GLOVES,1681.2,11.8,162.9,1832.3,29,36,100
13/05/2026,Cainta,53,MICROPRE,52.9,2.7,0.0,50.2,29,37,50
13/05/2026,Cainta,53,STERILE WATER,108.7,1.6,0.0,107.1,15,19,50
13/05/2026,Cainta,53,REF THERMOMETER,14.7,0.5,0.0,14.2,26,29,50
13/05/2026,Cainta,53,ACRYLIC CONTAINERS,12.4,1.1,0.0,11.3,27,37,50
13/05/2026,Cainta,53,COOLER,2.6,0.3,0.0,2.3,31,29,50
13/05/2026,Cainta,53,KIDNEY BASIN,13.7,1.1,0.0,12.6,18,20,50
13/05/2026,Cainta,53,WEIGHING SCALE,11.8,0.3,0.0,11.5,32,32,50
13/05/2026,Cainta,53,FORCEPS,6.4,1.1,0.0,5.3,23,30,50
13/05/2026,Cainta,53,BETADINE CONTAINER,12.3,0.5,0.0,11.8,15,13,50
13/05/2026,Cainta,53,ALCOHOL PUMP CONTAINER,6.4,0.5,0.0,5.9,15,16,50
14/05/2026,Cainta,25,SPEEDA,2565.1,3.7,88.5,2649.9,8,10,70
14/05/2026,Cainta,25,ABHAYRAB,387.7,1.2,0.0,386.5,9,9,50
14/05/2026,Cainta,25,VAXIRAB,226.0,1.3,15.0,239.7,11,10,50
14/05/2026,Cainta,25,CHIRORAB,9.2,1.2,0.0,8.0,14,13,50
14/05/2026,Cainta,25,ERIG,68.9,1.0,0.0,67.9,8,10,50
14/05/2026,Cainta,25,HRIG,12.5,0.5,0.0,12.0,16,16,50
14/05/2026,Cainta,25,"ATS 1,500 ""IU""",7.3,0.5,0.0,6.8,8,8,50
14/05/2026,Cainta,25,"ATS 3000 ""IU""",108.3,0.5,0.0,107.8,12,14,50
14/05/2026,Cainta,25,"ATS 5,000 ""IU""",33.5,0.5,0.0,33.0,16,22,50
14/05/2026,Cainta,25,HTIG,5.9,0.3,14.5,20.1,15,19,50
14/05/2026,Cainta,25,TOXOID BETT,3966.7,2.3,0.0,3964.4,13,12,50
14/05/2026,Cainta,25,TOXOID ABHAYTOX,245.2,0.5,0.0,244.7,13,17,50
14/05/2026,Cainta,25,PPD,10.5,0.1,0.0,10.4,8,10,50
14/05/2026,Cainta,25,HEPA B,38.2,0.5,0.0,37.7,6,7,50
14/05/2026,Cainta,25,HEPA BIG,5.0,0.5,0.0,4.5,11,12,50
14/05/2026,Cainta,25,FLU,38.5,0.2,0.0,38.3,7,6,50
14/05/2026,Cainta,25,AMOXICILLIN 500MG,4284.0,7.4,0.0,4276.6,10,12,140
14/05/2026,Cainta,25,CEFALEXIN 500 MG,8194.2,4.3,0.0,8189.9,8,9,100
14/05/2026,Cainta,25,MEFENAMIC 500 MG,6213.3,6.7,0.0,6206.6,15,15,120
14/05/2026,Cainta,25,INSULIN,1185.2,9.8,0.0,1175.4,15,12,150
14/05/2026,Cainta,25,1CC/3CC,2802.2,2.9,0.0,2799.3,14,13,50
14/05/2026,Cainta,25,5CC/10CC,3042.9,2.5,0.0,3040.4,13,15,50
14/05/2026,Cainta,25,CETIRIZINE,5226.9,5.4,107.3,5328.8,8,7,100
14/05/2026,Cainta,25,G23,1507.7,1.2,0.0,1506.5,7,8,50
14/05/2026,Cainta,25,G27,1547.9,1.3,0.0,1546.6,13,17,50
14/05/2026,Cainta,25,GAUZE PAD,343.0,2.6,0.0,340.4,13,13,50
14/05/2026,Cainta,25,COTTON BALLS,4498.9,11.3,320.8,4808.4,10,8,240
14/05/2026,Cainta,25,BETADINE,8.1,0.1,0.0,8.0,11,10,50
14/05/2026,Cainta,25,ALCOHOL,3.9,0.1,0.0,3.8,11,11,50
14/05/2026,Cainta,25,FACEMASK,1650.9,4.8,0.0,1646.1,9,12,100
14/05/2026,Cainta,25,GLOVES,1832.3,5.2,0.0,1827.1,9,11,100
14/05/2026,Cainta,25,MICROPRE,50.2,1.2,0.0,49.0,10,13,50
14/05/2026,Cainta,25,STERILE WATER,107.1,0.8,0.0,106.3,12,17,50
14/05/2026,Cainta,25,REF THERMOMETER,14.2,0.2,0.0,14.0,16,15,50
14/05/2026,Cainta,25,ACRYLIC CONTAINERS,11.3,0.5,0.0,10.8,12,15,50
14/05/2026,Cainta,25,COOLER,2.3,0.1,0.0,2.2,14,15,50
14/05/2026,Cainta,25,KIDNEY BASIN,12.6,0.5,0.0,12.1,14,15,50
14/05/2026,Cainta,25,WEIGHING SCALE,11.5,0.1,0.0,11.4,7,7,50
14/05/2026,Cainta,25,FORCEPS,5.3,0.5,0.0,4.8,13,13,50
14/05/2026,Cainta,25,BETADINE CONTAINER,11.8,0.2,0.0,11.6,11,13,50
14/05/2026,Cainta,25,ALCOHOL PUMP CONTAINER,5.9,0.2,0.0,5.7,12,14,50
15/05/2026,Cainta,85,SPEEDA,2649.9,11.6,0.0,2638.3,23,23,70
15/05/2026,Cainta,85,ABHAYRAB,386.5,4.1,0.0,382.4,52,45,50
15/05/2026,Cainta,85,VAXIRAB,239.7,4.5,0.0,235.2,54,62,50
15/05/2026,Cainta,85,CHIRORAB,8.0,4.1,0.0,3.9,21,26,50
15/05/2026,Cainta,85,ERIG,67.9,3.4,0.0,64.5,28,32,50
15/05/2026,Cainta,85,HRIG,12.0,1.7,0.0,10.3,27,22,50
15/05/2026,Cainta,85,"ATS 1,500 ""IU""",6.8,1.7,0.0,5.1,48,47,50
15/05/2026,Cainta,85,"ATS 3000 ""IU""",107.8,1.7,0.0,106.1,42,53,50
15/05/2026,Cainta,85,"ATS 5,000 ""IU""",33.0,1.7,0.0,31.3,27,34,50
15/05/2026,Cainta,85,HTIG,20.1,0.8,0.0,19.3,49,40,50
15/05/2026,Cainta,85,TOXOID BETT,3964.4,8.0,0.0,3956.4,33,36,50
15/05/2026,Cainta,85,TOXOID ABHAYTOX,244.7,1.7,0.0,243.0,37,39,50
15/05/2026,Cainta,85,PPD,10.4,0.4,0.0,10.0,34,41,50
15/05/2026,Cainta,85,HEPA B,37.7,1.7,0.0,36.0,39,34,50
15/05/2026,Cainta,85,HEPA BIG,4.5,1.7,0.0,2.8,38,45,50
15/05/2026,Cainta,85,FLU,38.3,0.9,0.0,37.4,31,42,50
15/05/2026,Cainta,85,AMOXICILLIN 500MG,4276.6,34.0,319.3,4561.9,36,37,140
15/05/2026,Cainta,85,CEFALEXIN 500 MG,8189.9,16.4,292.1,8465.6,52,52,100
15/05/2026,Cainta,85,MEFENAMIC 500 MG,6206.6,20.7,0.0,6185.9,38,31,120
15/05/2026,Cainta,85,INSULIN,1175.4,26.7,0.0,1148.7,52,43,150
15/05/2026,Cainta,85,1CC/3CC,2799.3,8.3,0.0,2791.0,40,54,50
15/05/2026,Cainta,85,5CC/10CC,3040.4,8.4,0.0,3032.0,47,65,50
15/05/2026,Cainta,85,CETIRIZINE,5328.8,16.4,0.0,5312.4,31,25,100
15/05/2026,Cainta,85,G23,1506.5,4.2,87.7,1590.0,48,64,50
15/05/2026,Cainta,85,G27,1546.6,4.4,0.0,1542.2,30,27,50
15/05/2026,Cainta,85,GAUZE PAD,340.4,8.7,0.0,331.7,22,25,50
15/05/2026,Cainta,85,COTTON BALLS,4808.4,44.7,470.3,5234.0,27,33,240
15/05/2026,Cainta,85,BETADINE,8.0,0.4,0.0,7.6,22,22,50
15/05/2026,Cainta,85,ALCOHOL,3.8,0.4,0.0,3.4,53,59,50
15/05/2026,Cainta,85,FACEMASK,1646.1,15.7,0.0,1630.4,55,65,100
15/05/2026,Cainta,85,GLOVES,1827.1,16.0,0.0,1811.1,47,43,100
15/05/2026,Cainta,85,MICROPRE,49.0,4.3,0.0,44.7,25,35,50
15/05/2026,Cainta,85,STERILE WATER,106.3,2.5,0.0,103.8,52,48,50
15/05/2026,Cainta,85,REF THERMOMETER,14.0,0.8,0.0,13.2,47,38,50
15/05/2026,Cainta,85,ACRYLIC CONTAINERS,10.8,1.7,0.0,9.1,33,45,50
15/05/2026,Cainta,85,COOLER,2.2,0.4,0.0,1.8,38,40,50
15/05/2026,Cainta,85,KIDNEY BASIN,12.1,1.7,0.0,10.4,44,46,50
15/05/2026,Cainta,85,WEIGHING SCALE,11.4,0.4,0.0,11.0,22,21,50
15/05/2026,Cainta,85,FORCEPS,4.8,1.7,0.0,3.1,38,31,50
15/05/2026,Cainta,85,BETADINE CONTAINER,11.6,0.9,0.0,10.7,46,44,50
15/05/2026,Cainta,85,ALCOHOL PUMP CONTAINER,5.7,0.9,0.0,4.8,28,29,50
16/05/2026,Cainta,49,SPEEDA,2638.3,7.4,0.0,2630.9,21,23,70
16/05/2026,Cainta,49,ABHAYRAB,382.4,2.4,0.0,380.0,23,25,50
16/05/2026,Cainta,49,VAXIRAB,235.2,2.3,0.0,232.9,27,36,50
16/05/2026,Cainta,49,CHIRORAB,3.9,2.5,0.0,1.4,31,42,50
16/05/2026,Cainta,49,ERIG,64.5,1.9,0.0,62.6,29,29,50
16/05/2026,Cainta,49,HRIG,10.3,1.0,0.0,9.3,24,33,50
16/05/2026,Cainta,49,"ATS 1,500 ""IU""",5.1,1.0,0.0,4.1,24,32,50
16/05/2026,Cainta,49,"ATS 3000 ""IU""",106.1,1.0,0.0,105.1,24,33,50
16/05/2026,Cainta,49,"ATS 5,000 ""IU""",31.3,1.0,0.0,30.3,23,28,50
16/05/2026,Cainta,49,HTIG,19.3,0.5,0.0,18.8,13,12,50
16/05/2026,Cainta,49,TOXOID BETT,3956.4,4.8,0.0,3951.6,26,24,50
16/05/2026,Cainta,49,TOXOID ABHAYTOX,243.0,1.0,0.0,242.0,26,35,50
16/05/2026,Cainta,49,PPD,10.0,0.2,0.0,9.8,22,24,50
16/05/2026,Cainta,49,HEPA B,36.0,1.0,0.0,35.0,29,39,50
16/05/2026,Cainta,49,HEPA BIG,2.8,1.0,0.0,1.8,25,31,50
16/05/2026,Cainta,49,FLU,37.4,0.5,0.0,36.9,19,18,50
16/05/2026,Cainta,49,AMOXICILLIN 500MG,4561.9,16.3,0.0,4545.6,13,13,140
16/05/2026,Cainta,49,CEFALEXIN 500 MG,8465.6,10.8,0.0,8454.8,13,18,100
16/05/2026,Cainta,49,MEFENAMIC 500 MG,6185.9,10.1,0.0,6175.8,19,15,120
16/05/2026,Cainta,49,INSULIN,1148.7,15.1,0.0,1133.6,21,26,150
16/05/2026,Cainta,49,1CC/3CC,2791.0,5.0,0.0,2786.0,16,22,50
16/05/2026,Cainta,49,5CC/10CC,3032.0,4.9,0.0,3027.1,16,14,50
16/05/2026,Cainta,49,CETIRIZINE,5312.4,9.1,0.0,5303.3,17,16,100
16/05/2026,Cainta,49,G23,1590.0,2.5,0.0,1587.5,28,32,50
16/05/2026,Cainta,49,G27,1542.2,2.4,0.0,1539.8,27,35,50
16/05/2026,Cainta,49,GAUZE PAD,331.7,4.5,0.0,327.2,20,22,50
16/05/2026,Cainta,49,COTTON BALLS,5234.0,16.3,0.0,5217.7,16,13,240
16/05/2026,Cainta,49,BETADINE,7.6,0.2,0.0,7.4,14,12,50
16/05/2026,Cainta,49,ALCOHOL,3.4,0.2,0.0,3.2,14,14,50
16/05/2026,Cainta,49,FACEMASK,1630.4,9.9,0.0,1620.5,20,20,100
16/05/2026,Cainta,49,GLOVES,1811.1,9.4,0.0,1801.7,13,12,100
16/05/2026,Cainta,49,MICROPRE,44.7,2.4,22.2,64.5,19,25,50
16/05/2026,Cainta,49,STERILE WATER,103.8,1.4,0.0,102.4,31,25,50
16/05/2026,Cainta,49,REF THERMOMETER,13.2,0.5,0.0,12.7,22,29,50
16/05/2026,Cainta,49,ACRYLIC CONTAINERS,9.1,1.0,0.0,8.1,28,38,50
16/05/2026,Cainta,49,COOLER,1.8,0.2,0.0,1.6,15,18,50
16/05/2026,Cainta,49,KIDNEY BASIN,10.4,1.0,0.0,9.4,18,21,50
16/05/2026,Cainta,49,WEIGHING SCALE,11.0,0.2,0.0,10.8,31,28,50
16/05/2026,Cainta,49,FORCEPS,3.1,1.0,0.0,2.1,20,23,50
16/05/2026,Cainta,49,BETADINE CONTAINER,10.7,0.5,0.0,10.2,25,26,50
16/05/2026,Cainta,49,ALCOHOL PUMP CONTAINER,4.8,0.5,0.0,4.3,31,29,50
17/05/2026,Cainta,68,SPEEDA,2630.9,11.1,0.0,2619.8,32,37,70
17/05/2026,Cainta,68,ABHAYRAB,380.0,3.4,47.9,424.5,25,20,50
17/05/2026,Cainta,68,VAXIRAB,232.9,3.4,0.0,229.5,31,30,50
17/05/2026,Cainta,68,CHIRORAB,1.4,3.3,10.9,9.0,18,21,50
17/05/2026,Cainta,68,ERIG,62.6,2.8,0.0,59.8,20,21,50
17/05/2026,Cainta,68,HRIG,9.3,1.4,0.0,7.9,17,15,50
17/05/2026,Cainta,68,"ATS 1,500 ""IU""",4.1,1.4,0.0,2.7,41,33,50
17/05/2026,Cainta,68,"ATS 3000 ""IU""",105.1,1.4,0.0,103.7,35,34,50
17/05/2026,Cainta,68,"ATS 5,000 ""IU""",30.3,1.3,0.0,29.0,25,28,50
17/05/2026,Cainta,68,HTIG,18.8,0.7,0.0,18.1,23,26,50
17/05/2026,Cainta,68,TOXOID BETT,3951.6,7.1,0.0,3944.5,36,32,50
17/05/2026,Cainta,68,TOXOID ABHAYTOX,242.0,1.4,0.0,240.6,42,49,50
17/05/2026,Cainta,68,PPD,9.8,0.3,0.0,9.5,25,35,50
17/05/2026,Cainta,68,HEPA B,35.0,1.4,0.0,33.6,26,30,50
17/05/2026,Cainta,68,HEPA BIG,1.8,1.3,0.0,0.5,40,45,50
17/05/2026,Cainta,68,FLU,36.9,0.7,0.0,36.2,41,48,50
17/05/2026,Cainta,68,AMOXICILLIN 500MG,4545.6,16.2,0.0,4529.4,42,56,140
17/05/2026,Cainta,68,CEFALEXIN 500 MG,8454.8,12.1,0.0,8442.7,25,34,100
17/05/2026,Cainta,68,MEFENAMIC 500 MG,6175.8,19.1,0.0,6156.7,20,16,120
17/05/2026,Cainta,68,INSULIN,1133.6,23.3,0.0,1110.3,29,27,150
17/05/2026,Cainta,68,1CC/3CC,2786.0,6.9,0.0,2779.1,25,22,50
17/05/2026,Cainta,68,5CC/10CC,3027.1,6.2,0.0,3020.9,41,52,50
17/05/2026,Cainta,68,CETIRIZINE,5303.3,13.1,0.0,5290.2,18,15,100
17/05/2026,Cainta,68,G23,1587.5,3.3,0.0,1584.2,34,46,50
17/05/2026,Cainta,68,G27,1539.8,3.5,0.0,1536.3,42,34,50
17/05/2026,Cainta,68,GAUZE PAD,327.2,6.6,0.0,320.6,44,51,50
17/05/2026,Cainta,68,COTTON BALLS,5217.7,27.4,0.0,5190.3,35,34,240
17/05/2026,Cainta,68,BETADINE,7.4,0.3,0.0,7.1,43,47,50
17/05/2026,Cainta,68,ALCOHOL,3.2,0.3,0.0,2.9,19,20,50
17/05/2026,Cainta,68,FACEMASK,1620.5,15.8,175.9,1780.6,27,34,100
17/05/2026,Cainta,68,GLOVES,1801.7,12.6,0.0,1789.1,17,19,100
17/05/2026,Cainta,68,MICROPRE,64.5,3.3,0.0,61.2,44,46,50
17/05/2026,Cainta,68,STERILE WATER,102.4,2.0,0.0,100.4,42,52,50
17/05/2026,Cainta,68,REF THERMOMETER,12.7,0.7,0.0,12.0,18,24,50
17/05/2026,Cainta,68,ACRYLIC CONTAINERS,8.1,1.4,0.0,6.7,17,22,50
17/05/2026,Cainta,68,COOLER,1.6,0.3,0.0,1.3,27,34,50
17/05/2026,Cainta,68,KIDNEY BASIN,9.4,1.4,0.0,8.0,24,26,50
17/05/2026,Cainta,68,WEIGHING SCALE,10.8,0.3,0.0,10.5,40,54,50
17/05/2026,Cainta,68,FORCEPS,2.1,1.4,0.0,0.7,21,23,50
17/05/2026,Cainta,68,BETADINE CONTAINER,10.2,0.7,0.0,9.5,39,53,50
17/05/2026,Cainta,68,ALCOHOL PUMP CONTAINER,4.3,0.7,0.0,3.6,32,41,50
18/05/2026,Cainta,43,SPEEDA,2619.8,6.0,0.0,2613.8,17,15,70
18/05/2026,Cainta,43,ABHAYRAB,424.5,2.1,0.0,422.4,13,11,50
18/05/2026,Cainta,43,VAXIRAB,229.5,2.2,35.2,262.5,28,35,50
18/05/2026,Cainta,43,CHIRORAB,9.0,2.2,0.0,6.8,21,25,50
18/05/2026,Cainta,43,ERIG,59.8,1.7,0.0,58.1,18,21,50
18/05/2026,Cainta,43,HRIG,7.9,0.9,0.0,7.0,17,24,50
18/05/2026,Cainta,43,"ATS 1,500 ""IU""",2.7,0.9,0.0,1.8,26,29,50
18/05/2026,Cainta,43,"ATS 3000 ""IU""",103.7,0.9,0.0,102.8,25,25,50
18/05/2026,Cainta,43,"ATS 5,000 ""IU""",29.0,0.9,0.0,28.1,25,28,50
18/05/2026,Cainta,43,HTIG,18.1,0.4,0.0,17.7,21,17,50
18/05/2026,Cainta,43,TOXOID BETT,3944.5,4.2,0.0,3940.3,26,30,50
18/05/2026,Cainta,43,TOXOID ABHAYTOX,240.6,0.8,0.0,239.8,16,21,50
18/05/2026,Cainta,43,PPD,9.5,0.2,0.0,9.3,23,18,50
18/05/2026,Cainta,43,HEPA B,33.6,0.9,19.2,51.9,18,24,50
18/05/2026,Cainta,43,HEPA BIG,0.5,0.9,8.4,8.0,21,27,50
18/05/2026,Cainta,43,FLU,36.2,0.4,18.9,54.7,28,24,50
18/05/2026,Cainta,43,AMOXICILLIN 500MG,4529.4,12.0,0.0,4517.4,28,37,140
18/05/2026,Cainta,43,CEFALEXIN 500 MG,8442.7,9.0,0.0,8433.7,20,25,100
18/05/2026,Cainta,43,MEFENAMIC 500 MG,6156.7,9.7,247.6,6394.6,21,23,120
18/05/2026,Cainta,43,INSULIN,1110.3,13.5,127.1,1223.9,26,25,150
18/05/2026,Cainta,43,1CC/3CC,2779.1,4.1,0.0,2775.0,28,27,50
18/05/2026,Cainta,43,5CC/10CC,3020.9,4.1,123.1,3139.9,24,28,50
18/05/2026,Cainta,43,CETIRIZINE,5290.2,8.1,0.0,5282.1,12,11,100
18/05/2026,Cainta,43,G23,1584.2,2.1,0.0,1582.1,16,16,50
18/05/2026,Cainta,43,G27,1536.3,2.1,0.0,1534.2,26,35,50
18/05/2026,Cainta,43,GAUZE PAD,320.6,4.4,0.0,316.2,24,30,50
18/05/2026,Cainta,43,COTTON BALLS,5190.3,10.3,0.0,5180.0,24,30,240
18/05/2026,Cainta,43,BETADINE,7.1,0.2,0.0,6.9,22,30,50
18/05/2026,Cainta,43,ALCOHOL,2.9,0.2,0.0,2.7,18,14,50
18/05/2026,Cainta,43,FACEMASK,1780.6,10.0,0.0,1770.6,18,17,100
18/05/2026,Cainta,43,GLOVES,1789.1,7.7,115.8,1897.2,25,30,100
18/05/2026,Cainta,43,MICROPRE,61.2,2.2,0.0,59.0,16,17,50
18/05/2026,Cainta,43,STERILE WATER,100.4,1.3,0.0,99.1,23,20,50
18/05/2026,Cainta,43,REF THERMOMETER,12.0,0.4,0.0,11.6,23,29,50
18/05/2026,Cainta,43,ACRYLIC CONTAINERS,6.7,0.9,0.0,5.8,25,21,50
18/05/2026,Cainta,43,COOLER,1.3,0.2,0.0,1.1,16,18,50
18/05/2026,Cainta,43,KIDNEY BASIN,8.0,0.9,0.0,7.1,24,27,50
18/05/2026,Cainta,43,WEIGHING SCALE,10.5,0.2,0.0,10.3,13,15,50
18/05/2026,Cainta,43,FORCEPS,0.7,0.9,6.2,6.0,13,13,50
18/05/2026,Cainta,43,BETADINE CONTAINER,9.5,0.4,0.0,9.1,18,15,50
18/05/2026,Cainta,43,ALCOHOL PUMP CONTAINER,3.6,0.4,0.0,3.2,12,16,50
19/05/2026,Cainta,47,SPEEDA,2613.8,7.7,0.0,2606.1,30,41,70
19/05/2026,Cainta,47,ABHAYRAB,422.4,2.4,0.0,420.0,29,32,50
19/05/2026,Cainta,47,VAXIRAB,262.5,2.2,0.0,260.3,13,11,50
19/05/2026,Cainta,47,CHIRORAB,6.8,2.4,0.0,4.4,28,32,50
19/05/2026,Cainta,47,ERIG,58.1,1.9,0.0,56.2,21,21,50
19/05/2026,Cainta,47,HRIG,7.0,0.9,0.0,6.1,25,23,50
19/05/2026,Cainta,47,"ATS 1,500 ""IU""",1.8,0.9,0.0,0.9,28,25,50
19/05/2026,Cainta,47,"ATS 3000 ""IU""",102.8,0.9,0.0,101.9,23,21,50
19/05/2026,Cainta,47,"ATS 5,000 ""IU""",28.1,1.0,0.0,27.1,14,14,50
19/05/2026,Cainta,47,HTIG,17.7,0.5,0.0,17.2,12,12,50
19/05/2026,Cainta,47,TOXOID BETT,3940.3,4.4,0.0,3935.9,21,27,50
19/05/2026,Cainta,47,TOXOID ABHAYTOX,239.8,0.9,0.0,238.9,30,33,50
19/05/2026,Cainta,47,PPD,9.3,0.2,0.0,9.1,23,24,50
19/05/2026,Cainta,47,HEPA B,51.9,0.9,0.0,51.0,19,17,50
19/05/2026,Cainta,47,HEPA BIG,8.0,0.9,0.0,7.1,12,16,50
19/05/2026,Cainta,47,FLU,54.7,0.5,0.0,54.2,29,24,50
19/05/2026,Cainta,47,AMOXICILLIN 500MG,4517.4,13.2,0.0,4504.2,18,17,140
19/05/2026,Cainta,47,CEFALEXIN 500 MG,8433.7,9.4,132.4,8556.7,25,29,100
19/05/2026,Cainta,47,MEFENAMIC 500 MG,6394.6,13.2,146.7,6528.1,25,31,120
19/05/2026,Cainta,47,INSULIN,1223.9,13.0,0.0,1210.9,17,22,150
19/05/2026,Cainta,47,1CC/3CC,2775.0,4.3,0.0,2770.7,13,14,50
19/05/2026,Cainta,47,5CC/10CC,3139.9,5.2,0.0,3134.7,19,19,50
19/05/2026,Cainta,47,CETIRIZINE,5282.1,8.5,0.0,5273.6,18,18,100
19/05/2026,Cainta,47,G23,1582.1,2.3,0.0,1579.8,25,29,50
19/05/2026,Cainta,47,G27,1534.2,2.4,0.0,1531.8,27,27,50
19/05/2026,Cainta,47,GAUZE PAD,316.2,4.6,0.0,311.6,16,16,50
19/05/2026,Cainta,47,COTTON BALLS,5180.0,23.2,0.0,5156.8,22,18,240
19/05/2026,Cainta,47,BETADINE,6.9,0.2,0.0,6.7,13,18,50
19/05/2026,Cainta,47,ALCOHOL,2.7,0.2,0.0,2.5,16,13,50
19/05/2026,Cainta,47,FACEMASK,1770.6,9.1,0.0,1761.5,26,25,100
19/05/2026,Cainta,47,GLOVES,1897.2,10.9,0.0,1886.3,27,37,100
19/05/2026,Cainta,47,MICROPRE,59.0,2.2,0.0,56.8,26,32,50
19/05/2026,Cainta,47,STERILE WATER,99.1,1.4,0.0,97.7,14,16,50
19/05/2026,Cainta,47,REF THERMOMETER,11.6,0.5,0.0,11.1,22,26,50
19/05/2026,Cainta,47,ACRYLIC CONTAINERS,5.8,1.0,0.0,4.8,20,17,50
19/05/2026,Cainta,47,COOLER,1.1,0.2,0.0,0.9,30,39,50
19/05/2026,Cainta,47,KIDNEY BASIN,7.1,0.9,0.0,6.2,24,23,50
19/05/2026,Cainta,47,WEIGHING SCALE,10.3,0.2,0.0,10.1,29,40,50
19/05/2026,Cainta,47,FORCEPS,6.0,0.9,0.0,5.1,14,13,50
19/05/2026,Cainta,47,BETADINE CONTAINER,9.1,0.5,0.0,8.6,20,24,50
19/05/2026,Cainta,47,ALCOHOL PUMP CONTAINER,3.2,0.5,0.0,2.7,26,29,50
20/05/2026,Cainta,18,SPEEDA,2606.1,2.6,0.0,2603.5,7,6,70
20/05/2026,Cainta,18,ABHAYRAB,420.0,0.9,0.0,419.1,9,9,50
20/05/2026,Cainta,18,VAXIRAB,260.3,0.9,0.0,259.4,8,10,50
20/05/2026,Cainta,18,CHIRORAB,4.4,0.9,0.0,3.5,12,11,50
20/05/2026,Cainta,18,ERIG,56.2,0.7,0.0,55.5,6,8,50
20/05/2026,Cainta,18,HRIG,6.1,0.4,0.0,5.7,11,11,50
20/05/2026,Cainta,18,"ATS 1,500 ""IU""",0.9,0.4,0.0,0.5,7,8,50
20/05/2026,Cainta,18,"ATS 3000 ""IU""",101.9,0.4,0.0,101.5,8,9,50
20/05/2026,Cainta,18,"ATS 5,000 ""IU""",27.1,0.4,29.8,56.5,8,9,50
20/05/2026,Cainta,18,HTIG,17.2,0.2,0.0,17.0,6,7,50
20/05/2026,Cainta,18,TOXOID BETT,3935.9,1.5,0.0,3934.4,11,14,50
20/05/2026,Cainta,18,TOXOID ABHAYTOX,238.9,0.4,0.0,238.5,11,13,50
20/05/2026,Cainta,18,PPD,9.1,0.1,0.0,9.0,12,14,50
20/05/2026,Cainta,18,HEPA B,51.0,0.4,0.0,50.6,12,14,50
20/05/2026,Cainta,18,HEPA BIG,7.1,0.4,0.0,6.7,9,9,50
20/05/2026,Cainta,18,FLU,54.2,0.2,0.0,54.0,8,7,50
20/05/2026,Cainta,18,AMOXICILLIN 500MG,4504.2,6.8,0.0,4497.4,11,10,140
20/05/2026,Cainta,18,CEFALEXIN 500 MG,8556.7,4.0,0.0,8552.7,5,6,100
20/05/2026,Cainta,18,MEFENAMIC 500 MG,6528.1,5.0,0.0,6523.1,11,15,120
20/05/2026,Cainta,18,INSULIN,1210.9,5.0,0.0,1205.9,8,7,150
20/05/2026,Cainta,18,1CC/3CC,2770.7,1.8,0.0,2768.9,9,10,50
20/05/2026,Cainta,18,5CC/10CC,3134.7,1.8,0.0,3132.9,7,7,50
20/05/2026,Cainta,18,CETIRIZINE,5273.6,3.5,0.0,5270.1,7,8,100
20/05/2026,Cainta,18,G23,1579.8,0.9,0.0,1578.9,5,6,50
20/05/2026,Cainta,18,G27,1531.8,0.9,0.0,1530.9,8,10,50
20/05/2026,Cainta,18,GAUZE PAD,311.6,1.9,0.0,309.7,7,9,50
20/05/2026,Cainta,18,COTTON BALLS,5156.8,8.7,0.0,5148.1,6,8,240
20/05/2026,Cainta,18,BETADINE,6.7,0.1,0.0,6.6,6,5,50
20/05/2026,Cainta,18,ALCOHOL,2.5,0.1,0.0,2.4,9,10,50
20/05/2026,Cainta,18,FACEMASK,1761.5,4.0,57.8,1815.3,7,7,100
20/05/2026,Cainta,18,GLOVES,1886.3,3.1,0.0,1883.2,10,14,100
20/05/2026,Cainta,18,MICROPRE,56.8,0.9,0.0,55.9,5,6,50
20/05/2026,Cainta,18,STERILE WATER,97.7,0.5,0.0,97.2,9,8,50
20/05/2026,Cainta,18,REF THERMOMETER,11.1,0.2,0.0,10.9,6,6,50
20/05/2026,Cainta,18,ACRYLIC CONTAINERS,4.8,0.4,0.0,4.4,8,9,50
20/05/2026,Cainta,18,COOLER,0.9,0.1,0.0,0.8,8,11,50
20/05/2026,Cainta,18,KIDNEY BASIN,6.2,0.4,0.0,5.8,9,8,50
20/05/2026,Cainta,18,WEIGHING SCALE,10.1,0.1,0.0,10.0,8,9,50
20/05/2026,Cainta,18,FORCEPS,5.1,0.4,0.0,4.7,8,8,50
20/05/2026,Cainta,18,BETADINE CONTAINER,8.6,0.2,0.0,8.4,6,7,50
20/05/2026,Cainta,18,ALCOHOL PUMP CONTAINER,2.7,0.2,3.7,6.2,8,10,50
21/05/2026,Cainta,21,SPEEDA,2603.5,3.0,0.0,2600.5,8,8,70
21/05/2026,Cainta,21,ABHAYRAB,419.1,1.0,0.0,418.1,11,14,50
21/05/2026,Cainta,21,VAXIRAB,259.4,1.1,0.0,258.3,9,8,50
21/05/2026,Cainta,21,CHIRORAB,3.5,1.0,0.0,2.5,12,15,50
21/05/2026,Cainta,21,ERIG,55.5,0.8,0.0,54.7,9,8,50
21/05/2026,Cainta,21,HRIG,5.7,0.4,0.0,5.3,7,8,50
21/05/2026,Cainta,21,"ATS 1,500 ""IU""",0.5,0.4,0.0,0.1,8,8,50
21/05/2026,Cainta,21,"ATS 3000 ""IU""",101.5,0.4,0.0,101.1,6,7,50
21/05/2026,Cainta,21,"ATS 5,000 ""IU""",56.5,0.4,0.0,56.1,10,10,50
21/05/2026,Cainta,21,HTIG,17.0,0.2,0.0,16.8,12,14,50
21/05/2026,Cainta,21,TOXOID BETT,3934.4,2.1,161.4,4093.7,12,10,50
21/05/2026,Cainta,21,TOXOID ABHAYTOX,238.5,0.4,0.0,238.1,9,9,50
21/05/2026,Cainta,21,PPD,9.0,0.1,0.0,8.9,7,9,50
21/05/2026,Cainta,21,HEPA B,50.6,0.4,0.0,50.2,13,14,50
21/05/2026,Cainta,21,HEPA BIG,6.7,0.4,0.0,6.3,6,7,50
21/05/2026,Cainta,21,FLU,54.0,0.2,0.0,53.8,9,11,50
21/05/2026,Cainta,21,AMOXICILLIN 500MG,4497.4,8.1,0.0,4489.3,12,13,140
21/05/2026,Cainta,21,CEFALEXIN 500 MG,8552.7,3.6,0.0,8549.1,9,12,100
21/05/2026,Cainta,21,MEFENAMIC 500 MG,6523.1,4.5,264.0,6782.6,6,6,120
21/05/2026,Cainta,21,INSULIN,1205.9,4.9,0.0,1201.0,7,10,150
21/05/2026,Cainta,21,1CC/3CC,2768.9,2.1,0.0,2766.8,10,13,50
21/05/2026,Cainta,21,5CC/10CC,3132.9,2.1,0.0,3130.8,7,7,50
21/05/2026,Cainta,21,CETIRIZINE,5270.1,4.9,0.0,5265.2,11,11,100
21/05/2026,Cainta,21,G23,1578.9,1.1,0.0,1577.8,9,11,50
21/05/2026,Cainta,21,G27,1530.9,1.0,69.2,1599.1,8,10,50
21/05/2026,Cainta,21,GAUZE PAD,309.7,2.1,0.0,307.6,7,6,50
21/05/2026,Cainta,21,COTTON BALLS,5148.1,10.8,0.0,5137.3,12,11,240
21/05/2026,Cainta,21,BETADINE,6.6,0.1,0.0,6.5,9,8,50
21/05/2026,Cainta,21,ALCOHOL,2.4,0.1,0.0,2.3,11,14,50
21/05/2026,Cainta,21,FACEMASK,1815.3,4.4,0.0,1810.9,9,11,100
21/05/2026,Cainta,21,GLOVES,1883.2,4.3,0.0,1878.9,6,5,100
21/05/2026,Cainta,21,MICROPRE,55.9,1.1,0.0,54.8,9,10,50
21/05/2026,Cainta,21,STERILE WATER,97.2,0.6,0.0,96.6,10,13,50
21/05/2026,Cainta,21,REF THERMOMETER,10.9,0.2,0.0,10.7,9,12,50
21/05/2026,Cainta,21,ACRYLIC CONTAINERS,4.4,0.4,0.0,4.0,12,11,50
21/05/2026,Cainta,21,COOLER,0.8,0.1,0.0,0.7,13,13,50
21/05/2026,Cainta,21,KIDNEY BASIN,5.8,0.4,0.0,5.4,12,12,50
21/05/2026,Cainta,21,WEIGHING SCALE,10.0,0.1,0.0,9.9,10,12,50
21/05/2026,Cainta,21,FORCEPS,4.7,0.4,0.0,4.3,10,9,50
21/05/2026,Cainta,21,BETADINE CONTAINER,8.4,0.2,0.0,8.2,11,10,50
21/05/2026,Cainta,21,ALCOHOL PUMP CONTAINER,6.2,0.2,0.0,6.0,8,10,50
22/05/2026,Cainta,94,SPEEDA,2600.5,15.8,0.0,2584.7,54,61,70
22/05/2026,Cainta,94,ABHAYRAB,418.1,4.7,0.0,413.4,56,50,50
22/05/2026,Cainta,94,VAXIRAB,258.3,4.7,0.0,253.6,34,35,50
22/05/2026,Cainta,94,CHIRORAB,2.5,4.8,48.9,46.6,57,50,50
22/05/2026,Cainta,94,ERIG,54.7,3.7,0.0,51.0,55,56,50
22/05/2026,Cainta,94,HRIG,5.3,1.9,0.0,3.4,39,41,50
22/05/2026,Cainta,94,"ATS 1,500 ""IU""",0.1,1.9,8.8,7.0,58,50,50
22/05/2026,Cainta,94,"ATS 3000 ""IU""",101.1,1.9,0.0,99.2,28,23,50
22/05/2026,Cainta,94,"ATS 5,000 ""IU""",56.1,1.9,0.0,54.2,25,33,50
22/05/2026,Cainta,94,HTIG,16.8,0.9,0.0,15.9,37,49,50
22/05/2026,Cainta,94,TOXOID BETT,4093.7,8.8,0.0,4084.9,45,36,50
22/05/2026,Cainta,94,TOXOID ABHAYTOX,238.1,1.9,0.0,236.2,37,44,50
22/05/2026,Cainta,94,PPD,8.9,0.5,0.0,8.4,59,51,50
22/05/2026,Cainta,94,HEPA B,50.2,1.9,0.0,48.3,33,42,50
22/05/2026,Cainta,94,HEPA BIG,6.3,1.9,0.0,4.4,34,45,50
22/05/2026,Cainta,94,FLU,53.8,1.0,0.0,52.8,47,55,50
22/05/2026,Cainta,94,AMOXICILLIN 500MG,4489.3,28.1,0.0,4461.2,24,28,140
22/05/2026,Cainta,94,CEFALEXIN 500 MG,8549.1,24.4,0.0,8524.7,51,52,100
22/05/2026,Cainta,94,MEFENAMIC 500 MG,6782.6,19.1,0.0,6763.5,38,36,120
22/05/2026,Cainta,94,INSULIN,1201.0,31.3,0.0,1169.7,60,66,150
22/05/2026,Cainta,94,1CC/3CC,2766.8,10.0,0.0,2756.8,49,43,50
22/05/2026,Cainta,94,5CC/10CC,3130.8,9.8,0.0,3121.0,25,30,50
22/05/2026,Cainta,94,CETIRIZINE,5265.2,18.4,0.0,5246.8,27,29,100
22/05/2026,Cainta,94,G23,1577.8,4.7,0.0,1573.1,27,24,50
22/05/2026,Cainta,94,G27,1599.1,4.8,0.0,1594.3,59,68,50
22/05/2026,Cainta,94,GAUZE PAD,307.6,9.8,0.0,297.8,49,63,50
22/05/2026,Cainta,94,COTTON BALLS,5137.3,53.0,118.2,5202.5,40,46,240
22/05/2026,Cainta,94,BETADINE,6.5,0.5,0.0,6.0,31,35,50
22/05/2026,Cainta,94,ALCOHOL,2.3,0.5,0.0,1.8,56,73,50
22/05/2026,Cainta,94,FACEMASK,1810.9,18.4,182.5,1975.0,31,25,100
22/05/2026,Cainta,94,GLOVES,1878.9,17.1,0.0,1861.8,50,59,100
22/05/2026,Cainta,94,MICROPRE,54.8,4.6,0.0,50.2,52,54,50
22/05/2026,Cainta,94,STERILE WATER,96.6,2.9,0.0,93.7,35,32,50
22/05/2026,Cainta,94,REF THERMOMETER,10.7,0.9,0.0,9.8,42,58,50
22/05/2026,Cainta,94,ACRYLIC CONTAINERS,4.0,1.9,0.0,2.1,32,33,50
22/05/2026,Cainta,94,COOLER,0.7,0.5,0.0,0.2,38,38,50
22/05/2026,Cainta,94,KIDNEY BASIN,5.4,1.9,0.0,3.5,60,54,50
22/05/2026,Cainta,94,WEIGHING SCALE,9.9,0.5,1.7,11.1,50,70,50
22/05/2026,Cainta,94,FORCEPS,4.3,1.9,0.0,2.4,55,72,50
22/05/2026,Cainta,94,BETADINE CONTAINER,8.2,0.9,0.0,7.3,44,37,50
22/05/2026,Cainta,94,ALCOHOL PUMP CONTAINER,6.0,1.0,0.0,5.0,32,36,50
23/05/2026,Cainta,95,SPEEDA,2584.7,14.4,0.0,2570.3,51,45,70
23/05/2026,Cainta,95,ABHAYRAB,413.4,4.6,0.0,408.8,43,53,50
23/05/2026,Cainta,95,VAXIRAB,253.6,4.6,0.0,249.0,30,33,50
23/05/2026,Cainta,95,CHIRORAB,46.6,4.7,0.0,41.9,39,34,50
23/05/2026,Cainta,95,ERIG,51.0,3.8,0.0,47.2,48,54,50
23/05/2026,Cainta,95,HRIG,3.4,1.9,0.0,1.5,52,70,50
23/05/2026,Cainta,95,"ATS 1,500 ""IU""",7.0,1.9,0.0,5.1,33,33,50
23/05/2026,Cainta,95,"ATS 3000 ""IU""",99.2,1.9,17.1,114.4,57,47,50
23/05/2026,Cainta,95,"ATS 5,000 ""IU""",54.2,1.9,0.0,52.3,38,52,50
23/05/2026,Cainta,95,HTIG,15.9,0.9,0.0,15.0,34,30,50
23/05/2026,Cainta,95,TOXOID BETT,4084.9,9.1,0.0,4075.8,31,34,50
23/05/2026,Cainta,95,TOXOID ABHAYTOX,236.2,1.9,36.3,270.6,54,61,50
23/05/2026,Cainta,95,PPD,8.4,0.5,0.0,7.9,37,35,50
23/05/2026,Cainta,95,HEPA B,48.3,1.9,0.0,46.4,42,38,50
23/05/2026,Cainta,95,HEPA BIG,4.4,1.9,0.0,2.5,32,28,50
23/05/2026,Cainta,95,FLU,52.8,0.9,0.0,51.9,50,42,50
23/05/2026,Cainta,95,AMOXICILLIN 500MG,4461.2,30.4,0.0,4430.8,53,59,140
23/05/2026,Cainta,95,CEFALEXIN 500 MG,8524.7,22.6,0.0,8502.1,37,48,100
23/05/2026,Cainta,95,MEFENAMIC 500 MG,6763.5,28.9,0.0,6734.6,60,53,120
23/05/2026,Cainta,95,INSULIN,1169.7,21.4,0.0,1148.3,25,31,150
23/05/2026,Cainta,95,1CC/3CC,2756.8,9.8,0.0,2747.0,29,30,50
23/05/2026,Cainta,95,5CC/10CC,3121.0,9.4,0.0,3111.6,46,38,50
23/05/2026,Cainta,95,CETIRIZINE,5246.8,19.3,0.0,5227.5,50,56,100
23/05/2026,Cainta,95,G23,1573.1,4.7,0.0,1568.4,33,31,50
23/05/2026,Cainta,95,G27,1594.3,4.8,0.0,1589.5,45,52,50
23/05/2026,Cainta,95,GAUZE PAD,297.8,9.6,0.0,288.2,36,36,50
23/05/2026,Cainta,95,COTTON BALLS,5202.5,42.3,0.0,5160.2,45,54,240
23/05/2026,Cainta,95,BETADINE,6.0,0.5,0.0,5.5,49,66,50
23/05/2026,Cainta,95,ALCOHOL,1.8,0.5,0.0,1.3,61,58,50
23/05/2026,Cainta,95,FACEMASK,1975.0,19.5,0.0,1955.5,41,56,100
23/05/2026,Cainta,95,GLOVES,1861.8,20.2,0.0,1841.6,48,44,100
23/05/2026,Cainta,95,MICROPRE,50.2,4.9,0.0,45.3,46,39,50
23/05/2026,Cainta,95,STERILE WATER,93.7,2.8,0.0,90.9,36,33,50
23/05/2026,Cainta,95,REF THERMOMETER,9.8,1.0,0.0,8.8,33,43,50
23/05/2026,Cainta,95,ACRYLIC CONTAINERS,2.1,1.9,0.0,0.2,61,74,50
23/05/2026,Cainta,95,COOLER,0.2,0.5,10.3,10.0,32,44,50
23/05/2026,Cainta,95,KIDNEY BASIN,3.5,1.9,0.0,1.6,54,66,50
23/05/2026,Cainta,95,WEIGHING SCALE,11.1,0.5,0.0,10.6,29,30,50
23/05/2026,Cainta,95,FORCEPS,2.4,1.9,0.0,0.5,54,72,50
23/05/2026,Cainta,95,BETADINE CONTAINER,7.3,0.9,0.0,6.4,31,43,50
23/05/2026,Cainta,95,ALCOHOL PUMP CONTAINER,5.0,0.9,0.0,4.1,61,78,50
24/05/2026,Cainta,25,SPEEDA,2570.3,4.0,0.0,2566.3,13,15,70
24/05/2026,Cainta,25,ABHAYRAB,408.8,1.3,0.0,407.5,7,9,50
24/05/2026,Cainta,25,VAXIRAB,249.0,1.2,0.0,247.8,13,12,50
24/05/2026,Cainta,25,CHIRORAB,41.9,1.3,0.0,40.6,12,16,50
24/05/2026,Cainta,25,ERIG,47.2,1.0,0.0,46.2,10,14,50
24/05/2026,Cainta,25,HRIG,1.5,0.5,0.0,1.0,9,11,50
24/05/2026,Cainta,25,"ATS 1,500 ""IU""",5.1,0.5,0.0,4.6,13,12,50
24/05/2026,Cainta,25,"ATS 3000 ""IU""",114.4,0.5,0.0,113.9,14,12,50
24/05/2026,Cainta,25,"ATS 5,000 ""IU""",52.3,0.5,0.0,51.8,10,14,50
24/05/2026,Cainta,25,HTIG,15.0,0.2,0.0,14.8,15,20,50
24/05/2026,Cainta,25,TOXOID BETT,4075.8,2.4,162.6,4236.0,9,11,50
24/05/2026,Cainta,25,TOXOID ABHAYTOX,270.6,0.5,14.0,284.1,7,10,50
24/05/2026,Cainta,25,PPD,7.9,0.1,0.0,7.8,12,13,50
24/05/2026,Cainta,25,HEPA B,46.4,0.5,0.0,45.9,7,9,50
24/05/2026,Cainta,25,HEPA BIG,2.5,0.5,26.6,28.6,9,8,50
24/05/2026,Cainta,25,FLU,51.9,0.2,0.0,51.7,11,10,50
24/05/2026,Cainta,25,AMOXICILLIN 500MG,4430.8,7.6,408.0,4831.2,9,10,140
24/05/2026,Cainta,25,CEFALEXIN 500 MG,8502.1,4.7,0.0,8497.4,8,8,100
24/05/2026,Cainta,25,MEFENAMIC 500 MG,6734.6,6.0,0.0,6728.6,13,14,120
24/05/2026,Cainta,25,INSULIN,1148.3,10.1,0.0,1138.2,12,15,150
24/05/2026,Cainta,25,1CC/3CC,2747.0,2.5,0.0,2744.5,15,12,50
24/05/2026,Cainta,25,5CC/10CC,3111.6,2.5,168.7,3277.8,12,15,50
24/05/2026,Cainta,25,CETIRIZINE,5227.5,5.3,0.0,5222.2,11,9,100
24/05/2026,Cainta,25,G23,1568.4,1.2,0.0,1567.2,9,12,50
24/05/2026,Cainta,25,G27,1589.5,1.2,0.0,1588.3,14,13,50
24/05/2026,Cainta,25,GAUZE PAD,288.2,2.4,15.6,301.4,8,10,50
24/05/2026,Cainta,25,COTTON BALLS,5160.2,10.5,0.0,5149.7,9,10,240
24/05/2026,Cainta,25,BETADINE,5.5,0.1,0.0,5.4,15,15,50
24/05/2026,Cainta,25,ALCOHOL,1.3,0.1,0.0,1.2,14,13,50
24/05/2026,Cainta,25,FACEMASK,1955.5,6.1,0.0,1949.4,12,10,100
24/05/2026,Cainta,25,GLOVES,1841.6,5.1,0.0,1836.5,7,7,100
24/05/2026,Cainta,25,MICROPRE,45.3,1.2,0.0,44.1,8,7,50
24/05/2026,Cainta,25,STERILE WATER,90.9,0.7,0.0,90.2,11,10,50
24/05/2026,Cainta,25,REF THERMOMETER,8.8,0.2,0.0,8.6,14,17,50
24/05/2026,Cainta,25,ACRYLIC CONTAINERS,0.2,0.5,5.3,5.0,11,10,50
24/05/2026,Cainta,25,COOLER,10.0,0.1,0.0,9.9,6,6,50
24/05/2026,Cainta,25,KIDNEY BASIN,1.6,0.5,0.0,1.1,8,8,50
24/05/2026,Cainta,25,WEIGHING SCALE,10.6,0.1,0.0,10.5,12,13,50
24/05/2026,Cainta,25,FORCEPS,0.5,0.5,0.0,0.0,13,14,50
24/05/2026,Cainta,25,BETADINE CONTAINER,6.4,0.3,0.0,6.1,7,8,50
24/05/2026,Cainta,25,ALCOHOL PUMP CONTAINER,4.1,0.3,0.0,3.8,7,8,50
25/05/2026,Cainta,33,SPEEDA,2566.3,6.2,114.1,2674.2,12,13,70
25/05/2026,Cainta,33,ABHAYRAB,407.5,1.6,0.0,405.9,9,9,50
25/05/2026,Cainta,33,VAXIRAB,247.8,1.8,0.0,246.0,15,14,50
25/05/2026,Cainta,33,CHIRORAB,40.6,1.6,0.0,39.0,10,12,50
25/05/2026,Cainta,33,ERIG,46.2,1.3,0.0,44.9,17,17,50
25/05/2026,Cainta,33,HRIG,1.0,0.7,0.0,0.3,19,25,50
25/05/2026,Cainta,33,"ATS 1,500 ""IU""",4.6,0.7,0.0,3.9,21,24,50
25/05/2026,Cainta,33,"ATS 3000 ""IU""",113.9,0.7,0.0,113.2,21,25,50
25/05/2026,Cainta,33,"ATS 5,000 ""IU""",51.8,0.7,0.0,51.1,12,13,50
25/05/2026,Cainta,33,HTIG,14.8,0.3,0.0,14.5,9,12,50
25/05/2026,Cainta,33,TOXOID BETT,4236.0,3.5,65.3,4297.8,13,14,50
25/05/2026,Cainta,33,TOXOID ABHAYTOX,284.1,0.7,0.0,283.4,18,19,50
25/05/2026,Cainta,33,PPD,7.8,0.2,0.0,7.6,9,12,50
25/05/2026,Cainta,33,HEPA B,45.9,0.7,0.0,45.2,13,15,50
25/05/2026,Cainta,33,HEPA BIG,28.6,0.7,0.0,27.9,12,13,50
25/05/2026,Cainta,33,FLU,51.7,0.3,0.0,51.4,11,11,50
25/05/2026,Cainta,33,AMOXICILLIN 500MG,4831.2,10.8,0.0,4820.4,18,17,140
25/05/2026,Cainta,33,CEFALEXIN 500 MG,8497.4,6.4,0.0,8491.0,17,22,100
25/05/2026,Cainta,33,MEFENAMIC 500 MG,6728.6,8.4,0.0,6720.2,15,15,120
25/05/2026,Cainta,33,INSULIN,1138.2,11.6,0.0,1126.6,20,16,150
25/05/2026,Cainta,33,1CC/3CC,2744.5,3.1,0.0,2741.4,10,8,50
25/05/2026,Cainta,33,5CC/10CC,3277.8,3.1,0.0,3274.7,10,14,50
25/05/2026,Cainta,33,CETIRIZINE,5222.2,5.4,0.0,5216.8,13,15,100
25/05/2026,Cainta,33,G23,1567.2,1.6,0.0,1565.6,17,19,50
25/05/2026,Cainta,33,G27,1588.3,1.7,0.0,1586.6,16,22,50
25/05/2026,Cainta,33,GAUZE PAD,301.4,3.3,0.0,298.1,9,9,50
25/05/2026,Cainta,33,COTTON BALLS,5149.7,12.6,0.0,5137.1,21,27,240
25/05/2026,Cainta,33,BETADINE,5.4,0.2,0.0,5.2,12,15,50
25/05/2026,Cainta,33,ALCOHOL,1.2,0.2,0.0,1.0,13,14,50
25/05/2026,Cainta,33,FACEMASK,1949.4,5.9,0.0,1943.5,16,20,100
25/05/2026,Cainta,33,GLOVES,1836.5,6.9,0.0,1829.6,21,29,100
25/05/2026,Cainta,33,MICROPRE,44.1,1.6,0.0,42.5,17,16,50
25/05/2026,Cainta,33,STERILE WATER,90.2,1.0,0.0,89.2,21,17,50
25/05/2026,Cainta,33,REF THERMOMETER,8.6,0.3,0.0,8.3,11,14,50
25/05/2026,Cainta,33,ACRYLIC CONTAINERS,5.0,0.7,0.0,4.3,16,17,50
25/05/2026,Cainta,33,COOLER,9.9,0.2,4.7,14.4,19,21,50
25/05/2026,Cainta,33,KIDNEY BASIN,1.1,0.7,0.0,0.4,15,14,50
25/05/2026,Cainta,33,WEIGHING SCALE,10.5,0.2,0.0,10.3,13,17,50
25/05/2026,Cainta,33,FORCEPS,0.0,0.7,17.7,17.0,21,26,50
25/05/2026,Cainta,33,BETADINE CONTAINER,6.1,0.3,0.0,5.8,10,14,50
25/05/2026,Cainta,33,ALCOHOL PUMP CONTAINER,3.8,0.3,0.0,3.5,14,15,50
26/05/2026,Cainta,66,SPEEDA,2674.2,10.3,0.0,2663.9,40,55,70
26/05/2026,Cainta,66,ABHAYRAB,405.9,3.3,0.0,402.6,40,44,50
26/05/2026,Cainta,66,VAXIRAB,246.0,3.3,0.0,242.7,42,49,50
26/05/2026,Cainta,66,CHIRORAB,39.0,3.3,0.0,35.7,40,48,50
26/05/2026,Cainta,66,ERIG,44.9,2.6,0.0,42.3,18,20,50
26/05/2026,Cainta,66,HRIG,0.3,1.3,10.0,9.0,41,47,50
26/05/2026,Cainta,66,"ATS 1,500 ""IU""",3.9,1.3,0.0,2.6,28,26,50
26/05/2026,Cainta,66,"ATS 3000 ""IU""",113.2,1.3,0.0,111.9,34,35,50
26/05/2026,Cainta,66,"ATS 5,000 ""IU""",51.1,1.3,0.0,49.8,27,33,50
26/05/2026,Cainta,66,HTIG,14.5,0.7,0.0,13.8,38,31,50
26/05/2026,Cainta,66,TOXOID BETT,4297.8,7.0,0.0,4290.8,32,39,50
26/05/2026,Cainta,66,TOXOID ABHAYTOX,283.4,1.3,0.0,282.1,39,38,50
26/05/2026,Cainta,66,PPD,7.6,0.3,0.0,7.3,22,21,50
26/05/2026,Cainta,66,HEPA B,45.2,1.3,0.0,43.9,21,26,50
26/05/2026,Cainta,66,HEPA BIG,27.9,1.3,0.0,26.6,28,26,50
26/05/2026,Cainta,66,FLU,51.4,0.7,0.0,50.7,17,23,50
26/05/2026,Cainta,66,AMOXICILLIN 500MG,4820.4,15.8,0.0,4804.6,35,49,140
26/05/2026,Cainta,66,CEFALEXIN 500 MG,8491.0,14.0,0.0,8477.0,24,26,100
26/05/2026,Cainta,66,MEFENAMIC 500 MG,6720.2,19.4,0.0,6700.8,31,32,120
26/05/2026,Cainta,66,INSULIN,1126.6,19.3,0.0,1107.3,18,15,150
26/05/2026,Cainta,66,1CC/3CC,2741.4,7.1,0.0,2734.3,21,27,50
26/05/2026,Cainta,66,5CC/10CC,3274.7,6.5,0.0,3268.2,33,30,50
26/05/2026,Cainta,66,CETIRIZINE,5216.8,14.4,0.0,5202.4,25,34,100
26/05/2026,Cainta,66,G23,1565.6,3.1,0.0,1562.5,22,31,50
26/05/2026,Cainta,66,G27,1586.6,3.5,0.0,1583.1,23,20,50
26/05/2026,Cainta,66,GAUZE PAD,298.1,7.1,0.0,291.0,22,27,50
26/05/2026,Cainta,66,COTTON BALLS,5137.1,31.2,0.0,5105.9,33,36,240
26/05/2026,Cainta,66,BETADINE,5.2,0.3,0.0,4.9,21,24,50
26/05/2026,Cainta,66,ALCOHOL,1.0,0.3,0.0,0.7,26,24,50
26/05/2026,Cainta,66,FACEMASK,1943.5,11.4,0.0,1932.1,35,43,100
26/05/2026,Cainta,66,GLOVES,1829.6,13.8,199.1,2014.9,30,27,100
26/05/2026,Cainta,66,MICROPRE,42.5,3.3,32.3,71.5,32,43,50
26/05/2026,Cainta,66,STERILE WATER,89.2,1.9,0.0,87.3,23,25,50
26/05/2026,Cainta,66,REF THERMOMETER,8.3,0.7,0.0,7.6,41,48,50
26/05/2026,Cainta,66,ACRYLIC CONTAINERS,4.3,1.3,0.0,3.0,27,37,50
26/05/2026,Cainta,66,COOLER,14.4,0.3,0.0,14.1,24,30,50
26/05/2026,Cainta,66,KIDNEY BASIN,0.4,1.3,9.9,9.0,40,45,50
26/05/2026,Cainta,66,WEIGHING SCALE,10.3,0.3,0.0,10.0,34,35,50
26/05/2026,Cainta,66,FORCEPS,17.0,1.3,0.0,15.7,33,36,50
26/05/2026,Cainta,66,BETADINE CONTAINER,5.8,0.7,0.0,5.1,40,40,50
26/05/2026,Cainta,66,ALCOHOL PUMP CONTAINER,3.5,0.7,0.0,2.8,18,25,50
27/05/2026,Cainta,58,SPEEDA,2663.9,9.7,0.0,2654.2,34,32,70
27/05/2026,Cainta,58,ABHAYRAB,402.6,3.1,0.0,399.5,30,31,50
27/05/2026,Cainta,58,VAXIRAB,242.7,2.9,15.5,255.3,23,29,50
27/05/2026,Cainta,58,CHIRORAB,35.7,3.1,0.0,32.6,20,20,50
27/05/2026,Cainta,58,ERIG,42.3,2.3,0.0,40.0,17,23,50
27/05/2026,Cainta,58,HRIG,9.0,1.2,0.0,7.8,36,34,50
27/05/2026,Cainta,58,"ATS 1,500 ""IU""",2.6,1.2,29.3,30.7,18,15,50
27/05/2026,Cainta,58,"ATS 3000 ""IU""",111.9,1.2,0.0,110.7,21,25,50
27/05/2026,Cainta,58,"ATS 5,000 ""IU""",49.8,1.2,0.0,48.6,31,34,50
27/05/2026,Cainta,58,HTIG,13.8,0.6,0.0,13.2,31,42,50
27/05/2026,Cainta,58,TOXOID BETT,4290.8,5.6,175.6,4460.8,18,19,50
27/05/2026,Cainta,58,TOXOID ABHAYTOX,282.1,1.2,0.0,280.9,33,29,50
27/05/2026,Cainta,58,PPD,7.3,0.3,0.0,7.0,26,26,50
27/05/2026,Cainta,58,HEPA B,43.9,1.2,0.0,42.7,34,35,50
27/05/2026,Cainta,58,HEPA BIG,26.6,1.2,0.0,25.4,17,20,50
27/05/2026,Cainta,58,FLU,50.7,0.6,0.0,50.1,15,14,50
27/05/2026,Cainta,58,AMOXICILLIN 500MG,4804.6,22.1,0.0,4782.5,29,33,140
27/05/2026,Cainta,58,CEFALEXIN 500 MG,8477.0,12.4,0.0,8464.6,18,24,100
27/05/2026,Cainta,58,MEFENAMIC 500 MG,6700.8,13.4,154.7,6842.1,27,28,120
27/05/2026,Cainta,58,INSULIN,1107.3,16.1,0.0,1091.2,15,18,150
27/05/2026,Cainta,58,1CC/3CC,2734.3,5.8,0.0,2728.5,33,31,50
27/05/2026,Cainta,58,5CC/10CC,3268.2,5.9,0.0,3262.3,35,45,50
27/05/2026,Cainta,58,CETIRIZINE,5202.4,10.5,0.0,5191.9,34,33,100
27/05/2026,Cainta,58,G23,1562.5,3.0,0.0,1559.5,37,42,50
27/05/2026,Cainta,58,G27,1583.1,2.9,0.0,1580.2,35,34,50
27/05/2026,Cainta,58,GAUZE PAD,291.0,5.3,0.0,285.7,25,21,50
27/05/2026,Cainta,58,COTTON BALLS,5105.9,24.1,0.0,5081.8,24,24,240
27/05/2026,Cainta,58,BETADINE,4.9,0.3,0.0,4.6,35,32,50
27/05/2026,Cainta,58,ALCOHOL,0.7,0.3,0.0,0.4,36,48,50
27/05/2026,Cainta,58,FACEMASK,1932.1,14.0,0.0,1918.1,37,36,100
27/05/2026,Cainta,58,GLOVES,2014.9,11.9,162.7,2165.7,32,44,100
27/05/2026,Cainta,58,MICROPRE,71.5,2.8,0.0,68.7,19,21,50
27/05/2026,Cainta,58,STERILE WATER,87.3,1.7,26.7,112.3,36,34,50
27/05/2026,Cainta,58,REF THERMOMETER,7.6,0.6,0.0,7.0,36,37,50
27/05/2026,Cainta,58,ACRYLIC CONTAINERS,3.0,1.2,0.0,1.8,30,27,50
27/05/2026,Cainta,58,COOLER,14.1,0.3,0.0,13.8,34,44,50
27/05/2026,Cainta,58,KIDNEY BASIN,9.0,1.2,0.0,7.8,28,24,50
27/05/2026,Cainta,58,WEIGHING SCALE,10.0,0.3,0.0,9.7,36,48,50
27/05/2026,Cainta,58,FORCEPS,15.7,1.2,0.0,14.5,17,14,50
27/05/2026,Cainta,58,BETADINE CONTAINER,5.1,0.6,0.0,4.5,35,34,50
27/05/2026,Cainta,58,ALCOHOL PUMP CONTAINER,2.8,0.6,0.0,2.2,16,14,50
28/05/2026,Cainta,25,SPEEDA,2654.2,4.5,0.0,2649.7,10,12,70
28/05/2026,Cainta,25,ABHAYRAB,399.5,1.3,25.1,423.3,8,9,50
28/05/2026,Cainta,25,VAXIRAB,255.3,1.2,0.0,254.1,11,15,50
28/05/2026,Cainta,25,CHIRORAB,32.6,1.3,0.0,31.3,9,9,50
28/05/2026,Cainta,25,ERIG,40.0,1.0,0.0,39.0,16,13,50
28/05/2026,Cainta,25,HRIG,7.8,0.5,0.0,7.3,12,15,50
28/05/2026,Cainta,25,"ATS 1,500 ""IU""",30.7,0.5,0.0,30.2,15,17,50
28/05/2026,Cainta,25,"ATS 3000 ""IU""",110.7,0.5,0.0,110.2,9,12,50
28/05/2026,Cainta,25,"ATS 5,000 ""IU""",48.6,0.5,0.0,48.1,7,7,50
28/05/2026,Cainta,25,HTIG,13.2,0.3,0.0,12.9,14,17,50
28/05/2026,Cainta,25,TOXOID BETT,4460.8,2.6,153.9,4612.1,13,12,50
28/05/2026,Cainta,25,TOXOID ABHAYTOX,280.9,0.5,0.0,280.4,12,17,50
28/05/2026,Cainta,25,PPD,7.0,0.1,0.0,6.9,14,13,50
28/05/2026,Cainta,25,HEPA B,42.7,0.5,0.0,42.2,15,19,50
28/05/2026,Cainta,25,HEPA BIG,25.4,0.5,0.0,24.9,12,11,50
28/05/2026,Cainta,25,FLU,50.1,0.2,0.0,49.9,16,20,50
28/05/2026,Cainta,25,AMOXICILLIN 500MG,4782.5,8.0,0.0,4774.5,13,17,140
28/05/2026,Cainta,25,CEFALEXIN 500 MG,8464.6,4.9,0.0,8459.7,13,17,100
28/05/2026,Cainta,25,MEFENAMIC 500 MG,6842.1,6.2,0.0,6835.9,10,11,120
28/05/2026,Cainta,25,INSULIN,1091.2,7.1,104.4,1188.5,6,6,150
28/05/2026,Cainta,25,1CC/3CC,2728.5,2.7,0.0,2725.8,9,12,50
28/05/2026,Cainta,25,5CC/10CC,3262.3,2.4,0.0,3259.9,14,16,50
28/05/2026,Cainta,25,CETIRIZINE,5191.9,4.6,0.0,5187.3,13,15,100
28/05/2026,Cainta,25,G23,1559.5,1.3,0.0,1558.2,10,9,50
28/05/2026,Cainta,25,G27,1580.2,1.3,0.0,1578.9,13,14,50
28/05/2026,Cainta,25,GAUZE PAD,285.7,2.2,0.0,283.5,8,8,50
28/05/2026,Cainta,25,COTTON BALLS,5081.8,11.2,463.9,5534.5,9,11,240
28/05/2026,Cainta,25,BETADINE,4.6,0.1,0.0,4.5,16,15,50
28/05/2026,Cainta,25,ALCOHOL,0.4,0.1,0.0,0.3,10,10,50
28/05/2026,Cainta,25,FACEMASK,1918.1,3.7,0.0,1914.4,9,12,100
28/05/2026,Cainta,25,GLOVES,2165.7,4.9,0.0,2160.8,11,12,100
28/05/2026,Cainta,25,MICROPRE,68.7,1.2,32.8,100.3,10,13,50
28/05/2026,Cainta,25,STERILE WATER,112.3,0.8,29.7,141.2,14,13,50
28/05/2026,Cainta,25,REF THERMOMETER,7.0,0.2,0.0,6.8,16,17,50
28/05/2026,Cainta,25,ACRYLIC CONTAINERS,1.8,0.5,11.9,13.2,12,13,50
28/05/2026,Cainta,25,COOLER,13.8,0.1,0.0,13.7,12,12,50
28/05/2026,Cainta,25,KIDNEY BASIN,7.8,0.5,0.0,7.3,10,12,50
28/05/2026,Cainta,25,WEIGHING SCALE,9.7,0.1,0.0,9.6,12,11,50
28/05/2026,Cainta,25,FORCEPS,14.5,0.5,0.0,14.0,9,10,50
28/05/2026,Cainta,25,BETADINE CONTAINER,4.5,0.2,0.0,4.3,6,5,50
28/05/2026,Cainta,25,ALCOHOL PUMP CONTAINER,2.2,0.3,0.0,1.9,15,18,50
29/05/2026,Cainta,55,SPEEDA,2649.7,7.3,0.0,2642.4,23,30,70
29/05/2026,Cainta,55,ABHAYRAB,423.3,2.6,0.0,420.7,25,20,50
29/05/2026,Cainta,55,VAXIRAB,254.1,2.7,0.0,251.4,16,17,50
29/05/2026,Cainta,55,CHIRORAB,31.3,2.9,26.3,54.7,32,35,50
29/05/2026,Cainta,55,ERIG,39.0,2.2,0.0,36.8,17,21,50
29/05/2026,Cainta,55,HRIG,7.3,1.1,0.0,6.2,23,19,50
29/05/2026,Cainta,55,"ATS 1,500 ""IU""",30.2,1.1,0.0,29.1,32,33,50
29/05/2026,Cainta,55,"ATS 3000 ""IU""",110.2,1.1,0.0,109.1,24,31,50
29/05/2026,Cainta,55,"ATS 5,000 ""IU""",48.1,1.1,0.0,47.0,34,38,50
29/05/2026,Cainta,55,HTIG,12.9,0.6,0.0,12.3,18,22,50
29/05/2026,Cainta,55,TOXOID BETT,4612.1,5.3,0.0,4606.8,29,30,50
29/05/2026,Cainta,55,TOXOID ABHAYTOX,280.4,1.1,0.0,279.3,35,47,50
29/05/2026,Cainta,55,PPD,6.9,0.3,0.0,6.6,26,22,50
29/05/2026,Cainta,55,HEPA B,42.2,1.1,0.0,41.1,29,25,50
29/05/2026,Cainta,55,HEPA BIG,24.9,1.1,0.0,23.8,22,25,50
29/05/2026,Cainta,55,FLU,49.9,0.5,0.0,49.4,30,32,50
29/05/2026,Cainta,55,AMOXICILLIN 500MG,4774.5,15.5,387.4,5146.4,34,40,140
29/05/2026,Cainta,55,CEFALEXIN 500 MG,8459.7,10.5,0.0,8449.2,29,27,100
29/05/2026,Cainta,55,MEFENAMIC 500 MG,6835.9,12.9,0.0,6823.0,34,32,120
29/05/2026,Cainta,55,INSULIN,1188.5,17.7,0.0,1170.8,27,34,150
29/05/2026,Cainta,55,1CC/3CC,2725.8,5.5,0.0,2720.3,26,25,50
29/05/2026,Cainta,55,5CC/10CC,3259.9,5.4,0.0,3254.5,20,25,50
29/05/2026,Cainta,55,CETIRIZINE,5187.3,11.2,0.0,5176.1,29,34,100
29/05/2026,Cainta,55,G23,1558.2,2.7,0.0,1555.5,33,28,50
29/05/2026,Cainta,55,G27,1578.9,2.8,0.0,1576.1,28,34,50
29/05/2026,Cainta,55,GAUZE PAD,283.5,5.5,0.0,278.0,19,25,50
29/05/2026,Cainta,55,COTTON BALLS,5534.5,20.4,0.0,5514.1,26,34,240
29/05/2026,Cainta,55,BETADINE,4.5,0.3,0.0,4.2,30,24,50
29/05/2026,Cainta,55,ALCOHOL,0.3,0.3,0.0,0.0,34,38,50
29/05/2026,Cainta,55,FACEMASK,1914.4,11.1,0.0,1903.3,17,23,100
29/05/2026,Cainta,55,GLOVES,2160.8,12.4,0.0,2148.4,17,20,100
29/05/2026,Cainta,55,MICROPRE,100.3,2.8,0.0,97.5,23,22,50
29/05/2026,Cainta,55,STERILE WATER,141.2,1.7,0.0,139.5,17,16,50
29/05/2026,Cainta,55,REF THERMOMETER,6.8,0.5,0.0,6.3,35,42,50
29/05/2026,Cainta,55,ACRYLIC CONTAINERS,13.2,1.1,0.0,12.1,23,29,50
29/05/2026,Cainta,55,COOLER,13.7,0.3,0.0,13.4,25,34,50
29/05/2026,Cainta,55,KIDNEY BASIN,7.3,1.1,0.0,6.2,19,26,50
29/05/2026,Cainta,55,WEIGHING SCALE,9.6,0.3,0.0,9.3,24,24,50
29/05/2026,Cainta,55,FORCEPS,14.0,1.1,0.0,12.9,35,41,50
29/05/2026,Cainta,55,BETADINE CONTAINER,4.3,0.6,0.0,3.7,25,22,50
29/05/2026,Cainta,55,ALCOHOL PUMP CONTAINER,1.9,0.5,0.0,1.4,14,12,50
30/05/2026,Cainta,68,SPEEDA,2642.4,11.2,52.2,2683.4,24,20,70
30/05/2026,Cainta,68,ABHAYRAB,420.7,3.4,0.0,417.3,44,60,50
30/05/2026,Cainta,68,VAXIRAB,251.4,3.5,0.0,247.9,44,39,50
30/05/2026,Cainta,68,CHIRORAB,54.7,3.3,0.0,51.4,23,25,50
30/05/2026,Cainta,68,ERIG,36.8,2.8,0.0,34.0,34,36,50
30/05/2026,Cainta,68,HRIG,6.2,1.4,0.0,4.8,19,19,50
30/05/2026,Cainta,68,"ATS 1,500 ""IU""",29.1,1.4,0.0,27.7,33,37,50
30/05/2026,Cainta,68,"ATS 3000 ""IU""",109.1,1.3,0.0,107.8,20,16,50
30/05/2026,Cainta,68,"ATS 5,000 ""IU""",47.0,1.4,0.0,45.6,39,40,50
30/05/2026,Cainta,68,HTIG,12.3,0.7,0.0,11.6,43,47,50
30/05/2026,Cainta,68,TOXOID BETT,4606.8,6.7,136.5,4736.6,22,28,50
30/05/2026,Cainta,68,TOXOID ABHAYTOX,279.3,1.4,0.0,277.9,30,37,50
30/05/2026,Cainta,68,PPD,6.6,0.3,0.0,6.3,20,26,50
30/05/2026,Cainta,68,HEPA B,41.1,1.3,0.0,39.8,26,27,50
30/05/2026,Cainta,68,HEPA BIG,23.8,1.4,0.0,22.4,19,17,50
30/05/2026,Cainta,68,FLU,49.4,0.7,0.0,48.7,24,25,50
30/05/2026,Cainta,68,AMOXICILLIN 500MG,5146.4,19.0,0.0,5127.4,44,61,140
30/05/2026,Cainta,68,CEFALEXIN 500 MG,8449.2,13.7,0.0,8435.5,18,17,100
30/05/2026,Cainta,68,MEFENAMIC 500 MG,6823.0,23.3,0.0,6799.7,40,36,120
30/05/2026,Cainta,68,INSULIN,1170.8,24.3,0.0,1146.5,19,26,150
30/05/2026,Cainta,68,1CC/3CC,2720.3,7.2,0.0,2713.1,31,42,50
30/05/2026,Cainta,68,5CC/10CC,3254.5,6.9,0.0,3247.6,29,26,50
30/05/2026,Cainta,68,CETIRIZINE,5176.1,13.8,0.0,5162.3,42,53,100
30/05/2026,Cainta,68,G23,1555.5,3.2,0.0,1552.3,22,23,50
30/05/2026,Cainta,68,G27,1576.1,3.3,0.0,1572.8,22,24,50
30/05/2026,Cainta,68,GAUZE PAD,278.0,6.6,0.0,271.4,37,41,50
30/05/2026,Cainta,68,COTTON BALLS,5514.1,23.4,0.0,5490.7,37,51,240
30/05/2026,Cainta,68,BETADINE,4.2,0.3,0.0,3.9,36,33,50
30/05/2026,Cainta,68,ALCOHOL,0.0,0.3,15.3,15.0,18,23,50
30/05/2026,Cainta,68,FACEMASK,1903.3,13.5,0.0,1889.8,24,19,100
30/05/2026,Cainta,68,GLOVES,2148.4,14.8,0.0,2133.6,40,47,100
30/05/2026,Cainta,68,MICROPRE,97.5,3.5,0.0,94.0,33,39,50
30/05/2026,Cainta,68,STERILE WATER,139.5,2.1,0.0,137.4,33,41,50
30/05/2026,Cainta,68,REF THERMOMETER,6.3,0.7,0.0,5.6,25,34,50
30/05/2026,Cainta,68,ACRYLIC CONTAINERS,12.1,1.3,0.0,10.8,24,30,50
30/05/2026,Cainta,68,COOLER,13.4,0.3,0.0,13.1,43,53,50
30/05/2026,Cainta,68,KIDNEY BASIN,6.2,1.3,0.0,4.9,37,35,50
30/05/2026,Cainta,68,WEIGHING SCALE,9.3,0.3,0.0,9.0,20,28,50
30/05/2026,Cainta,68,FORCEPS,12.9,1.4,0.0,11.5,43,46,50
30/05/2026,Cainta,68,BETADINE CONTAINER,3.7,0.7,0.0,3.0,33,35,50
30/05/2026,Cainta,68,ALCOHOL PUMP CONTAINER,1.4,0.7,4.6,5.3,26,29,50
31/05/2026,Cainta,42,SPEEDA,2683.4,6.2,0.0,2677.2,17,18,70
31/05/2026,Cainta,42,ABHAYRAB,417.3,2.1,0.0,415.2,23,27,50
31/05/2026,Cainta,42,VAXIRAB,247.9,2.2,0.0,245.7,17,17,50
31/05/2026,Cainta,42,CHIRORAB,51.4,2.0,0.0,49.4,20,19,50
31/05/2026,Cainta,42,ERIG,34.0,1.7,0.0,32.3,22,30,50
31/05/2026,Cainta,42,HRIG,4.8,0.8,0.0,4.0,14,19,50
31/05/2026,Cainta,42,"ATS 1,500 ""IU""",27.7,0.8,0.0,26.9,26,29,50
31/05/2026,Cainta,42,"ATS 3000 ""IU""",107.8,0.8,0.0,107.0,16,22,50
31/05/2026,Cainta,42,"ATS 5,000 ""IU""",45.6,0.8,0.0,44.8,18,19,50
31/05/2026,Cainta,42,HTIG,11.6,0.4,0.0,11.2,22,23,50
31/05/2026,Cainta,42,TOXOID BETT,4736.6,4.2,77.0,4809.4,21,28,50
31/05/2026,Cainta,42,TOXOID ABHAYTOX,277.9,0.8,0.0,277.1,18,21,50
31/05/2026,Cainta,42,PPD,6.3,0.2,0.0,6.1,21,26,50
31/05/2026,Cainta,42,HEPA B,39.8,0.8,0.0,39.0,26,27,50
31/05/2026,Cainta,42,HEPA BIG,22.4,0.8,0.0,21.6,24,25,50
31/05/2026,Cainta,42,FLU,48.7,0.4,0.0,48.3,24,20,50
31/05/2026,Cainta,42,AMOXICILLIN 500MG,5127.4,10.0,237.0,5354.4,15,21,140
31/05/2026,Cainta,42,CEFALEXIN 500 MG,8435.5,8.3,0.0,8427.2,18,17,100
31/05/2026,Cainta,42,MEFENAMIC 500 MG,6799.7,9.4,0.0,6790.3,20,22,120
31/05/2026,Cainta,42,INSULIN,1146.5,13.8,0.0,1132.7,11,10,150
31/05/2026,Cainta,42,1CC/3CC,2713.1,3.9,118.2,2827.4,23,27,50
31/05/2026,Cainta,42,5CC/10CC,3247.6,4.3,0.0,3243.3,16,17,50
31/05/2026,Cainta,42,CETIRIZINE,5162.3,7.9,0.0,5154.4,15,19,100
31/05/2026,Cainta,42,G23,1552.3,2.1,0.0,1550.2,15,17,50
31/05/2026,Cainta,42,G27,1572.8,2.0,0.0,1570.8,15,13,50
31/05/2026,Cainta,42,GAUZE PAD,271.4,4.1,0.0,267.3,16,13,50
31/05/2026,Cainta,42,COTTON BALLS,5490.7,26.1,0.0,5464.6,21,19,240
31/05/2026,Cainta,42,BETADINE,3.9,0.2,0.0,3.7,20,25,50
31/05/2026,Cainta,42,ALCOHOL,15.0,0.2,0.0,14.8,15,19,50
31/05/2026,Cainta,42,FACEMASK,1889.8,9.9,0.0,1879.9,14,14,100
31/05/2026,Cainta,42,GLOVES,2133.6,8.6,0.0,2125.0,24,27,100
31/05/2026,Cainta,42,MICROPRE,94.0,2.1,0.0,91.9,12,11,50
31/05/2026,Cainta,42,STERILE WATER,137.4,1.3,0.0,136.1,19,25,50
31/05/2026,Cainta,42,REF THERMOMETER,5.6,0.4,0.0,5.2,19,26,50
31/05/2026,Cainta,42,ACRYLIC CONTAINERS,10.8,0.8,25.2,35.2,20,25,50
31/05/2026,Cainta,42,COOLER,13.1,0.2,0.0,12.9,25,21,50
31/05/2026,Cainta,42,KIDNEY BASIN,4.9,0.8,0.0,4.1,21,22,50
31/05/2026,Cainta,42,WEIGHING SCALE,9.0,0.2,0.0,8.8,27,38,50
31/05/2026,Cainta,42,FORCEPS,11.5,0.8,0.0,10.7,25,23,50
31/05/2026,Cainta,42,BETADINE CONTAINER,3.0,0.4,0.0,2.6,14,17,50
31/05/2026,Cainta,42,ALCOHOL PUMP CONTAINER,5.3,0.4,0.0,4.9,15,20,50
01/06/2026,Cainta,96,SPEEDA,2677.2,13.5,0.0,2663.7,37,47,70
01/06/2026,Cainta,96,ABHAYRAB,415.2,4.8,0.0,410.4,39,45,50
01/06/2026,Cainta,96,VAXIRAB,245.7,4.9,0.0,240.8,45,50,50
01/06/2026,Cainta,96,CHIRORAB,49.4,4.9,0.0,44.5,33,45,50
01/06/2026,Cainta,96,ERIG,32.3,3.8,0.0,28.5,33,34,50
01/06/2026,Cainta,96,HRIG,4.0,1.9,0.0,2.1,39,52,50
01/06/2026,Cainta,96,"ATS 1,500 ""IU""",26.9,2.0,0.0,24.9,50,53,50
01/06/2026,Cainta,96,"ATS 3000 ""IU""",107.0,2.0,0.0,105.0,50,63,50
01/06/2026,Cainta,96,"ATS 5,000 ""IU""",44.8,1.9,0.0,42.9,61,82,50
01/06/2026,Cainta,96,HTIG,11.2,1.0,0.0,10.2,32,36,50
01/06/2026,Cainta,96,TOXOID BETT,4809.4,9.5,191.3,4991.2,39,38,50
01/06/2026,Cainta,96,TOXOID ABHAYTOX,277.1,1.9,0.0,275.2,61,51,50
01/06/2026,Cainta,96,PPD,6.1,0.5,0.0,5.6,50,64,50
01/06/2026,Cainta,96,HEPA B,39.0,1.9,0.0,37.1,47,55,50
01/06/2026,Cainta,96,HEPA BIG,21.6,1.9,0.0,19.7,45,43,50
01/06/2026,Cainta,96,FLU,48.3,1.0,0.0,47.3,27,36,50
01/06/2026,Cainta,96,AMOXICILLIN 500MG,5354.4,34.1,0.0,5320.3,58,78,140
01/06/2026,Cainta,96,CEFALEXIN 500 MG,8427.2,22.5,0.0,8404.7,48,64,100
01/06/2026,Cainta,96,MEFENAMIC 500 MG,6790.3,28.8,0.0,6761.5,46,53,120
01/06/2026,Cainta,96,INSULIN,1132.7,32.3,0.0,1100.4,45,62,150
01/06/2026,Cainta,96,1CC/3CC,2827.4,9.5,0.0,2817.9,39,52,50
01/06/2026,Cainta,96,5CC/10CC,3243.3,8.2,0.0,3235.1,34,29,50
01/06/2026,Cainta,96,CETIRIZINE,5154.4,19.8,0.0,5134.6,53,74,100
01/06/2026,Cainta,96,G23,1550.2,4.8,0.0,1545.4,44,50,50
01/06/2026,Cainta,96,G27,1570.8,4.8,0.0,1566.0,25,34,50
01/06/2026,Cainta,96,GAUZE PAD,267.3,9.6,0.0,257.7,39,49,50
01/06/2026,Cainta,96,COTTON BALLS,5464.6,36.8,0.0,5427.8,60,71,240
01/06/2026,Cainta,96,BETADINE,3.7,0.5,0.0,3.2,38,38,50
01/06/2026,Cainta,96,ALCOHOL,14.8,0.5,0.0,14.3,40,33,50
01/06/2026,Cainta,96,FACEMASK,1879.9,20.6,0.0,1859.3,48,46,100
01/06/2026,Cainta,96,GLOVES,2125.0,21.1,184.5,2288.4,55,67,100
01/06/2026,Cainta,96,MICROPRE,91.9,4.9,0.0,87.0,50,66,50
01/06/2026,Cainta,96,STERILE WATER,136.1,2.9,0.0,133.2,57,46,50
01/06/2026,Cainta,96,REF THERMOMETER,5.2,1.0,0.0,4.2,28,26,50
01/06/2026,Cainta,96,ACRYLIC CONTAINERS,35.2,1.9,0.0,33.3,60,72,50
01/06/2026,Cainta,96,COOLER,12.9,0.5,0.0,12.4,59,57,50
01/06/2026,Cainta,96,KIDNEY BASIN,4.1,1.9,0.0,2.2,44,39,50
01/06/2026,Cainta,96,WEIGHING SCALE,8.8,0.5,0.0,8.3,48,41,50
01/06/2026,Cainta,96,FORCEPS,10.7,2.0,0.0,8.7,32,38,50
01/06/2026,Cainta,96,BETADINE CONTAINER,2.6,1.0,0.0,1.6,41,47,50
01/06/2026,Cainta,96,ALCOHOL PUMP CONTAINER,4.9,1.0,0.0,3.9,32,42,50
02/06/2026,Cainta,86,SPEEDA,2663.7,9.5,0.0,2654.2,22,22,70
02/06/2026,Cainta,86,ABHAYRAB,410.4,4.5,0.0,405.9,55,49,50
02/06/2026,Cainta,86,VAXIRAB,240.8,4.2,18.7,255.3,30,38,50
02/06/2026,Cainta,86,CHIRORAB,44.5,4.2,0.0,40.3,42,59,50
02/06/2026,Cainta,86,ERIG,28.5,3.4,0.0,25.1,32,33,50
02/06/2026,Cainta,86,HRIG,2.1,1.7,0.0,0.4,34,45,50
02/06/2026,Cainta,86,"ATS 1,500 ""IU""",24.9,1.7,0.0,23.2,35,44,50
02/06/2026,Cainta,86,"ATS 3000 ""IU""",105.0,1.7,0.0,103.3,33,44,50
02/06/2026,Cainta,86,"ATS 5,000 ""IU""",42.9,1.7,0.0,41.2,43,45,50
02/06/2026,Cainta,86,HTIG,10.2,0.9,0.0,9.3,55,47,50
02/06/2026,Cainta,86,TOXOID BETT,4991.2,8.9,0.0,4982.3,36,31,50
02/06/2026,Cainta,86,TOXOID ABHAYTOX,275.2,1.7,0.0,273.5,55,69,50
02/06/2026,Cainta,86,PPD,5.6,0.4,9.1,14.3,44,58,50
02/06/2026,Cainta,86,HEPA B,37.1,1.7,27.9,63.3,42,45,50
02/06/2026,Cainta,86,HEPA BIG,19.7,1.7,0.0,18.0,30,25,50
02/06/2026,Cainta,86,FLU,47.3,0.9,0.0,46.4,24,20,50
02/06/2026,Cainta,86,AMOXICILLIN 500MG,5320.3,32.2,0.0,5288.1,51,59,140
02/06/2026,Cainta,86,CEFALEXIN 500 MG,8404.7,14.0,0.0,8390.7,41,55,100
02/06/2026,Cainta,86,MEFENAMIC 500 MG,6761.5,20.9,0.0,6740.6,36,37,120
02/06/2026,Cainta,86,INSULIN,1100.4,21.1,0.0,1079.3,49,58,150
02/06/2026,Cainta,86,1CC/3CC,2817.9,7.9,0.0,2810.0,32,36,50
02/06/2026,Cainta,86,5CC/10CC,3235.1,9.0,0.0,3226.1,48,64,50
02/06/2026,Cainta,86,CETIRIZINE,5134.6,18.2,0.0,5116.4,33,43,100
02/06/2026,Cainta,86,G23,1545.4,4.4,0.0,1541.0,53,49,50
02/06/2026,Cainta,86,G27,1566.0,4.4,0.0,1561.6,31,37,50
02/06/2026,Cainta,86,GAUZE PAD,257.7,8.4,27.1,276.4,26,34,50
02/06/2026,Cainta,86,COTTON BALLS,5427.8,39.4,338.0,5726.4,46,62,240
02/06/2026,Cainta,86,BETADINE,3.2,0.4,0.0,2.8,27,31,50
02/06/2026,Cainta,86,ALCOHOL,14.3,0.4,0.0,13.9,54,49,50
02/06/2026,Cainta,86,FACEMASK,1859.3,18.5,0.0,1840.8,44,50,100
02/06/2026,Cainta,86,GLOVES,2288.4,17.2,0.0,2271.2,29,35,100
02/06/2026,Cainta,86,MICROPRE,87.0,4.1,0.0,82.9,29,28,50
02/06/2026,Cainta,86,STERILE WATER,133.2,2.5,0.0,130.7,53,73,50
02/06/2026,Cainta,86,REF THERMOMETER,4.2,0.9,0.0,3.3,42,39,50
02/06/2026,Cainta,86,ACRYLIC CONTAINERS,33.3,1.7,0.0,31.6,52,70,50
02/06/2026,Cainta,86,COOLER,12.4,0.4,0.0,12.0,25,26,50
02/06/2026,Cainta,86,KIDNEY BASIN,2.2,1.7,0.0,0.5,53,42,50
02/06/2026,Cainta,86,WEIGHING SCALE,8.3,0.4,0.0,7.9,39,44,50
02/06/2026,Cainta,86,FORCEPS,8.7,1.7,0.0,7.0,44,52,50
02/06/2026,Cainta,86,BETADINE CONTAINER,1.6,0.9,0.0,0.7,34,45,50
02/06/2026,Cainta,86,ALCOHOL PUMP CONTAINER,3.9,0.9,0.0,3.0,24,27,50
03/06/2026,Cainta,57,SPEEDA,2654.2,8.5,162.5,2808.2,36,31,70
03/06/2026,Cainta,57,ABHAYRAB,405.9,2.8,0.0,403.1,37,50,50
03/06/2026,Cainta,57,VAXIRAB,255.3,3.0,0.0,252.3,23,26,50
03/06/2026,Cainta,57,CHIRORAB,40.3,2.8,0.0,37.5,36,35,50
03/06/2026,Cainta,57,ERIG,25.1,2.2,0.0,22.9,18,24,50
03/06/2026,Cainta,57,HRIG,0.4,1.1,14.7,14.0,18,16,50
03/06/2026,Cainta,57,"ATS 1,500 ""IU""",23.2,1.1,0.0,22.1,16,14,50
03/06/2026,Cainta,57,"ATS 3000 ""IU""",103.3,1.2,0.0,102.1,23,26,50
03/06/2026,Cainta,57,"ATS 5,000 ""IU""",41.2,1.1,0.0,40.1,15,18,50
03/06/2026,Cainta,57,HTIG,9.3,0.6,0.0,8.7,23,25,50
03/06/2026,Cainta,57,TOXOID BETT,4982.3,5.4,178.5,5155.4,17,23,50
03/06/2026,Cainta,57,TOXOID ABHAYTOX,273.5,1.1,0.0,272.4,31,30,50
03/06/2026,Cainta,57,PPD,14.3,0.3,0.0,14.0,33,46,50
03/06/2026,Cainta,57,HEPA B,63.3,1.1,0.0,62.2,30,24,50
03/06/2026,Cainta,57,HEPA BIG,18.0,1.2,0.0,16.8,19,17,50
03/06/2026,Cainta,57,FLU,46.4,0.6,0.0,45.8,32,29,50
03/06/2026,Cainta,57,AMOXICILLIN 500MG,5288.1,17.7,0.0,5270.4,20,17,140
03/06/2026,Cainta,57,CEFALEXIN 500 MG,8390.7,11.0,0.0,8379.7,32,34,100
03/06/2026,Cainta,57,MEFENAMIC 500 MG,6740.6,14.7,0.0,6725.9,27,36,120
03/06/2026,Cainta,57,INSULIN,1079.3,15.8,0.0,1063.5,23,30,150
03/06/2026,Cainta,57,1CC/3CC,2810.0,6.2,0.0,2803.8,16,20,50
03/06/2026,Cainta,57,5CC/10CC,3226.1,5.6,0.0,3220.5,33,27,50
03/06/2026,Cainta,57,CETIRIZINE,5116.4,11.3,0.0,5105.1,36,47,100
03/06/2026,Cainta,57,G23,1541.0,2.7,0.0,1538.3,29,30,50
03/06/2026,Cainta,57,G27,1561.6,2.8,0.0,1558.8,36,45,50
03/06/2026,Cainta,57,GAUZE PAD,276.4,5.9,0.0,270.5,36,45,50
03/06/2026,Cainta,57,COTTON BALLS,5726.4,23.0,0.0,5703.4,19,17,240
03/06/2026,Cainta,57,BETADINE,2.8,0.3,0.0,2.5,31,34,50
03/06/2026,Cainta,57,ALCOHOL,13.9,0.3,1.0,14.6,22,30,50
03/06/2026,Cainta,57,FACEMASK,1840.8,9.8,53.9,1884.9,25,24,100
03/06/2026,Cainta,57,GLOVES,2271.2,12.7,0.0,2258.5,18,22,100
03/06/2026,Cainta,57,MICROPRE,82.9,2.8,0.0,80.1,36,49,50
03/06/2026,Cainta,57,STERILE WATER,130.7,1.7,0.0,129.0,31,32,50
03/06/2026,Cainta,57,REF THERMOMETER,3.3,0.6,0.0,2.7,20,21,50
03/06/2026,Cainta,57,ACRYLIC CONTAINERS,31.6,1.1,0.0,30.5,23,25,50
03/06/2026,Cainta,57,COOLER,12.0,0.3,0.0,11.7,24,31,50
03/06/2026,Cainta,57,KIDNEY BASIN,0.5,1.1,18.6,18.0,31,33,50
03/06/2026,Cainta,57,WEIGHING SCALE,7.9,0.3,0.0,7.6,35,38,50
03/06/2026,Cainta,57,FORCEPS,7.0,1.2,0.0,5.8,22,21,50
03/06/2026,Cainta,57,BETADINE CONTAINER,0.7,0.6,0.0,0.1,25,35,50
03/06/2026,Cainta,57,ALCOHOL PUMP CONTAINER,3.0,0.6,0.0,2.4,28,37,50
04/06/2026,Cainta,11,SPEEDA,2808.2,1.8,0.0,2806.4,4,5,70
04/06/2026,Cainta,11,ABHAYRAB,403.1,0.5,0.0,402.6,5,7,50
04/06/2026,Cainta,11,VAXIRAB,252.3,0.5,0.0,251.8,3,4,50
04/06/2026,Cainta,11,CHIRORAB,37.5,0.6,0.0,36.9,3,4,50
04/06/2026,Cainta,11,ERIG,22.9,0.4,0.0,22.5,5,4,50
04/06/2026,Cainta,11,HRIG,14.0,0.2,0.0,13.8,7,7,50
04/06/2026,Cainta,11,"ATS 1,500 ""IU""",22.1,0.2,0.0,21.9,4,5,50
04/06/2026,Cainta,11,"ATS 3000 ""IU""",102.1,0.2,0.0,101.9,4,4,50
04/06/2026,Cainta,11,"ATS 5,000 ""IU""",40.1,0.2,0.0,39.9,6,6,50
04/06/2026,Cainta,11,HTIG,8.7,0.1,0.0,8.6,7,9,50
04/06/2026,Cainta,11,TOXOID BETT,5155.4,1.1,0.0,5154.3,5,6,50
04/06/2026,Cainta,11,TOXOID ABHAYTOX,272.4,0.2,0.0,272.2,3,3,50
04/06/2026,Cainta,11,PPD,14.0,0.1,0.0,13.9,6,6,50
04/06/2026,Cainta,11,HEPA B,62.2,0.2,0.0,62.0,5,5,50
04/06/2026,Cainta,11,HEPA BIG,16.8,0.2,0.0,16.6,6,5,50
04/06/2026,Cainta,11,FLU,45.8,0.1,0.0,45.7,4,4,50
04/06/2026,Cainta,11,AMOXICILLIN 500MG,5270.4,3.2,0.0,5267.2,3,3,140
04/06/2026,Cainta,11,CEFALEXIN 500 MG,8379.7,2.4,0.0,8377.3,4,5,100
04/06/2026,Cainta,11,MEFENAMIC 500 MG,6725.9,3.3,0.0,6722.6,6,6,120
04/06/2026,Cainta,11,INSULIN,1063.5,3.1,0.0,1060.4,4,4,150
04/06/2026,Cainta,11,1CC/3CC,2803.8,1.1,115.6,2918.3,4,5,50
04/06/2026,Cainta,11,5CC/10CC,3220.5,1.1,0.0,3219.4,5,4,50
04/06/2026,Cainta,11,CETIRIZINE,5105.1,2.4,0.0,5102.7,6,6,100
04/06/2026,Cainta,11,G23,1538.3,0.6,120.8,1658.5,3,3,50
04/06/2026,Cainta,11,G27,1558.8,0.5,0.0,1558.3,6,7,50
04/06/2026,Cainta,11,GAUZE PAD,270.5,1.2,25.3,294.6,6,5,50
04/06/2026,Cainta,11,COTTON BALLS,5703.4,4.8,0.0,5698.6,4,4,240
04/06/2026,Cainta,11,BETADINE,2.5,0.1,0.0,2.4,7,8,50
04/06/2026,Cainta,11,ALCOHOL,14.6,0.1,0.0,14.5,7,9,50
04/06/2026,Cainta,11,FACEMASK,1884.9,2.9,0.0,1882.0,4,5,100
04/06/2026,Cainta,11,GLOVES,2258.5,2.3,0.0,2256.2,3,4,100
04/06/2026,Cainta,11,MICROPRE,80.1,0.5,0.0,79.6,4,5,50
04/06/2026,Cainta,11,STERILE WATER,129.0,0.3,0.0,128.7,4,4,50
04/06/2026,Cainta,11,REF THERMOMETER,2.7,0.1,0.0,2.6,5,5,50
04/06/2026,Cainta,11,ACRYLIC CONTAINERS,30.5,0.2,0.0,30.3,7,6,50
04/06/2026,Cainta,11,COOLER,11.7,0.1,0.0,11.6,7,7,50
04/06/2026,Cainta,11,KIDNEY BASIN,18.0,0.2,0.0,17.8,4,4,50
04/06/2026,Cainta,11,WEIGHING SCALE,7.6,0.1,0.0,7.5,5,5,50
04/06/2026,Cainta,11,FORCEPS,5.8,0.2,0.0,5.6,3,4,50
04/06/2026,Cainta,11,BETADINE CONTAINER,0.1,0.1,0.0,0.0,5,6,50
04/06/2026,Cainta,11,ALCOHOL PUMP CONTAINER,2.4,0.1,0.0,2.3,3,3,50
05/06/2026,Cainta,23,SPEEDA,2806.4,3.9,0.0,2802.5,14,15,70
05/06/2026,Cainta,23,ABHAYRAB,402.6,1.2,0.0,401.4,14,13,50
05/06/2026,Cainta,23,VAXIRAB,251.8,1.2,0.0,250.6,8,9,50
05/06/2026,Cainta,23,CHIRORAB,36.9,1.1,0.0,35.8,12,13,50
05/06/2026,Cainta,23,ERIG,22.5,0.9,0.0,21.6,11,11,50
05/06/2026,Cainta,23,HRIG,13.8,0.5,0.0,13.3,13,12,50
05/06/2026,Cainta,23,"ATS 1,500 ""IU""",21.9,0.5,0.0,21.4,10,14,50
05/06/2026,Cainta,23,"ATS 3000 ""IU""",101.9,0.5,0.0,101.4,8,9,50
05/06/2026,Cainta,23,"ATS 5,000 ""IU""",39.9,0.5,0.0,39.4,12,14,50
05/06/2026,Cainta,23,HTIG,8.6,0.2,0.0,8.4,6,5,50
05/06/2026,Cainta,23,TOXOID BETT,5154.3,2.4,0.0,5151.9,11,10,50
05/06/2026,Cainta,23,TOXOID ABHAYTOX,272.2,0.5,0.0,271.7,8,8,50
05/06/2026,Cainta,23,PPD,13.9,0.1,0.0,13.8,12,17,50
05/06/2026,Cainta,23,HEPA B,62.0,0.5,0.0,61.5,13,12,50
05/06/2026,Cainta,23,HEPA BIG,16.6,0.5,0.0,16.1,7,7,50
05/06/2026,Cainta,23,FLU,45.7,0.2,0.0,45.5,9,13,50
05/06/2026,Cainta,23,AMOXICILLIN 500MG,5267.2,6.7,483.7,5744.2,12,13,140
05/06/2026,Cainta,23,CEFALEXIN 500 MG,8377.3,4.6,306.2,8678.9,7,7,100
05/06/2026,Cainta,23,MEFENAMIC 500 MG,6722.6,5.7,0.0,6716.9,11,13,120
05/06/2026,Cainta,23,INSULIN,1060.4,10.2,0.0,1050.2,12,13,150
05/06/2026,Cainta,23,1CC/3CC,2918.3,2.2,0.0,2916.1,9,12,50
05/06/2026,Cainta,23,5CC/10CC,3219.4,2.1,0.0,3217.3,13,11,50
05/06/2026,Cainta,23,CETIRIZINE,5102.7,4.8,0.0,5097.9,10,13,100
05/06/2026,Cainta,23,G23,1658.5,1.1,67.9,1725.3,12,12,50
05/06/2026,Cainta,23,G27,1558.3,1.2,0.0,1557.1,7,9,50
05/06/2026,Cainta,23,GAUZE PAD,294.6,2.4,0.0,292.2,6,8,50
05/06/2026,Cainta,23,COTTON BALLS,5698.6,14.9,490.4,6174.1,6,8,240
05/06/2026,Cainta,23,BETADINE,2.4,0.1,0.0,2.3,14,18,50
05/06/2026,Cainta,23,ALCOHOL,14.5,0.1,0.0,14.4,14,17,50
05/06/2026,Cainta,23,FACEMASK,1882.0,4.8,0.0,1877.2,13,12,100
05/06/2026,Cainta,23,GLOVES,2256.2,5.0,0.0,2251.2,8,7,100
05/06/2026,Cainta,23,MICROPRE,79.6,1.2,0.0,78.4,11,11,50
05/06/2026,Cainta,23,STERILE WATER,128.7,0.7,0.0,128.0,13,14,50
05/06/2026,Cainta,23,REF THERMOMETER,2.6,0.2,0.0,2.4,12,12,50
05/06/2026,Cainta,23,ACRYLIC CONTAINERS,30.3,0.5,0.0,29.8,7,9,50
05/06/2026,Cainta,23,COOLER,11.6,0.1,0.0,11.5,14,17,50
05/06/2026,Cainta,23,KIDNEY BASIN,17.8,0.5,10.1,27.4,7,10,50
05/06/2026,Cainta,23,WEIGHING SCALE,7.5,0.1,0.0,7.4,7,7,50
05/06/2026,Cainta,23,FORCEPS,5.6,0.5,0.0,5.1,14,18,50
05/06/2026,Cainta,23,BETADINE CONTAINER,0.0,0.2,11.2,11.0,10,12,50
05/06/2026,Cainta,23,ALCOHOL PUMP CONTAINER,2.3,0.2,0.0,2.1,9,13,50
06/06/2026,Cainta,22,SPEEDA,2802.5,3.5,0.0,2799.0,10,13,70
06/06/2026,Cainta,22,ABHAYRAB,401.4,1.1,0.0,400.3,14,14,50
06/06/2026,Cainta,22,VAXIRAB,250.6,1.1,0.0,249.5,7,6,50
06/06/2026,Cainta,22,CHIRORAB,35.8,1.1,0.0,34.7,12,17,50
06/06/2026,Cainta,22,ERIG,21.6,0.9,0.0,20.7,8,10,50
06/06/2026,Cainta,22,HRIG,13.3,0.4,0.0,12.9,7,9,50
06/06/2026,Cainta,22,"ATS 1,500 ""IU""",21.4,0.4,0.0,21.0,9,11,50
06/06/2026,Cainta,22,"ATS 3000 ""IU""",101.4,0.4,0.0,101.0,10,12,50
06/06/2026,Cainta,22,"ATS 5,000 ""IU""",39.4,0.4,0.0,39.0,7,9,50
06/06/2026,Cainta,22,HTIG,8.4,0.2,0.0,8.2,9,12,50
06/06/2026,Cainta,22,TOXOID BETT,5151.9,2.2,0.0,5149.7,11,15,50
06/06/2026,Cainta,22,TOXOID ABHAYTOX,271.7,0.4,0.0,271.3,11,11,50
06/06/2026,Cainta,22,PPD,13.8,0.1,0.0,13.7,12,10,50
06/06/2026,Cainta,22,HEPA B,61.5,0.4,0.0,61.1,13,11,50
06/06/2026,Cainta,22,HEPA BIG,16.1,0.4,0.0,15.7,9,10,50
06/06/2026,Cainta,22,FLU,45.5,0.2,0.0,45.3,9,12,50
06/06/2026,Cainta,22,AMOXICILLIN 500MG,5744.2,6.7,0.0,5737.5,10,13,140
06/06/2026,Cainta,22,CEFALEXIN 500 MG,8678.9,4.5,0.0,8674.4,10,10,100
06/06/2026,Cainta,22,MEFENAMIC 500 MG,6716.9,5.6,0.0,6711.3,6,6,120
06/06/2026,Cainta,22,INSULIN,1050.2,8.0,0.0,1042.2,8,9,150
06/06/2026,Cainta,22,1CC/3CC,2916.1,2.2,0.0,2913.9,7,9,50
06/06/2026,Cainta,22,5CC/10CC,3217.3,2.0,0.0,3215.3,9,11,50
06/06/2026,Cainta,22,CETIRIZINE,5097.9,5.2,0.0,5092.7,14,12,100
06/06/2026,Cainta,22,G23,1725.3,1.1,0.0,1724.2,11,11,50
06/06/2026,Cainta,22,G27,1557.1,1.1,0.0,1556.0,9,10,50
06/06/2026,Cainta,22,GAUZE PAD,292.2,2.1,0.0,290.1,10,11,50
06/06/2026,Cainta,22,COTTON BALLS,6174.1,11.9,0.0,6162.2,11,14,240
06/06/2026,Cainta,22,BETADINE,2.3,0.1,0.0,2.2,9,12,50
06/06/2026,Cainta,22,ALCOHOL,14.4,0.1,0.0,14.3,9,8,50
06/06/2026,Cainta,22,FACEMASK,1877.2,4.3,0.0,1872.9,12,11,100
06/06/2026,Cainta,22,GLOVES,2251.2,4.0,0.0,2247.2,6,6,100
06/06/2026,Cainta,22,MICROPRE,78.4,1.1,0.0,77.3,10,10,50
06/06/2026,Cainta,22,STERILE WATER,128.0,0.7,0.0,127.3,10,10,50
06/06/2026,Cainta,22,REF THERMOMETER,2.4,0.2,0.0,2.2,12,10,50
06/06/2026,Cainta,22,ACRYLIC CONTAINERS,29.8,0.4,0.0,29.4,14,12,50
06/06/2026,Cainta,22,COOLER,11.5,0.1,0.0,11.4,13,17,50
06/06/2026,Cainta,22,KIDNEY BASIN,27.4,0.4,0.0,27.0,10,9,50
06/06/2026,Cainta,22,WEIGHING SCALE,7.4,0.1,0.0,7.3,7,9,50
06/06/2026,Cainta,22,FORCEPS,5.1,0.4,0.0,4.7,11,11,50
06/06/2026,Cainta,22,BETADINE CONTAINER,11.0,0.2,0.0,10.8,13,13,50
06/06/2026,Cainta,22,ALCOHOL PUMP CONTAINER,2.1,0.2,0.0,1.9,14,12,50
07/06/2026,Cainta,87,SPEEDA,2799.0,10.8,0.0,2788.2,50,40,70
07/06/2026,Cainta,87,ABHAYRAB,400.3,4.6,0.0,395.7,28,28,50
07/06/2026,Cainta,87,VAXIRAB,249.5,4.1,0.0,245.4,47,61,50
07/06/2026,Cainta,87,CHIRORAB,34.7,4.3,0.0,30.4,52,70,50
07/06/2026,Cainta,87,ERIG,20.7,3.5,0.0,17.2,45,38,50
07/06/2026,Cainta,87,HRIG,12.9,1.7,0.0,11.2,46,38,50
07/06/2026,Cainta,87,"ATS 1,500 ""IU""",21.0,1.8,0.0,19.2,39,35,50
07/06/2026,Cainta,87,"ATS 3000 ""IU""",101.0,1.7,0.0,99.3,44,55,50
07/06/2026,Cainta,87,"ATS 5,000 ""IU""",39.0,1.7,0.0,37.3,32,30,50
07/06/2026,Cainta,87,HTIG,8.2,0.9,0.0,7.3,25,23,50
07/06/2026,Cainta,87,TOXOID BETT,5149.7,8.8,97.2,5238.1,51,68,50
07/06/2026,Cainta,87,TOXOID ABHAYTOX,271.3,1.7,37.5,307.1,55,73,50
07/06/2026,Cainta,87,PPD,13.7,0.4,0.0,13.3,52,63,50
07/06/2026,Cainta,87,HEPA B,61.1,1.7,0.0,59.4,33,30,50
07/06/2026,Cainta,87,HEPA BIG,15.7,1.7,0.0,14.0,25,26,50
07/06/2026,Cainta,87,FLU,45.3,0.9,0.0,44.4,31,29,50
07/06/2026,Cainta,87,AMOXICILLIN 500MG,5737.5,30.1,0.0,5707.4,51,61,140
07/06/2026,Cainta,87,CEFALEXIN 500 MG,8674.4,16.4,185.1,8843.1,45,57,100
07/06/2026,Cainta,87,MEFENAMIC 500 MG,6711.3,19.6,0.0,6691.7,55,49,120
07/06/2026,Cainta,87,INSULIN,1042.2,28.6,0.0,1013.6,34,46,150
07/06/2026,Cainta,87,1CC/3CC,2913.9,8.7,0.0,2905.2,41,44,50
07/06/2026,Cainta,87,5CC/10CC,3215.3,9.1,0.0,3206.2,49,63,50
07/06/2026,Cainta,87,CETIRIZINE,5092.7,15.9,0.0,5076.8,30,25,100
07/06/2026,Cainta,87,G23,1724.2,4.1,0.0,1720.1,55,56,50
07/06/2026,Cainta,87,G27,1556.0,4.3,0.0,1551.7,42,34,50
07/06/2026,Cainta,87,GAUZE PAD,290.1,8.4,0.0,281.7,22,27,50
07/06/2026,Cainta,87,COTTON BALLS,6162.2,42.8,0.0,6119.4,23,19,240
07/06/2026,Cainta,87,BETADINE,2.2,0.4,0.0,1.8,52,52,50
07/06/2026,Cainta,87,ALCOHOL,14.3,0.4,0.0,13.9,44,56,50
07/06/2026,Cainta,87,FACEMASK,1872.9,16.9,0.0,1856.0,48,60,100
07/06/2026,Cainta,87,GLOVES,2247.2,17.7,0.0,2229.5,49,58,100
07/06/2026,Cainta,87,MICROPRE,77.3,4.4,29.8,102.7,36,44,50
07/06/2026,Cainta,87,STERILE WATER,127.3,2.6,15.5,140.2,50,60,50
07/06/2026,Cainta,87,REF THERMOMETER,2.2,0.9,0.0,1.3,54,64,50
07/06/2026,Cainta,87,ACRYLIC CONTAINERS,29.4,1.7,0.0,27.7,28,28,50
07/06/2026,Cainta,87,COOLER,11.4,0.4,0.0,11.0,48,39,50
07/06/2026,Cainta,87,KIDNEY BASIN,27.0,1.8,0.0,25.2,32,34,50
07/06/2026,Cainta,87,WEIGHING SCALE,7.3,0.4,0.0,6.9,33,27,50
07/06/2026,Cainta,87,FORCEPS,4.7,1.7,5.2,8.2,36,39,50
07/06/2026,Cainta,87,BETADINE CONTAINER,10.8,0.9,0.0,9.9,52,56,50
07/06/2026,Cainta,87,ALCOHOL PUMP CONTAINER,1.9,0.9,0.0,1.0,23,21,50
08/06/2026,Cainta,5,SPEEDA,2788.2,0.8,0.0,2787.4,2,3,70
08/06/2026,Cainta,5,ABHAYRAB,395.7,0.3,0.0,395.4,3,4,50
08/06/2026,Cainta,5,VAXIRAB,245.4,0.2,0.0,245.2,1,1,50
08/06/2026,Cainta,5,CHIRORAB,30.4,0.3,0.0,30.1,3,4,50
08/06/2026,Cainta,5,ERIG,17.2,0.2,0.0,17.0,3,3,50
08/06/2026,Cainta,5,HRIG,11.2,0.1,0.0,11.1,1,1,50
08/06/2026,Cainta,5,"ATS 1,500 ""IU""",19.2,0.1,22.9,42.0,2,2,50
08/06/2026,Cainta,5,"ATS 3000 ""IU""",99.3,0.1,0.0,99.2,3,3,50
08/06/2026,Cainta,5,"ATS 5,000 ""IU""",37.3,0.1,0.0,37.2,2,2,50
08/06/2026,Cainta,5,HTIG,7.3,0.1,0.0,7.2,1,1,50
08/06/2026,Cainta,5,TOXOID BETT,5238.1,0.5,0.0,5237.6,3,3,50
08/06/2026,Cainta,5,TOXOID ABHAYTOX,307.1,0.1,0.0,307.0,3,3,50
08/06/2026,Cainta,5,PPD,13.3,0.0,0.0,13.3,3,3,50
08/06/2026,Cainta,5,HEPA B,59.4,0.1,0.0,59.3,2,2,50
08/06/2026,Cainta,5,HEPA BIG,14.0,0.1,0.0,13.9,3,4,50
08/06/2026,Cainta,5,FLU,44.4,0.0,0.0,44.4,3,4,50
08/06/2026,Cainta,5,AMOXICILLIN 500MG,5707.4,1.6,0.0,5705.8,3,4,140
08/06/2026,Cainta,5,CEFALEXIN 500 MG,8843.1,0.9,0.0,8842.2,3,3,100
08/06/2026,Cainta,5,MEFENAMIC 500 MG,6691.7,1.4,0.0,6690.3,3,3,120
08/06/2026,Cainta,5,INSULIN,1013.6,1.4,0.0,1012.2,2,2,150
08/06/2026,Cainta,5,1CC/3CC,2905.2,0.5,0.0,2904.7,2,2,50
08/06/2026,Cainta,5,5CC/10CC,3206.2,0.5,0.0,3205.7,2,2,50
08/06/2026,Cainta,5,CETIRIZINE,5076.8,0.9,174.8,5250.7,2,2,100
08/06/2026,Cainta,5,G23,1720.1,0.2,0.0,1719.9,2,2,50
08/06/2026,Cainta,5,G27,1551.7,0.2,54.8,1606.3,2,2,50
08/06/2026,Cainta,5,GAUZE PAD,281.7,0.5,14.2,295.4,3,3,50
08/06/2026,Cainta,5,COTTON BALLS,6119.4,2.2,0.0,6117.2,2,3,240
08/06/2026,Cainta,5,BETADINE,1.8,0.0,0.0,1.8,1,1,50
08/06/2026,Cainta,5,ALCOHOL,13.9,0.0,0.0,13.9,2,2,50
08/06/2026,Cainta,5,FACEMASK,1856.0,0.9,0.0,1855.1,2,2,100
08/06/2026,Cainta,5,GLOVES,2229.5,1.0,0.0,2228.5,3,3,100
08/06/2026,Cainta,5,MICROPRE,102.7,0.2,0.0,102.5,2,2,50
08/06/2026,Cainta,5,STERILE WATER,140.2,0.2,0.0,140.0,2,2,50
08/06/2026,Cainta,5,REF THERMOMETER,1.3,0.0,0.0,1.3,3,3,50
08/06/2026,Cainta,5,ACRYLIC CONTAINERS,27.7,0.1,0.0,27.6,1,1,50
08/06/2026,Cainta,5,COOLER,11.0,0.0,0.0,11.0,2,2,50
08/06/2026,Cainta,5,KIDNEY BASIN,25.2,0.1,0.0,25.1,3,3,50
08/06/2026,Cainta,5,WEIGHING SCALE,6.9,0.0,0.0,6.9,2,3,50
08/06/2026,Cainta,5,FORCEPS,8.2,0.1,0.0,8.1,3,3,50
08/06/2026,Cainta,5,BETADINE CONTAINER,9.9,0.1,0.0,9.8,3,4,50
08/06/2026,Cainta,5,ALCOHOL PUMP CONTAINER,1.0,0.1,0.0,0.9,3,3,50
09/06/2026,Cainta,14,SPEEDA,2787.4,1.9,0.0,2785.5,4,4,70
09/06/2026,Cainta,14,ABHAYRAB,395.4,0.7,0.0,394.7,8,10,50
09/06/2026,Cainta,14,VAXIRAB,245.2,0.7,0.0,244.5,7,6,50
09/06/2026,Cainta,14,CHIRORAB,30.1,0.7,0.0,29.4,5,7,50
09/06/2026,Cainta,14,ERIG,17.0,0.5,0.0,16.5,9,10,50
09/06/2026,Cainta,14,HRIG,11.1,0.3,0.0,10.8,6,6,50
09/06/2026,Cainta,14,"ATS 1,500 ""IU""",42.0,0.3,0.0,41.7,8,11,50
09/06/2026,Cainta,14,"ATS 3000 ""IU""",99.2,0.3,0.0,98.9,7,7,50
09/06/2026,Cainta,14,"ATS 5,000 ""IU""",37.2,0.3,0.0,36.9,6,8,50
09/06/2026,Cainta,14,HTIG,7.2,0.1,0.0,7.1,4,5,50
09/06/2026,Cainta,14,TOXOID BETT,5237.6,1.5,0.0,5236.1,9,9,50
09/06/2026,Cainta,14,TOXOID ABHAYTOX,307.0,0.3,0.0,306.7,7,7,50
09/06/2026,Cainta,14,PPD,13.3,0.1,0.0,13.2,4,5,50
09/06/2026,Cainta,14,HEPA B,59.3,0.3,0.0,59.0,4,4,50
09/06/2026,Cainta,14,HEPA BIG,13.9,0.3,0.0,13.6,8,10,50
09/06/2026,Cainta,14,FLU,44.4,0.1,0.0,44.3,4,4,50
09/06/2026,Cainta,14,AMOXICILLIN 500MG,5705.8,4.0,0.0,5701.8,7,6,140
09/06/2026,Cainta,14,CEFALEXIN 500 MG,8842.2,2.4,0.0,8839.8,7,8,100
09/06/2026,Cainta,14,MEFENAMIC 500 MG,6690.3,3.4,0.0,6686.9,5,6,120
09/06/2026,Cainta,14,INSULIN,1012.2,4.9,0.0,1007.3,7,9,150
09/06/2026,Cainta,14,1CC/3CC,2904.7,1.3,0.0,2903.4,5,6,50
09/06/2026,Cainta,14,5CC/10CC,3205.7,1.4,0.0,3204.3,9,9,50
09/06/2026,Cainta,14,CETIRIZINE,5250.7,3.0,253.2,5500.9,8,8,100
09/06/2026,Cainta,14,G23,1719.9,0.7,0.0,1719.2,5,5,50
09/06/2026,Cainta,14,G27,1606.3,0.7,0.0,1605.6,6,6,50
09/06/2026,Cainta,14,GAUZE PAD,295.4,1.4,0.0,294.0,6,6,50
09/06/2026,Cainta,14,COTTON BALLS,6117.2,7.7,0.0,6109.5,9,10,240
09/06/2026,Cainta,14,BETADINE,1.8,0.1,0.0,1.7,6,6,50
09/06/2026,Cainta,14,ALCOHOL,13.9,0.1,0.0,13.8,7,6,50
09/06/2026,Cainta,14,FACEMASK,1855.1,2.6,0.0,1852.5,9,11,100
09/06/2026,Cainta,14,GLOVES,2228.5,3.2,124.2,2349.5,4,3,100
09/06/2026,Cainta,14,MICROPRE,102.5,0.7,0.0,101.8,7,10,50
09/06/2026,Cainta,14,STERILE WATER,140.0,0.4,0.0,139.6,4,4,50
09/06/2026,Cainta,14,REF THERMOMETER,1.3,0.1,0.0,1.2,7,6,50
09/06/2026,Cainta,14,ACRYLIC CONTAINERS,27.6,0.3,0.0,27.3,6,8,50
09/06/2026,Cainta,14,COOLER,11.0,0.1,0.0,10.9,9,10,50
09/06/2026,Cainta,14,KIDNEY BASIN,25.1,0.3,0.0,24.8,6,8,50
09/06/2026,Cainta,14,WEIGHING SCALE,6.9,0.1,0.0,6.8,4,4,50
09/06/2026,Cainta,14,FORCEPS,8.1,0.3,0.0,7.8,8,8,50
09/06/2026,Cainta,14,BETADINE CONTAINER,9.8,0.1,0.0,9.7,8,10,50
09/06/2026,Cainta,14,ALCOHOL PUMP CONTAINER,0.9,0.1,0.0,0.8,7,7,50
10/06/2026,Cainta,44,SPEEDA,2785.5,7.2,0.0,2778.3,24,27,70
10/06/2026,Cainta,44,ABHAYRAB,394.7,2.2,0.0,392.5,16,15,50
10/06/2026,Cainta,44,VAXIRAB,244.5,2.1,0.0,242.4,22,22,50
10/06/2026,Cainta,44,CHIRORAB,29.4,2.1,0.0,27.3,12,10,50
10/06/2026,Cainta,44,ERIG,16.5,1.8,0.0,14.7,14,18,50
10/06/2026,Cainta,44,HRIG,10.8,0.9,0.0,9.9,27,27,50
10/06/2026,Cainta,44,"ATS 1,500 ""IU""",41.7,0.9,0.0,40.8,24,33,50
10/06/2026,Cainta,44,"ATS 3000 ""IU""",98.9,0.9,0.0,98.0,15,14,50
10/06/2026,Cainta,44,"ATS 5,000 ""IU""",36.9,0.9,0.0,36.0,13,14,50
10/06/2026,Cainta,44,HTIG,7.1,0.4,0.0,6.7,28,28,50
10/06/2026,Cainta,44,TOXOID BETT,5236.1,4.5,0.0,5231.6,13,16,50
10/06/2026,Cainta,44,TOXOID ABHAYTOX,306.7,0.9,26.9,332.7,16,21,50
10/06/2026,Cainta,44,PPD,13.2,0.2,0.0,13.0,14,15,50
10/06/2026,Cainta,44,HEPA B,59.0,0.9,0.0,58.1,11,11,50
10/06/2026,Cainta,44,HEPA BIG,13.6,0.9,0.0,12.7,17,21,50
10/06/2026,Cainta,44,FLU,44.3,0.4,0.0,43.9,28,26,50
10/06/2026,Cainta,44,AMOXICILLIN 500MG,5701.8,13.3,0.0,5688.5,17,20,140
10/06/2026,Cainta,44,CEFALEXIN 500 MG,8839.8,10.7,133.1,8962.2,20,25,100
10/06/2026,Cainta,44,MEFENAMIC 500 MG,6686.9,11.1,238.3,6914.1,24,23,120
10/06/2026,Cainta,44,INSULIN,1007.3,15.8,0.0,991.5,21,25,150
10/06/2026,Cainta,44,1CC/3CC,2903.4,4.3,0.0,2899.1,24,30,50
10/06/2026,Cainta,44,5CC/10CC,3204.3,4.3,0.0,3200.0,23,20,50
10/06/2026,Cainta,44,CETIRIZINE,5500.9,7.7,0.0,5493.2,22,22,100
10/06/2026,Cainta,44,G23,1719.2,2.2,0.0,1717.0,22,23,50
10/06/2026,Cainta,44,G27,1605.6,2.2,0.0,1603.4,25,32,50
10/06/2026,Cainta,44,GAUZE PAD,294.0,4.4,0.0,289.6,23,26,50
10/06/2026,Cainta,44,COTTON BALLS,6109.5,26.6,0.0,6082.9,25,27,240
10/06/2026,Cainta,44,BETADINE,1.7,0.2,0.0,1.5,14,14,50
10/06/2026,Cainta,44,ALCOHOL,13.8,0.2,0.0,13.6,23,18,50
10/06/2026,Cainta,44,FACEMASK,1852.5,10.9,0.0,1841.6,24,19,100
10/06/2026,Cainta,44,GLOVES,2349.5,8.7,0.0,2340.8,16,15,100
10/06/2026,Cainta,44,MICROPRE,101.8,2.3,0.0,99.5,26,23,50
10/06/2026,Cainta,44,STERILE WATER,139.6,1.3,17.7,156.0,16,14,50
10/06/2026,Cainta,44,REF THERMOMETER,1.2,0.4,0.0,0.8,15,17,50
10/06/2026,Cainta,44,ACRYLIC CONTAINERS,27.3,0.9,0.0,26.4,26,30,50
10/06/2026,Cainta,44,COOLER,10.9,0.2,0.0,10.7,15,12,50
10/06/2026,Cainta,44,KIDNEY BASIN,24.8,0.9,0.0,23.9,18,21,50
10/06/2026,Cainta,44,WEIGHING SCALE,6.8,0.2,0.0,6.6,17,15,50
10/06/2026,Cainta,44,FORCEPS,7.8,0.9,0.0,6.9,27,28,50
10/06/2026,Cainta,44,BETADINE CONTAINER,9.7,0.4,0.0,9.3,19,26,50
10/06/2026,Cainta,44,ALCOHOL PUMP CONTAINER,0.8,0.4,0.0,0.4,23,26,50
11/06/2026,Cainta,11,SPEEDA,2778.3,1.4,0.0,2776.9,6,5,70
11/06/2026,Cainta,11,ABHAYRAB,392.5,0.5,0.0,392.0,6,6,50
11/06/2026,Cainta,11,VAXIRAB,242.4,0.6,0.0,241.8,7,8,50
11/06/2026,Cainta,11,CHIRORAB,27.3,0.6,11.4,38.1,6,6,50
11/06/2026,Cainta,11,ERIG,14.7,0.5,0.0,14.2,5,7,50
11/06/2026,Cainta,11,HRIG,9.9,0.2,0.0,9.7,7,7,50
11/06/2026,Cainta,11,"ATS 1,500 ""IU""",40.8,0.2,0.0,40.6,5,4,50
11/06/2026,Cainta,11,"ATS 3000 ""IU""",98.0,0.2,0.0,97.8,3,3,50
11/06/2026,Cainta,11,"ATS 5,000 ""IU""",36.0,0.2,0.0,35.8,4,5,50
11/06/2026,Cainta,11,HTIG,6.7,0.1,0.0,6.6,5,5,50
11/06/2026,Cainta,11,TOXOID BETT,5231.6,1.1,0.0,5230.5,3,4,50
11/06/2026,Cainta,11,TOXOID ABHAYTOX,332.7,0.2,0.0,332.5,5,7,50
11/06/2026,Cainta,11,PPD,13.0,0.1,0.0,12.9,4,4,50
11/06/2026,Cainta,11,HEPA B,58.1,0.2,0.0,57.9,5,4,50
11/06/2026,Cainta,11,HEPA BIG,12.7,0.2,0.0,12.5,3,3,50
11/06/2026,Cainta,11,FLU,43.9,0.1,0.0,43.8,6,7,50
11/06/2026,Cainta,11,AMOXICILLIN 500MG,5688.5,3.6,0.0,5684.9,4,5,140
11/06/2026,Cainta,11,CEFALEXIN 500 MG,8962.2,2.7,0.0,8959.5,3,3,100
11/06/2026,Cainta,11,MEFENAMIC 500 MG,6914.1,2.1,0.0,6912.0,5,7,120
11/06/2026,Cainta,11,INSULIN,991.5,3.0,0.0,988.5,5,5,150
11/06/2026,Cainta,11,1CC/3CC,2899.1,1.1,0.0,2898.0,6,8,50
11/06/2026,Cainta,11,5CC/10CC,3200.0,1.2,125.5,3324.3,5,6,50
11/06/2026,Cainta,11,CETIRIZINE,5493.2,1.9,0.0,5491.3,3,3,100
11/06/2026,Cainta,11,G23,1717.0,0.6,0.0,1716.4,7,7,50
11/06/2026,Cainta,11,G27,1603.4,0.6,0.0,1602.8,5,5,50
11/06/2026,Cainta,11,GAUZE PAD,289.6,1.1,0.0,288.5,3,4,50
11/06/2026,Cainta,11,COTTON BALLS,6082.9,5.3,0.0,6077.6,6,6,240
11/06/2026,Cainta,11,BETADINE,1.5,0.1,0.0,1.4,6,8,50
11/06/2026,Cainta,11,ALCOHOL,13.6,0.1,0.0,13.5,6,7,50
11/06/2026,Cainta,11,FACEMASK,1841.6,2.0,0.0,1839.6,5,5,100
11/06/2026,Cainta,11,GLOVES,2340.8,2.3,0.0,2338.5,5,7,100
11/06/2026,Cainta,11,MICROPRE,99.5,0.5,0.0,99.0,5,5,50
11/06/2026,Cainta,11,STERILE WATER,156.0,0.3,19.5,175.2,3,4,50
11/06/2026,Cainta,11,REF THERMOMETER,0.8,0.1,0.0,0.7,4,4,50
11/06/2026,Cainta,11,ACRYLIC CONTAINERS,26.4,0.2,0.0,26.2,7,6,50
11/06/2026,Cainta,11,COOLER,10.7,0.1,0.0,10.6,6,5,50
11/06/2026,Cainta,11,KIDNEY BASIN,23.9,0.2,0.0,23.7,5,5,50
11/06/2026,Cainta,11,WEIGHING SCALE,6.6,0.1,0.0,6.5,4,5,50
11/06/2026,Cainta,11,FORCEPS,6.9,0.2,0.0,6.7,6,6,50
11/06/2026,Cainta,11,BETADINE CONTAINER,9.3,0.1,0.0,9.2,4,4,50
11/06/2026,Cainta,11,ALCOHOL PUMP CONTAINER,0.4,0.1,0.0,0.3,3,3,50
12/06/2026,Cainta,79,SPEEDA,2776.9,11.4,181.0,2946.5,25,29,70
12/06/2026,Cainta,79,ABHAYRAB,392.0,4.0,0.0,388.0,43,55,50
12/06/2026,Cainta,79,VAXIRAB,241.8,4.0,10.7,248.5,40,47,50
12/06/2026,Cainta,79,CHIRORAB,38.1,3.9,0.0,34.2,22,31,50
12/06/2026,Cainta,79,ERIG,14.2,3.2,0.0,11.0,23,19,50
12/06/2026,Cainta,79,HRIG,9.7,1.6,0.0,8.1,40,32,50
12/06/2026,Cainta,79,"ATS 1,500 ""IU""",40.6,1.6,0.0,39.0,38,42,50
12/06/2026,Cainta,79,"ATS 3000 ""IU""",97.8,1.6,0.0,96.2,41,39,50
12/06/2026,Cainta,79,"ATS 5,000 ""IU""",35.8,1.6,0.0,34.2,25,30,50
12/06/2026,Cainta,79,HTIG,6.6,0.8,0.0,5.8,43,55,50
12/06/2026,Cainta,79,TOXOID BETT,5230.5,7.6,0.0,5222.9,49,42,50
12/06/2026,Cainta,79,TOXOID ABHAYTOX,332.5,1.6,0.0,330.9,39,53,50
12/06/2026,Cainta,79,PPD,12.9,0.4,0.0,12.5,26,21,50
12/06/2026,Cainta,79,HEPA B,57.9,1.6,0.0,56.3,41,50,50
12/06/2026,Cainta,79,HEPA BIG,12.5,1.6,0.0,10.9,31,32,50
12/06/2026,Cainta,79,FLU,43.8,0.8,0.0,43.0,21,25,50
12/06/2026,Cainta,79,AMOXICILLIN 500MG,5684.9,22.5,0.0,5662.4,29,25,140
12/06/2026,Cainta,79,CEFALEXIN 500 MG,8959.5,17.4,0.0,8942.1,48,65,100
12/06/2026,Cainta,79,MEFENAMIC 500 MG,6912.0,21.3,0.0,6890.7,33,45,120
12/06/2026,Cainta,79,INSULIN,988.5,21.4,0.0,967.1,47,52,150
12/06/2026,Cainta,79,1CC/3CC,2898.0,7.4,0.0,2890.6,36,40,50
12/06/2026,Cainta,79,5CC/10CC,3324.3,7.8,0.0,3316.5,36,43,50
12/06/2026,Cainta,79,CETIRIZINE,5491.3,18.4,0.0,5472.9,20,23,100
12/06/2026,Cainta,79,G23,1716.4,4.1,0.0,1712.3,40,45,50
12/06/2026,Cainta,79,G27,1602.8,3.8,0.0,1599.0,23,27,50
12/06/2026,Cainta,79,GAUZE PAD,288.5,7.5,0.0,281.0,35,46,50
12/06/2026,Cainta,79,COTTON BALLS,6077.6,51.0,0.0,6026.6,28,33,240
12/06/2026,Cainta,79,BETADINE,1.4,0.4,0.0,1.0,32,29,50
12/06/2026,Cainta,79,ALCOHOL,13.5,0.4,0.0,13.1,37,50,50
12/06/2026,Cainta,79,FACEMASK,1839.6,14.9,111.5,1936.2,20,19,100
12/06/2026,Cainta,79,GLOVES,2338.5,18.6,0.0,2319.9,29,26,100
12/06/2026,Cainta,79,MICROPRE,99.0,3.9,0.0,95.1,51,71,50
12/06/2026,Cainta,79,STERILE WATER,175.2,2.4,0.0,172.8,22,20,50
12/06/2026,Cainta,79,REF THERMOMETER,0.7,0.8,18.1,18.0,30,26,50
12/06/2026,Cainta,79,ACRYLIC CONTAINERS,26.2,1.6,0.0,24.6,30,34,50
12/06/2026,Cainta,79,COOLER,10.6,0.4,0.0,10.2,32,41,50
12/06/2026,Cainta,79,KIDNEY BASIN,23.7,1.5,0.0,22.2,41,34,50
12/06/2026,Cainta,79,WEIGHING SCALE,6.5,0.4,0.0,6.1,28,31,50
12/06/2026,Cainta,79,FORCEPS,6.7,1.6,0.0,5.1,34,29,50
12/06/2026,Cainta,79,BETADINE CONTAINER,9.2,0.8,0.0,8.4,40,42,50
12/06/2026,Cainta,79,ALCOHOL PUMP CONTAINER,0.3,0.8,19.5,19.0,30,30,50
13/06/2026,Cainta,72,SPEEDA,2946.5,11.3,0.0,2935.2,45,40,70
13/06/2026,Cainta,72,ABHAYRAB,388.0,3.7,0.0,384.3,46,62,50
13/06/2026,Cainta,72,VAXIRAB,248.5,3.6,0.0,244.9,21,25,50
13/06/2026,Cainta,72,CHIRORAB,34.2,3.7,0.0,30.5,28,37,50
13/06/2026,Cainta,72,ERIG,11.0,2.8,0.0,8.2,24,32,50
13/06/2026,Cainta,72,HRIG,8.1,1.4,0.0,6.7,23,31,50
13/06/2026,Cainta,72,"ATS 1,500 ""IU""",39.0,1.5,0.0,37.5,32,40,50
13/06/2026,Cainta,72,"ATS 3000 ""IU""",96.2,1.4,0.0,94.8,34,33,50
13/06/2026,Cainta,72,"ATS 5,000 ""IU""",34.2,1.4,0.0,32.8,30,39,50
13/06/2026,Cainta,72,HTIG,5.8,0.7,0.0,5.1,26,29,50
13/06/2026,Cainta,72,TOXOID BETT,5222.9,6.7,0.0,5216.2,26,25,50
13/06/2026,Cainta,72,TOXOID ABHAYTOX,330.9,1.5,0.0,329.4,47,48,50
13/06/2026,Cainta,72,PPD,12.5,0.4,0.0,12.1,45,44,50
13/06/2026,Cainta,72,HEPA B,56.3,1.4,0.0,54.9,20,22,50
13/06/2026,Cainta,72,HEPA BIG,10.9,1.5,0.0,9.4,37,47,50
13/06/2026,Cainta,72,FLU,43.0,0.7,0.0,42.3,31,34,50
13/06/2026,Cainta,72,AMOXICILLIN 500MG,5662.4,19.5,103.3,5746.2,38,37,140
13/06/2026,Cainta,72,CEFALEXIN 500 MG,8942.1,15.0,0.0,8927.1,35,30,100
13/06/2026,Cainta,72,MEFENAMIC 500 MG,6890.7,19.8,304.3,7175.2,44,58,120
13/06/2026,Cainta,72,INSULIN,967.1,25.6,0.0,941.5,20,21,150
13/06/2026,Cainta,72,1CC/3CC,2890.6,7.8,0.0,2882.8,28,30,50
13/06/2026,Cainta,72,5CC/10CC,3316.5,7.2,0.0,3309.3,46,58,50
13/06/2026,Cainta,72,CETIRIZINE,5472.9,16.2,0.0,5456.7,23,30,100
13/06/2026,Cainta,72,G23,1712.3,3.6,0.0,1708.7,22,24,50
13/06/2026,Cainta,72,G27,1599.0,3.7,79.5,1674.8,39,46,50
13/06/2026,Cainta,72,GAUZE PAD,281.0,7.3,0.0,273.7,40,38,50
13/06/2026,Cainta,72,COTTON BALLS,6026.6,39.4,0.0,5987.2,37,50,240
13/06/2026,Cainta,72,BETADINE,1.0,0.4,0.0,0.6,40,46,50
13/06/2026,Cainta,72,ALCOHOL,13.1,0.4,0.0,12.7,38,47,50
13/06/2026,Cainta,72,FACEMASK,1936.2,12.9,0.0,1923.3,22,19,100
13/06/2026,Cainta,72,GLOVES,2319.9,14.5,102.8,2408.2,36,43,100
13/06/2026,Cainta,72,MICROPRE,95.1,3.4,0.0,91.7,40,41,50
13/06/2026,Cainta,72,STERILE WATER,172.8,2.2,12.8,183.4,43,46,50
13/06/2026,Cainta,72,REF THERMOMETER,18.0,0.7,0.0,17.3,25,30,50
13/06/2026,Cainta,72,ACRYLIC CONTAINERS,24.6,1.4,0.0,23.2,22,28,50
13/06/2026,Cainta,72,COOLER,10.2,0.4,0.0,9.8,40,40,50
13/06/2026,Cainta,72,KIDNEY BASIN,22.2,1.5,0.0,20.7,25,33,50
13/06/2026,Cainta,72,WEIGHING SCALE,6.1,0.4,0.0,5.7,19,18,50
13/06/2026,Cainta,72,FORCEPS,5.1,1.4,0.0,3.7,42,48,50
13/06/2026,Cainta,72,BETADINE CONTAINER,8.4,0.7,0.0,7.7,33,29,50
13/06/2026,Cainta,72,ALCOHOL PUMP CONTAINER,19.0,0.7,0.0,18.3,27,26,50
14/06/2026,Cainta,98,SPEEDA,2935.2,15.3,0.0,2919.9,25,33,70
14/06/2026,Cainta,98,ABHAYRAB,384.3,4.9,0.0,379.4,26,21,50
14/06/2026,Cainta,98,VAXIRAB,244.9,4.9,18.8,258.8,56,76,50
14/06/2026,Cainta,98,CHIRORAB,30.5,5.0,0.0,25.5,44,44,50
14/06/2026,Cainta,98,ERIG,8.2,4.1,0.0,4.1,30,37,50
14/06/2026,Cainta,98,HRIG,6.7,1.9,0.0,4.8,39,33,50
14/06/2026,Cainta,98,"ATS 1,500 ""IU""",37.5,2.0,0.0,35.5,31,37,50
14/06/2026,Cainta,98,"ATS 3000 ""IU""",94.8,1.9,0.0,92.9,29,39,50
14/06/2026,Cainta,98,"ATS 5,000 ""IU""",32.8,2.0,0.0,30.8,35,40,50
14/06/2026,Cainta,98,HTIG,5.1,1.0,0.0,4.1,46,47,50
14/06/2026,Cainta,98,TOXOID BETT,5216.2,9.1,0.0,5207.1,33,42,50
14/06/2026,Cainta,98,TOXOID ABHAYTOX,329.4,2.0,0.0,327.4,38,47,50
14/06/2026,Cainta,98,PPD,12.1,0.5,0.0,11.6,43,37,50
14/06/2026,Cainta,98,HEPA B,54.9,2.0,0.0,52.9,41,49,50
14/06/2026,Cainta,98,HEPA BIG,9.4,2.0,0.0,7.4,30,36,50
14/06/2026,Cainta,98,FLU,42.3,1.0,0.0,41.3,26,33,50
14/06/2026,Cainta,98,AMOXICILLIN 500MG,5746.2,36.4,0.0,5709.8,26,26,140
14/06/2026,Cainta,98,CEFALEXIN 500 MG,8927.1,18.0,0.0,8909.1,38,40,100
14/06/2026,Cainta,98,MEFENAMIC 500 MG,7175.2,24.2,0.0,7151.0,53,73,120
14/06/2026,Cainta,98,INSULIN,941.5,27.5,133.1,1047.1,30,34,150
14/06/2026,Cainta,98,1CC/3CC,2882.8,9.2,0.0,2873.6,55,61,50
14/06/2026,Cainta,98,5CC/10CC,3309.3,9.6,135.0,3434.7,53,74,50
14/06/2026,Cainta,98,CETIRIZINE,5456.7,21.9,0.0,5434.8,25,23,100
14/06/2026,Cainta,98,G23,1708.7,5.0,0.0,1703.7,26,27,50
14/06/2026,Cainta,98,G27,1674.8,5.0,0.0,1669.8,32,40,50
14/06/2026,Cainta,98,GAUZE PAD,273.7,9.9,0.0,263.8,27,33,50
14/06/2026,Cainta,98,COTTON BALLS,5987.2,54.4,0.0,5932.8,45,62,240
14/06/2026,Cainta,98,BETADINE,0.6,0.5,0.0,0.1,26,31,50
14/06/2026,Cainta,98,ALCOHOL,12.7,0.5,0.0,12.2,56,55,50
14/06/2026,Cainta,98,FACEMASK,1923.3,20.0,0.0,1903.3,44,46,100
14/06/2026,Cainta,98,GLOVES,2408.2,20.2,0.0,2388.0,53,45,100
14/06/2026,Cainta,98,MICROPRE,91.7,4.9,0.0,86.8,54,73,50
14/06/2026,Cainta,98,STERILE WATER,183.4,2.9,0.0,180.5,44,39,50
14/06/2026,Cainta,98,REF THERMOMETER,17.3,1.0,0.0,16.3,61,69,50
14/06/2026,Cainta,98,ACRYLIC CONTAINERS,23.2,2.0,0.0,21.2,63,66,50
14/06/2026,Cainta,98,COOLER,9.8,0.5,0.0,9.3,39,34,50
14/06/2026,Cainta,98,KIDNEY BASIN,20.7,2.0,10.6,29.3,29,28,50
14/06/2026,Cainta,98,WEIGHING SCALE,5.7,0.5,0.0,5.2,39,46,50
14/06/2026,Cainta,98,FORCEPS,3.7,2.0,0.0,1.7,33,27,50
14/06/2026,Cainta,98,BETADINE CONTAINER,7.7,1.0,0.0,6.7,45,62,50
14/06/2026,Cainta,98,ALCOHOL PUMP CONTAINER,18.3,1.0,0.0,17.3,39,52,50
15/06/2026,Cainta,43,SPEEDA,2919.9,5.5,0.0,2914.4,19,16,70
15/06/2026,Cainta,43,ABHAYRAB,379.4,2.1,0.0,377.3,24,32,50
15/06/2026,Cainta,43,VAXIRAB,258.8,2.1,0.0,256.7,15,15,50
15/06/2026,Cainta,43,CHIRORAB,25.5,2.2,0.0,23.3,20,17,50
15/06/2026,Cainta,43,ERIG,4.1,1.7,0.0,2.4,17,17,50
15/06/2026,Cainta,43,HRIG,4.8,0.9,0.0,3.9,24,31,50
15/06/2026,Cainta,43,"ATS 1,500 ""IU""",35.5,0.8,0.0,34.7,22,26,50
15/06/2026,Cainta,43,"ATS 3000 ""IU""",92.9,0.9,0.0,92.0,11,10,50
15/06/2026,Cainta,43,"ATS 5,000 ""IU""",30.8,0.9,0.0,29.9,22,27,50
15/06/2026,Cainta,43,HTIG,4.1,0.4,0.0,3.7,14,17,50
15/06/2026,Cainta,43,TOXOID BETT,5207.1,4.5,0.0,5202.6,23,29,50
15/06/2026,Cainta,43,TOXOID ABHAYTOX,327.4,0.9,0.0,326.5,21,24,50
15/06/2026,Cainta,43,PPD,11.6,0.2,0.0,11.4,18,23,50
15/06/2026,Cainta,43,HEPA B,52.9,0.9,0.0,52.0,23,27,50
15/06/2026,Cainta,43,HEPA BIG,7.4,0.9,0.0,6.5,25,22,50
15/06/2026,Cainta,43,FLU,41.3,0.4,0.0,40.9,24,31,50
15/06/2026,Cainta,43,AMOXICILLIN 500MG,5709.8,12.3,0.0,5697.5,20,20,140
15/06/2026,Cainta,43,CEFALEXIN 500 MG,8909.1,9.4,278.3,9178.0,23,28,100
15/06/2026,Cainta,43,MEFENAMIC 500 MG,7151.0,11.5,0.0,7139.5,18,22,120
15/06/2026,Cainta,43,INSULIN,1047.1,14.2,0.0,1032.9,24,24,150
15/06/2026,Cainta,43,1CC/3CC,2873.6,4.2,0.0,2869.4,25,22,50
15/06/2026,Cainta,43,5CC/10CC,3434.7,4.2,0.0,3430.5,13,16,50
15/06/2026,Cainta,43,CETIRIZINE,5434.8,9.8,216.9,5641.9,15,20,100
15/06/2026,Cainta,43,G23,1703.7,2.1,0.0,1701.6,15,20,50
15/06/2026,Cainta,43,G27,1669.8,2.2,0.0,1667.6,14,16,50
15/06/2026,Cainta,43,GAUZE PAD,263.8,4.3,0.0,259.5,18,17,50
15/06/2026,Cainta,43,COTTON BALLS,5932.8,28.8,0.0,5904.0,14,14,240
15/06/2026,Cainta,43,BETADINE,0.1,0.2,20.1,20.0,21,26,50
15/06/2026,Cainta,43,ALCOHOL,12.2,0.2,0.0,12.0,12,13,50
15/06/2026,Cainta,43,FACEMASK,1903.3,7.6,0.0,1895.7,15,19,100
15/06/2026,Cainta,43,GLOVES,2388.0,9.1,0.0,2378.9,22,22,100
15/06/2026,Cainta,43,MICROPRE,86.8,2.1,0.0,84.7,18,14,50
15/06/2026,Cainta,43,STERILE WATER,180.5,1.3,0.0,179.2,18,21,50
15/06/2026,Cainta,43,REF THERMOMETER,16.3,0.4,0.0,15.9,24,28,50
15/06/2026,Cainta,43,ACRYLIC CONTAINERS,21.2,0.9,0.0,20.3,28,33,50
15/06/2026,Cainta,43,COOLER,9.3,0.2,0.0,9.1,20,19,50
15/06/2026,Cainta,43,KIDNEY BASIN,29.3,0.9,0.0,28.4,12,15,50
15/06/2026,Cainta,43,WEIGHING SCALE,5.2,0.2,0.0,5.0,13,14,50
15/06/2026,Cainta,43,FORCEPS,1.7,0.9,0.0,0.8,27,34,50
15/06/2026,Cainta,43,BETADINE CONTAINER,6.7,0.4,0.0,6.3,22,26,50
15/06/2026,Cainta,43,ALCOHOL PUMP CONTAINER,17.3,0.4,0.0,16.9,24,25,50
16/06/2026,Cainta,71,SPEEDA,2914.4,11.9,80.6,2983.1,37,45,70
16/06/2026,Cainta,71,ABHAYRAB,377.3,3.4,0.0,373.9,23,26,50
16/06/2026,Cainta,71,VAXIRAB,256.7,3.5,0.0,253.2,30,33,50
16/06/2026,Cainta,71,CHIRORAB,23.3,3.7,0.0,19.6,40,48,50
16/06/2026,Cainta,71,ERIG,2.4,2.9,12.4,11.9,42,36,50
16/06/2026,Cainta,71,HRIG,3.9,1.4,0.0,2.5,24,32,50
16/06/2026,Cainta,71,"ATS 1,500 ""IU""",34.7,1.4,0.0,33.3,35,35,50
16/06/2026,Cainta,71,"ATS 3000 ""IU""",92.0,1.4,0.0,90.6,22,21,50
16/06/2026,Cainta,71,"ATS 5,000 ""IU""",29.9,1.4,0.0,28.5,45,57,50
16/06/2026,Cainta,71,HTIG,3.7,0.7,0.0,3.0,25,23,50
16/06/2026,Cainta,71,TOXOID BETT,5202.6,6.7,0.0,5195.9,38,53,50
16/06/2026,Cainta,71,TOXOID ABHAYTOX,326.5,1.4,0.0,325.1,24,25,50
16/06/2026,Cainta,71,PPD,11.4,0.4,0.0,11.0,35,34,50
16/06/2026,Cainta,71,HEPA B,52.0,1.4,0.0,50.6,36,30,50
16/06/2026,Cainta,71,HEPA BIG,6.5,1.4,0.0,5.1,27,22,50
16/06/2026,Cainta,71,FLU,40.9,0.7,0.0,40.2,41,35,50
16/06/2026,Cainta,71,AMOXICILLIN 500MG,5697.5,15.5,0.0,5682.0,43,35,140
16/06/2026,Cainta,71,CEFALEXIN 500 MG,9178.0,13.6,0.0,9164.4,42,42,100
16/06/2026,Cainta,71,MEFENAMIC 500 MG,7139.5,17.9,0.0,7121.6,27,27,120
16/06/2026,Cainta,71,INSULIN,1032.9,20.4,0.0,1012.5,39,41,150
16/06/2026,Cainta,71,1CC/3CC,2869.4,6.7,0.0,2862.7,34,32,50
16/06/2026,Cainta,71,5CC/10CC,3430.5,6.5,0.0,3424.0,35,29,50
16/06/2026,Cainta,71,CETIRIZINE,5641.9,13.5,0.0,5628.4,31,26,100
16/06/2026,Cainta,71,G23,1701.6,3.6,0.0,1698.0,35,32,50
16/06/2026,Cainta,71,G27,1667.6,3.7,0.0,1663.9,22,22,50
16/06/2026,Cainta,71,GAUZE PAD,259.5,7.5,0.0,252.0,29,26,50
16/06/2026,Cainta,71,COTTON BALLS,5904.0,30.2,0.0,5873.8,23,23,240
16/06/2026,Cainta,71,BETADINE,20.0,0.4,0.0,19.6,26,35,50
16/06/2026,Cainta,71,ALCOHOL,12.0,0.4,0.0,11.6,21,20,50
16/06/2026,Cainta,71,FACEMASK,1895.7,15.1,0.0,1880.6,24,22,100
16/06/2026,Cainta,71,GLOVES,2378.9,14.8,112.5,2476.6,40,48,100
16/06/2026,Cainta,71,MICROPRE,84.7,3.3,0.0,81.4,33,36,50
16/06/2026,Cainta,71,STERILE WATER,179.2,2.1,19.1,196.2,18,15,50
16/06/2026,Cainta,71,REF THERMOMETER,15.9,0.7,0.0,15.2,40,51,50
16/06/2026,Cainta,71,ACRYLIC CONTAINERS,20.3,1.4,16.1,35.0,44,54,50
16/06/2026,Cainta,71,COOLER,9.1,0.4,0.0,8.7,43,60,50
16/06/2026,Cainta,71,KIDNEY BASIN,28.4,1.4,0.0,27.0,41,56,50
16/06/2026,Cainta,71,WEIGHING SCALE,5.0,0.4,0.0,4.6,46,53,50
16/06/2026,Cainta,71,FORCEPS,0.8,1.4,14.1,13.5,34,41,50
16/06/2026,Cainta,71,BETADINE CONTAINER,6.3,0.7,0.0,5.6,45,47,50
16/06/2026,Cainta,71,ALCOHOL PUMP CONTAINER,16.9,0.7,0.0,16.2,45,60,50
17/06/2026,Cainta,97,SPEEDA,2983.1,14.6,0.0,2968.5,36,41,70
17/06/2026,Cainta,97,ABHAYRAB,373.9,4.8,16.3,385.4,58,58,50
17/06/2026,Cainta,97,VAXIRAB,253.2,4.9,0.0,248.3,55,44,50
17/06/2026,Cainta,97,CHIRORAB,19.6,4.9,0.0,14.7,54,62,50
17/06/2026,Cainta,97,ERIG,11.9,3.9,0.0,8.0,59,66,50
17/06/2026,Cainta,97,HRIG,2.5,1.9,0.0,0.6,39,50,50
17/06/2026,Cainta,97,"ATS 1,500 ""IU""",33.3,2.0,0.0,31.3,40,36,50
17/06/2026,Cainta,97,"ATS 3000 ""IU""",90.6,1.9,0.0,88.7,49,63,50
17/06/2026,Cainta,97,"ATS 5,000 ""IU""",28.5,1.9,0.0,26.6,53,43,50
17/06/2026,Cainta,97,HTIG,3.0,1.0,0.0,2.0,58,67,50
17/06/2026,Cainta,97,TOXOID BETT,5195.9,9.1,0.0,5186.8,58,60,50
17/06/2026,Cainta,97,TOXOID ABHAYTOX,325.1,1.9,0.0,323.2,52,52,50
17/06/2026,Cainta,97,PPD,11.0,0.5,0.0,10.5,61,65,50
17/06/2026,Cainta,97,HEPA B,50.6,2.0,0.0,48.6,31,29,50
17/06/2026,Cainta,97,HEPA BIG,5.1,1.9,0.0,3.2,61,56,50
17/06/2026,Cainta,97,FLU,40.2,1.0,0.0,39.2,27,35,50
17/06/2026,Cainta,97,AMOXICILLIN 500MG,5682.0,26.6,0.0,5655.4,46,43,140
17/06/2026,Cainta,97,CEFALEXIN 500 MG,9164.4,18.5,0.0,9145.9,28,35,100
17/06/2026,Cainta,97,MEFENAMIC 500 MG,7121.6,27.2,351.8,7446.2,46,56,120
17/06/2026,Cainta,97,INSULIN,1012.5,32.4,0.0,980.1,39,32,150
17/06/2026,Cainta,97,1CC/3CC,2862.7,9.7,0.0,2853.0,27,36,50
17/06/2026,Cainta,97,5CC/10CC,3424.0,9.4,0.0,3414.6,49,62,50
17/06/2026,Cainta,97,CETIRIZINE,5628.4,17.0,0.0,5611.4,53,68,100
17/06/2026,Cainta,97,G23,1698.0,5.1,0.0,1692.9,31,40,50
17/06/2026,Cainta,97,G27,1663.9,4.9,0.0,1659.0,51,59,50
17/06/2026,Cainta,97,GAUZE PAD,252.0,9.4,0.0,242.6,31,43,50
17/06/2026,Cainta,97,COTTON BALLS,5873.8,56.0,0.0,5817.8,30,27,240
17/06/2026,Cainta,97,BETADINE,19.6,0.5,0.0,19.1,30,25,50
17/06/2026,Cainta,97,ALCOHOL,11.6,0.5,0.0,11.1,47,57,50
17/06/2026,Cainta,97,FACEMASK,1880.6,20.3,0.0,1860.3,54,53,100
17/06/2026,Cainta,97,GLOVES,2476.6,18.0,0.0,2458.6,47,55,100
17/06/2026,Cainta,97,MICROPRE,81.4,4.8,0.0,76.6,56,58,50
17/06/2026,Cainta,97,STERILE WATER,196.2,2.9,10.6,203.9,47,47,50
17/06/2026,Cainta,97,REF THERMOMETER,15.2,1.0,0.0,14.2,55,73,50
17/06/2026,Cainta,97,ACRYLIC CONTAINERS,35.0,2.0,0.0,33.0,62,55,50
17/06/2026,Cainta,97,COOLER,8.7,0.5,0.0,8.2,39,36,50
17/06/2026,Cainta,97,KIDNEY BASIN,27.0,1.9,0.0,25.1,30,36,50
17/06/2026,Cainta,97,WEIGHING SCALE,4.6,0.5,0.0,4.1,30,38,50
17/06/2026,Cainta,97,FORCEPS,13.5,1.9,0.0,11.6,47,61,50
17/06/2026,Cainta,97,BETADINE CONTAINER,5.6,1.0,0.0,4.6,45,42,50
17/06/2026,Cainta,97,ALCOHOL PUMP CONTAINER,16.2,1.0,0.0,15.2,31,41,50
18/06/2026,Cainta,98,SPEEDA,2968.5,14.9,0.0,2953.6,59,69,70
18/06/2026,Cainta,98,ABHAYRAB,385.4,4.9,0.0,380.5,62,80,50
18/06/2026,Cainta,98,VAXIRAB,248.3,4.7,0.0,243.6,34,29,50
18/06/2026,Cainta,98,CHIRORAB,14.7,4.6,0.0,10.1,33,33,50
18/06/2026,Cainta,98,ERIG,8.0,3.9,0.0,4.1,33,37,50
18/06/2026,Cainta,98,HRIG,0.6,2.0,8.4,7.0,40,46,50
18/06/2026,Cainta,98,"ATS 1,500 ""IU""",31.3,2.0,0.0,29.3,58,50,50
18/06/2026,Cainta,98,"ATS 3000 ""IU""",88.7,1.9,0.0,86.8,48,54,50
18/06/2026,Cainta,98,"ATS 5,000 ""IU""",26.6,2.0,25.0,49.6,27,32,50
18/06/2026,Cainta,98,HTIG,2.0,1.0,0.0,1.0,43,44,50
18/06/2026,Cainta,98,TOXOID BETT,5186.8,9.9,0.0,5176.9,28,31,50
18/06/2026,Cainta,98,TOXOID ABHAYTOX,323.2,1.9,0.0,321.3,40,39,50
18/06/2026,Cainta,98,PPD,10.5,0.5,0.0,10.0,40,53,50
18/06/2026,Cainta,98,HEPA B,48.6,1.9,0.0,46.7,50,58,50
18/06/2026,Cainta,98,HEPA BIG,3.2,2.0,0.0,1.2,46,52,50
18/06/2026,Cainta,98,FLU,39.2,1.0,0.0,38.2,59,81,50
18/06/2026,Cainta,98,AMOXICILLIN 500MG,5655.4,22.6,355.0,5987.8,25,30,140
18/06/2026,Cainta,98,CEFALEXIN 500 MG,9145.9,19.0,0.0,9126.9,55,53,100
18/06/2026,Cainta,98,MEFENAMIC 500 MG,7446.2,25.9,0.0,7420.3,25,30,120
18/06/2026,Cainta,98,INSULIN,980.1,28.0,0.0,952.1,36,50,150
18/06/2026,Cainta,98,1CC/3CC,2853.0,9.7,0.0,2843.3,59,48,50
18/06/2026,Cainta,98,5CC/10CC,3414.6,9.2,0.0,3405.4,52,61,50
18/06/2026,Cainta,98,CETIRIZINE,5611.4,20.7,0.0,5590.7,31,28,100
18/06/2026,Cainta,98,G23,1692.9,4.8,0.0,1688.1,44,57,50
18/06/2026,Cainta,98,G27,1659.0,4.6,0.0,1654.4,53,63,50
18/06/2026,Cainta,98,GAUZE PAD,242.6,9.6,0.0,233.0,61,83,50
18/06/2026,Cainta,98,COTTON BALLS,5817.8,59.6,109.7,5867.9,49,59,240
18/06/2026,Cainta,98,BETADINE,19.1,0.5,0.0,18.6,25,20,50
18/06/2026,Cainta,98,ALCOHOL,11.1,0.5,0.0,10.6,44,49,50
18/06/2026,Cainta,98,FACEMASK,1860.3,20.5,71.1,1910.9,30,40,100
18/06/2026,Cainta,98,GLOVES,2458.6,20.3,166.2,2604.5,26,24,100
18/06/2026,Cainta,98,MICROPRE,76.6,4.9,0.0,71.7,48,41,50
18/06/2026,Cainta,98,STERILE WATER,203.9,2.9,0.0,201.0,55,68,50
18/06/2026,Cainta,98,REF THERMOMETER,14.2,1.0,0.0,13.2,26,29,50
18/06/2026,Cainta,98,ACRYLIC CONTAINERS,33.0,2.0,0.0,31.0,55,46,50
18/06/2026,Cainta,98,COOLER,8.2,0.5,0.0,7.7,52,50,50
18/06/2026,Cainta,98,KIDNEY BASIN,25.1,1.9,0.0,23.2,54,54,50
18/06/2026,Cainta,98,WEIGHING SCALE,4.1,0.5,0.0,3.6,34,41,50
18/06/2026,Cainta,98,FORCEPS,11.6,1.9,0.0,9.7,40,43,50
18/06/2026,Cainta,98,BETADINE CONTAINER,4.6,1.0,0.0,3.6,29,32,50
18/06/2026,Cainta,98,ALCOHOL PUMP CONTAINER,15.2,1.0,0.0,14.2,34,44,50
19/06/2026,Cainta,69,SPEEDA,2953.6,10.6,0.0,2943.0,26,25,70
19/06/2026,Cainta,69,ABHAYRAB,380.5,3.3,0.0,377.2,26,31,50
19/06/2026,Cainta,69,VAXIRAB,243.6,3.5,0.0,240.1,22,22,50
19/06/2026,Cainta,69,CHIRORAB,10.1,3.4,0.0,6.7,22,23,50
19/06/2026,Cainta,69,ERIG,4.1,2.8,18.6,19.9,42,48,50
19/06/2026,Cainta,69,HRIG,7.0,1.4,0.0,5.6,39,47,50
19/06/2026,Cainta,69,"ATS 1,500 ""IU""",29.3,1.4,0.0,27.9,27,37,50
19/06/2026,Cainta,69,"ATS 3000 ""IU""",86.8,1.4,0.0,85.4,43,41,50
19/06/2026,Cainta,69,"ATS 5,000 ""IU""",49.6,1.4,0.0,48.2,24,21,50
19/06/2026,Cainta,69,HTIG,1.0,0.7,0.0,0.3,28,30,50
19/06/2026,Cainta,69,TOXOID BETT,5176.9,6.4,84.6,5255.1,40,45,50
19/06/2026,Cainta,69,TOXOID ABHAYTOX,321.3,1.4,0.0,319.9,29,27,50
19/06/2026,Cainta,69,PPD,10.0,0.3,0.0,9.7,24,32,50
19/06/2026,Cainta,69,HEPA B,46.7,1.4,0.0,45.3,27,35,50
19/06/2026,Cainta,69,HEPA BIG,1.2,1.4,13.2,13.0,31,34,50
19/06/2026,Cainta,69,FLU,38.2,0.7,0.0,37.5,34,36,50
19/06/2026,Cainta,69,AMOXICILLIN 500MG,5987.8,21.6,0.0,5966.2,28,23,140
19/06/2026,Cainta,69,CEFALEXIN 500 MG,9126.9,13.6,0.0,9113.3,29,33,100
19/06/2026,Cainta,69,MEFENAMIC 500 MG,7420.3,18.2,0.0,7402.1,25,29,120
19/06/2026,Cainta,69,INSULIN,952.1,27.0,0.0,925.1,32,43,150
19/06/2026,Cainta,69,1CC/3CC,2843.3,6.7,0.0,2836.6,23,25,50
19/06/2026,Cainta,69,5CC/10CC,3405.4,6.3,0.0,3399.1,41,37,50
19/06/2026,Cainta,69,CETIRIZINE,5590.7,15.0,0.0,5575.7,38,35,100
19/06/2026,Cainta,69,G23,1688.1,3.6,0.0,1684.5,29,26,50
19/06/2026,Cainta,69,G27,1654.4,3.5,0.0,1650.9,38,52,50
19/06/2026,Cainta,69,GAUZE PAD,233.0,6.5,0.0,226.5,17,22,50
19/06/2026,Cainta,69,COTTON BALLS,5867.9,33.7,0.0,5834.2,27,35,240
19/06/2026,Cainta,69,BETADINE,18.6,0.3,0.0,18.3,29,38,50
19/06/2026,Cainta,69,ALCOHOL,10.6,0.3,0.0,10.3,30,26,50
19/06/2026,Cainta,69,FACEMASK,1910.9,12.1,0.0,1898.8,38,46,100
19/06/2026,Cainta,69,GLOVES,2604.5,13.4,0.0,2591.1,44,54,100
19/06/2026,Cainta,69,MICROPRE,71.7,3.3,0.0,68.4,28,26,50
19/06/2026,Cainta,69,STERILE WATER,201.0,2.1,18.4,217.3,27,30,50
19/06/2026,Cainta,69,REF THERMOMETER,13.2,0.7,0.0,12.5,34,41,50
19/06/2026,Cainta,69,ACRYLIC CONTAINERS,31.0,1.4,0.0,29.6,25,33,50
19/06/2026,Cainta,69,COOLER,7.7,0.3,0.0,7.4,21,18,50
19/06/2026,Cainta,69,KIDNEY BASIN,23.2,1.4,0.0,21.8,44,59,50
19/06/2026,Cainta,69,WEIGHING SCALE,3.6,0.3,0.0,3.3,40,54,50
19/06/2026,Cainta,69,FORCEPS,9.7,1.4,0.0,8.3,44,60,50
19/06/2026,Cainta,69,BETADINE CONTAINER,3.6,0.7,0.0,2.9,23,18,50
19/06/2026,Cainta,69,ALCOHOL PUMP CONTAINER,14.2,0.7,0.0,13.5,18,17,50
20/06/2026,Cainta,12,SPEEDA,2943.0,1.9,0.0,2941.1,5,6,70
20/06/2026,Cainta,12,ABHAYRAB,377.2,0.6,47.9,424.5,7,7,50
20/06/2026,Cainta,12,VAXIRAB,240.1,0.6,0.0,239.5,4,3,50
20/06/2026,Cainta,12,CHIRORAB,6.7,0.6,0.0,6.1,4,5,50
20/06/2026,Cainta,12,ERIG,19.9,0.5,0.0,19.4,3,2,50
20/06/2026,Cainta,12,HRIG,5.6,0.2,19.7,25.1,7,7,50
20/06/2026,Cainta,12,"ATS 1,500 ""IU""",27.9,0.2,0.0,27.7,7,10,50
20/06/2026,Cainta,12,"ATS 3000 ""IU""",85.4,0.2,0.0,85.2,6,6,50
20/06/2026,Cainta,12,"ATS 5,000 ""IU""",48.2,0.2,0.0,48.0,3,4,50
20/06/2026,Cainta,12,HTIG,0.3,0.1,0.0,0.2,6,6,50
20/06/2026,Cainta,12,TOXOID BETT,5255.1,1.2,0.0,5253.9,5,5,50
20/06/2026,Cainta,12,TOXOID ABHAYTOX,319.9,0.2,0.0,319.7,4,3,50
20/06/2026,Cainta,12,PPD,9.7,0.1,0.0,9.6,4,4,50
20/06/2026,Cainta,12,HEPA B,45.3,0.2,10.7,55.8,5,5,50
20/06/2026,Cainta,12,HEPA BIG,13.0,0.2,0.0,12.8,5,7,50
20/06/2026,Cainta,12,FLU,37.5,0.1,0.0,37.4,8,11,50
20/06/2026,Cainta,12,AMOXICILLIN 500MG,5966.2,3.5,0.0,5962.7,5,4,140
20/06/2026,Cainta,12,CEFALEXIN 500 MG,9113.3,2.7,0.0,9110.6,5,4,100
20/06/2026,Cainta,12,MEFENAMIC 500 MG,7402.1,2.6,0.0,7399.5,6,7,120
20/06/2026,Cainta,12,INSULIN,925.1,3.4,0.0,921.7,6,7,150
20/06/2026,Cainta,12,1CC/3CC,2836.6,1.3,58.3,2893.6,3,3,50
20/06/2026,Cainta,12,5CC/10CC,3399.1,1.2,0.0,3397.9,6,6,50
20/06/2026,Cainta,12,CETIRIZINE,5575.7,2.5,0.0,5573.2,4,4,100
20/06/2026,Cainta,12,G23,1684.5,0.6,0.0,1683.9,5,6,50
20/06/2026,Cainta,12,G27,1650.9,0.6,0.0,1650.3,6,5,50
20/06/2026,Cainta,12,GAUZE PAD,226.5,1.2,0.0,225.3,6,7,50
20/06/2026,Cainta,12,COTTON BALLS,5834.2,6.9,0.0,5827.3,5,5,240
20/06/2026,Cainta,12,BETADINE,18.3,0.1,0.0,18.2,4,4,50
20/06/2026,Cainta,12,ALCOHOL,10.3,0.1,0.0,10.2,5,6,50
20/06/2026,Cainta,12,FACEMASK,1898.8,2.5,0.0,1896.3,5,5,100
20/06/2026,Cainta,12,GLOVES,2591.1,2.5,0.0,2588.6,7,9,100
20/06/2026,Cainta,12,MICROPRE,68.4,0.6,0.0,67.8,6,7,50
20/06/2026,Cainta,12,STERILE WATER,217.3,0.4,0.0,216.9,7,9,50
20/06/2026,Cainta,12,REF THERMOMETER,12.5,0.1,0.0,12.4,5,5,50
20/06/2026,Cainta,12,ACRYLIC CONTAINERS,29.6,0.2,0.0,29.4,7,7,50
20/06/2026,Cainta,12,COOLER,7.4,0.1,0.0,7.3,3,3,50
20/06/2026,Cainta,12,KIDNEY BASIN,21.8,0.2,0.0,21.6,4,5,50
20/06/2026,Cainta,12,WEIGHING SCALE,3.3,0.1,0.0,3.2,3,3,50
20/06/2026,Cainta,12,FORCEPS,8.3,0.2,0.0,8.1,3,3,50
20/06/2026,Cainta,12,BETADINE CONTAINER,2.9,0.1,0.0,2.8,7,6,50
20/06/2026,Cainta,12,ALCOHOL PUMP CONTAINER,13.5,0.1,0.0,13.4,6,6,50
21/06/2026,Cainta,34,SPEEDA,2941.1,5.0,51.5,2987.6,17,14,70
21/06/2026,Cainta,34,ABHAYRAB,424.5,1.7,0.0,422.8,16,16,50
21/06/2026,Cainta,34,VAXIRAB,239.5,1.8,0.0,237.7,16,18,50
21/06/2026,Cainta,34,CHIRORAB,6.1,1.7,0.0,4.4,17,23,50
21/06/2026,Cainta,34,ERIG,19.4,1.4,0.0,18.0,20,18,50
21/06/2026,Cainta,34,HRIG,25.1,0.7,17.0,41.4,17,14,50
21/06/2026,Cainta,34,"ATS 1,500 ""IU""",27.7,0.7,0.0,27.0,19,19,50
21/06/2026,Cainta,34,"ATS 3000 ""IU""",85.2,0.7,0.0,84.5,12,11,50
21/06/2026,Cainta,34,"ATS 5,000 ""IU""",48.0,0.7,0.0,47.3,22,27,50
21/06/2026,Cainta,34,HTIG,0.2,0.3,19.1,19.0,9,7,50
21/06/2026,Cainta,34,TOXOID BETT,5253.9,3.3,56.6,5307.2,14,19,50
21/06/2026,Cainta,34,TOXOID ABHAYTOX,319.7,0.7,0.0,319.0,20,26,50
21/06/2026,Cainta,34,PPD,9.6,0.2,0.0,9.4,11,12,50
21/06/2026,Cainta,34,HEPA B,55.8,0.7,0.0,55.1,10,14,50
21/06/2026,Cainta,34,HEPA BIG,12.8,0.7,0.0,12.1,13,15,50
21/06/2026,Cainta,34,FLU,37.4,0.3,0.0,37.1,14,20,50
21/06/2026,Cainta,34,AMOXICILLIN 500MG,5962.7,10.4,0.0,5952.3,21,20,140
21/06/2026,Cainta,34,CEFALEXIN 500 MG,9110.6,7.6,123.0,9226.0,20,28,100
21/06/2026,Cainta,34,MEFENAMIC 500 MG,7399.5,10.3,0.0,7389.2,15,14,120
21/06/2026,Cainta,34,INSULIN,921.7,9.2,0.0,912.5,22,22,150
21/06/2026,Cainta,34,1CC/3CC,2893.6,3.5,0.0,2890.1,17,23,50
21/06/2026,Cainta,34,5CC/10CC,3397.9,3.5,0.0,3394.4,20,20,50
21/06/2026,Cainta,34,CETIRIZINE,5573.2,7.6,0.0,5565.6,12,11,100
21/06/2026,Cainta,34,G23,1683.9,1.7,0.0,1682.2,15,13,50
21/06/2026,Cainta,34,G27,1650.3,1.6,0.0,1648.7,9,8,50
21/06/2026,Cainta,34,GAUZE PAD,225.3,3.4,0.0,221.9,9,9,50
21/06/2026,Cainta,34,COTTON BALLS,5827.3,13.5,0.0,5813.8,18,19,240
21/06/2026,Cainta,34,BETADINE,18.2,0.2,0.0,18.0,10,11,50
21/06/2026,Cainta,34,ALCOHOL,10.2,0.2,0.0,10.0,16,21,50
21/06/2026,Cainta,34,FACEMASK,1896.3,7.0,0.0,1889.3,18,15,100
21/06/2026,Cainta,34,GLOVES,2588.6,7.6,0.0,2581.0,9,12,100
21/06/2026,Cainta,34,MICROPRE,67.8,1.7,0.0,66.1,15,17,50
21/06/2026,Cainta,34,STERILE WATER,216.9,1.0,0.0,215.9,18,23,50
21/06/2026,Cainta,34,REF THERMOMETER,12.4,0.3,0.0,12.1,21,26,50
21/06/2026,Cainta,34,ACRYLIC CONTAINERS,29.4,0.7,0.0,28.7,13,17,50
21/06/2026,Cainta,34,COOLER,7.3,0.2,0.0,7.1,22,19,50
21/06/2026,Cainta,34,KIDNEY BASIN,21.6,0.7,0.0,20.9,20,23,50
21/06/2026,Cainta,34,WEIGHING SCALE,3.2,0.2,0.0,3.0,17,23,50
21/06/2026,Cainta,34,FORCEPS,8.1,0.7,0.0,7.4,14,17,50
21/06/2026,Cainta,34,BETADINE CONTAINER,2.8,0.3,0.0,2.5,18,15,50
21/06/2026,Cainta,34,ALCOHOL PUMP CONTAINER,13.4,0.3,0.0,13.1,20,23,50
22/06/2026,Cainta,71,SPEEDA,2987.6,10.8,0.0,2976.8,26,33,70
22/06/2026,Cainta,71,ABHAYRAB,422.8,3.7,0.0,419.1,46,44,50
22/06/2026,Cainta,71,VAXIRAB,237.7,3.4,0.0,234.3,44,52,50
22/06/2026,Cainta,71,CHIRORAB,4.4,3.6,0.0,0.8,32,42,50
22/06/2026,Cainta,71,ERIG,18.0,2.8,0.0,15.2,38,42,50
22/06/2026,Cainta,71,HRIG,41.4,1.4,0.0,40.0,33,30,50
22/06/2026,Cainta,71,"ATS 1,500 ""IU""",27.0,1.4,0.0,25.6,39,44,50
22/06/2026,Cainta,71,"ATS 3000 ""IU""",84.5,1.4,0.0,83.1,41,47,50
22/06/2026,Cainta,71,"ATS 5,000 ""IU""",47.3,1.4,0.0,45.9,18,19,50
22/06/2026,Cainta,71,HTIG,19.0,0.7,0.0,18.3,20,24,50
22/06/2026,Cainta,71,TOXOID BETT,5307.2,7.1,124.8,5424.9,27,29,50
22/06/2026,Cainta,71,TOXOID ABHAYTOX,319.0,1.4,21.1,338.7,44,58,50
22/06/2026,Cainta,71,PPD,9.4,0.4,0.0,9.0,29,37,50
22/06/2026,Cainta,71,HEPA B,55.1,1.4,0.0,53.7,43,55,50
22/06/2026,Cainta,71,HEPA BIG,12.1,1.4,0.0,10.7,31,35,50
22/06/2026,Cainta,71,FLU,37.1,0.7,0.0,36.4,26,24,50
22/06/2026,Cainta,71,AMOXICILLIN 500MG,5952.3,21.4,0.0,5930.9,43,53,140
22/06/2026,Cainta,71,CEFALEXIN 500 MG,9226.0,16.2,0.0,9209.8,34,29,100
22/06/2026,Cainta,71,MEFENAMIC 500 MG,7389.2,19.5,0.0,7369.7,28,31,120
22/06/2026,Cainta,71,INSULIN,912.5,21.3,0.0,891.2,19,16,150
22/06/2026,Cainta,71,1CC/3CC,2890.1,7.2,80.9,2963.8,21,23,50
22/06/2026,Cainta,71,5CC/10CC,3394.4,7.2,0.0,3387.2,22,27,50
22/06/2026,Cainta,71,CETIRIZINE,5565.6,14.8,0.0,5550.8,28,29,100
22/06/2026,Cainta,71,G23,1682.2,3.4,80.5,1759.3,35,37,50
22/06/2026,Cainta,71,G27,1648.7,3.5,0.0,1645.2,26,23,50
22/06/2026,Cainta,71,GAUZE PAD,221.9,6.6,0.0,215.3,20,20,50
22/06/2026,Cainta,71,COTTON BALLS,5813.8,45.8,343.5,6111.5,25,27,240
22/06/2026,Cainta,71,BETADINE,18.0,0.4,0.0,17.6,29,38,50
22/06/2026,Cainta,71,ALCOHOL,10.0,0.4,0.0,9.6,46,62,50
22/06/2026,Cainta,71,FACEMASK,1889.3,15.5,0.0,1873.8,29,40,100
22/06/2026,Cainta,71,GLOVES,2581.0,14.8,0.0,2566.2,20,17,100
22/06/2026,Cainta,71,MICROPRE,66.1,3.4,0.0,62.7,34,33,50
22/06/2026,Cainta,71,STERILE WATER,215.9,2.1,0.0,213.8,44,47,50
22/06/2026,Cainta,71,REF THERMOMETER,12.1,0.7,0.0,11.4,40,47,50
22/06/2026,Cainta,71,ACRYLIC CONTAINERS,28.7,1.4,0.0,27.3,41,50,50
22/06/2026,Cainta,71,COOLER,7.1,0.4,0.0,6.7,44,56,50
22/06/2026,Cainta,71,KIDNEY BASIN,20.9,1.4,0.0,19.5,36,40,50
22/06/2026,Cainta,71,WEIGHING SCALE,3.0,0.4,0.0,2.6,46,52,50
22/06/2026,Cainta,71,FORCEPS,7.4,1.4,0.0,6.0,19,26,50
22/06/2026,Cainta,71,BETADINE CONTAINER,2.5,0.7,0.0,1.8,41,39,50
22/06/2026,Cainta,71,ALCOHOL PUMP CONTAINER,13.1,0.7,0.0,12.4,42,54,50
23/06/2026,Cainta,54,SPEEDA,2976.8,8.1,0.0,2968.7,33,40,70
23/06/2026,Cainta,54,ABHAYRAB,419.1,2.7,0.0,416.4,24,21,50
23/06/2026,Cainta,54,VAXIRAB,234.3,2.6,0.0,231.7,31,42,50
23/06/2026,Cainta,54,CHIRORAB,0.8,2.7,20.9,19.0,18,24,50
23/06/2026,Cainta,54,ERIG,15.2,2.1,0.0,13.1,27,34,50
23/06/2026,Cainta,54,HRIG,40.0,1.1,0.0,38.9,21,18,50
23/06/2026,Cainta,54,"ATS 1,500 ""IU""",25.6,1.1,0.0,24.5,26,23,50
23/06/2026,Cainta,54,"ATS 3000 ""IU""",83.1,1.1,0.0,82.0,28,34,50
23/06/2026,Cainta,54,"ATS 5,000 ""IU""",45.9,1.1,0.0,44.8,21,18,50
23/06/2026,Cainta,54,HTIG,18.3,0.5,0.0,17.8,18,16,50
23/06/2026,Cainta,54,TOXOID BETT,5424.9,5.3,0.0,5419.6,20,21,50
23/06/2026,Cainta,54,TOXOID ABHAYTOX,338.7,1.1,0.0,337.6,28,22,50
23/06/2026,Cainta,54,PPD,9.0,0.3,0.0,8.7,28,35,50
23/06/2026,Cainta,54,HEPA B,53.7,1.1,0.0,52.6,30,34,50
23/06/2026,Cainta,54,HEPA BIG,10.7,1.1,0.0,9.6,16,14,50
23/06/2026,Cainta,54,FLU,36.4,0.5,0.0,35.9,31,35,50
23/06/2026,Cainta,54,AMOXICILLIN 500MG,5930.9,13.6,0.0,5917.3,28,23,140
23/06/2026,Cainta,54,CEFALEXIN 500 MG,9209.8,9.7,0.0,9200.1,14,12,100
23/06/2026,Cainta,54,MEFENAMIC 500 MG,7369.7,11.0,0.0,7358.7,21,23,120
23/06/2026,Cainta,54,INSULIN,891.2,15.9,0.0,875.3,24,26,150
23/06/2026,Cainta,54,1CC/3CC,2963.8,5.9,91.1,3049.0,21,21,50
23/06/2026,Cainta,54,5CC/10CC,3387.2,5.4,0.0,3381.8,16,19,50
23/06/2026,Cainta,54,CETIRIZINE,5550.8,11.1,0.0,5539.7,18,19,100
23/06/2026,Cainta,54,G23,1759.3,2.8,0.0,1756.5,14,16,50
23/06/2026,Cainta,54,G27,1645.2,2.7,0.0,1642.5,16,16,50
23/06/2026,Cainta,54,GAUZE PAD,215.3,6.0,22.3,231.6,19,23,50
23/06/2026,Cainta,54,COTTON BALLS,6111.5,40.2,0.0,6071.3,31,36,240
23/06/2026,Cainta,54,BETADINE,17.6,0.3,0.0,17.3,25,22,50
23/06/2026,Cainta,54,ALCOHOL,9.6,0.3,0.0,9.3,23,28,50
23/06/2026,Cainta,54,FACEMASK,1873.8,11.6,0.0,1862.2,28,36,100
23/06/2026,Cainta,54,GLOVES,2566.2,10.4,51.3,2607.1,25,21,100
23/06/2026,Cainta,54,MICROPRE,62.7,2.6,24.3,84.4,16,19,50
23/06/2026,Cainta,54,STERILE WATER,213.8,1.7,0.0,212.1,18,23,50
23/06/2026,Cainta,54,REF THERMOMETER,11.4,0.5,0.0,10.9,18,16,50
23/06/2026,Cainta,54,ACRYLIC CONTAINERS,27.3,1.1,0.0,26.2,26,35,50
23/06/2026,Cainta,54,COOLER,6.7,0.3,0.0,6.4,23,24,50
23/06/2026,Cainta,54,KIDNEY BASIN,19.5,1.1,0.0,18.4,22,27,50
23/06/2026,Cainta,54,WEIGHING SCALE,2.6,0.3,0.0,2.3,26,35,50
23/06/2026,Cainta,54,FORCEPS,6.0,1.1,0.0,4.9,34,47,50
23/06/2026,Cainta,54,BETADINE CONTAINER,1.8,0.5,0.0,1.3,20,23,50
23/06/2026,Cainta,54,ALCOHOL PUMP CONTAINER,12.4,0.5,0.0,11.9,25,31,50
24/06/2026,Cainta,38,SPEEDA,2968.7,6.0,0.0,2962.7,17,16,70
24/06/2026,Cainta,38,ABHAYRAB,416.4,2.0,0.0,414.4,20,19,50
24/06/2026,Cainta,38,VAXIRAB,231.7,1.8,0.0,229.9,21,28,50
24/06/2026,Cainta,38,CHIRORAB,19.0,1.9,0.0,17.1,21,22,50
24/06/2026,Cainta,38,ERIG,13.1,1.5,0.0,11.6,13,17,50
24/06/2026,Cainta,38,HRIG,38.9,0.8,0.0,38.1,16,13,50
24/06/2026,Cainta,38,"ATS 1,500 ""IU""",24.5,0.8,0.0,23.7,22,20,50
24/06/2026,Cainta,38,"ATS 3000 ""IU""",82.0,0.8,12.3,93.5,15,14,50
24/06/2026,Cainta,38,"ATS 5,000 ""IU""",44.8,0.8,23.7,67.7,24,27,50
24/06/2026,Cainta,38,HTIG,17.8,0.4,0.0,17.4,15,13,50
24/06/2026,Cainta,38,TOXOID BETT,5419.6,4.0,0.0,5415.6,17,17,50
24/06/2026,Cainta,38,TOXOID ABHAYTOX,337.6,0.8,38.7,375.5,17,24,50
24/06/2026,Cainta,38,PPD,8.7,0.2,0.0,8.5,16,20,50
24/06/2026,Cainta,38,HEPA B,52.6,0.8,0.0,51.8,22,28,50
24/06/2026,Cainta,38,HEPA BIG,9.6,0.8,0.0,8.8,12,11,50
24/06/2026,Cainta,38,FLU,35.9,0.4,0.0,35.5,18,18,50
24/06/2026,Cainta,38,AMOXICILLIN 500MG,5917.3,11.3,0.0,5906.0,19,23,140
24/06/2026,Cainta,38,CEFALEXIN 500 MG,9200.1,8.7,0.0,9191.4,22,18,100
24/06/2026,Cainta,38,MEFENAMIC 500 MG,7358.7,7.3,0.0,7351.4,19,20,120
24/06/2026,Cainta,38,INSULIN,875.3,9.2,0.0,866.1,24,33,150
24/06/2026,Cainta,38,1CC/3CC,3049.0,3.9,0.0,3045.1,23,20,50
24/06/2026,Cainta,38,5CC/10CC,3381.8,3.8,0.0,3378.0,15,20,50
24/06/2026,Cainta,38,CETIRIZINE,5539.7,8.1,188.8,5720.4,23,21,100
24/06/2026,Cainta,38,G23,1756.5,1.9,0.0,1754.6,24,22,50
24/06/2026,Cainta,38,G27,1642.5,1.9,0.0,1640.6,13,12,50
24/06/2026,Cainta,38,GAUZE PAD,231.6,3.6,0.0,228.0,19,26,50
24/06/2026,Cainta,38,COTTON BALLS,6071.3,21.3,0.0,6050.0,14,16,240
24/06/2026,Cainta,38,BETADINE,17.3,0.2,0.0,17.1,19,24,50
24/06/2026,Cainta,38,ALCOHOL,9.3,0.2,0.0,9.1,11,11,50
24/06/2026,Cainta,38,FACEMASK,1862.2,9.3,0.0,1852.9,21,28,100
24/06/2026,Cainta,38,GLOVES,2607.1,7.8,0.0,2599.3,16,18,100
24/06/2026,Cainta,38,MICROPRE,84.4,1.9,0.0,82.5,18,21,50
24/06/2026,Cainta,38,STERILE WATER,212.1,1.1,0.0,211.0,10,13,50
24/06/2026,Cainta,38,REF THERMOMETER,10.9,0.4,0.0,10.5,20,25,50
24/06/2026,Cainta,38,ACRYLIC CONTAINERS,26.2,0.8,0.0,25.4,17,21,50
24/06/2026,Cainta,38,COOLER,6.4,0.2,0.0,6.2,19,17,50
24/06/2026,Cainta,38,KIDNEY BASIN,18.4,0.8,0.0,17.6,14,18,50
24/06/2026,Cainta,38,WEIGHING SCALE,2.3,0.2,0.0,2.1,12,11,50
24/06/2026,Cainta,38,FORCEPS,4.9,0.8,0.0,4.1,16,22,50
24/06/2026,Cainta,38,BETADINE CONTAINER,1.3,0.4,0.0,0.9,24,25,50
24/06/2026,Cainta,38,ALCOHOL PUMP CONTAINER,11.9,0.4,0.0,11.5,13,11,50
25/06/2026,Cainta,10,SPEEDA,2962.7,1.5,0.0,2961.2,5,5,70
25/06/2026,Cainta,10,ABHAYRAB,414.4,0.5,0.0,413.9,3,3,50
25/06/2026,Cainta,10,VAXIRAB,229.9,0.5,0.0,229.4,5,5,50
25/06/2026,Cainta,10,CHIRORAB,17.1,0.5,0.0,16.6,3,4,50
25/06/2026,Cainta,10,ERIG,11.6,0.4,0.0,11.2,4,5,50
25/06/2026,Cainta,10,HRIG,38.1,0.2,0.0,37.9,4,4,50
25/06/2026,Cainta,10,"ATS 1,500 ""IU""",23.7,0.2,0.0,23.5,3,3,50
25/06/2026,Cainta,10,"ATS 3000 ""IU""",93.5,0.2,0.0,93.3,4,5,50
25/06/2026,Cainta,10,"ATS 5,000 ""IU""",67.7,0.2,0.0,67.5,4,5,50
25/06/2026,Cainta,10,HTIG,17.4,0.1,0.0,17.3,5,5,50
25/06/2026,Cainta,10,TOXOID BETT,5415.6,1.0,0.0,5414.6,6,8,50
25/06/2026,Cainta,10,TOXOID ABHAYTOX,375.5,0.2,0.0,375.3,4,3,50
25/06/2026,Cainta,10,PPD,8.5,0.0,0.0,8.5,6,7,50
25/06/2026,Cainta,10,HEPA B,51.8,0.2,0.0,51.6,4,5,50
25/06/2026,Cainta,10,HEPA BIG,8.8,0.2,0.0,8.6,3,3,50
25/06/2026,Cainta,10,FLU,35.5,0.1,0.0,35.4,3,2,50
25/06/2026,Cainta,10,AMOXICILLIN 500MG,5906.0,3.6,0.0,5902.4,4,5,140
25/06/2026,Cainta,10,CEFALEXIN 500 MG,9191.4,1.9,0.0,9189.5,4,4,100
25/06/2026,Cainta,10,MEFENAMIC 500 MG,7351.4,2.5,0.0,7348.9,6,5,120
25/06/2026,Cainta,10,INSULIN,866.1,3.3,0.0,862.8,5,4,150
25/06/2026,Cainta,10,1CC/3CC,3045.1,1.1,0.0,3044.0,5,6,50
25/06/2026,Cainta,10,5CC/10CC,3378.0,1.0,0.0,3377.0,4,4,50
25/06/2026,Cainta,10,CETIRIZINE,5720.4,2.0,0.0,5718.4,4,4,100
25/06/2026,Cainta,10,G23,1754.6,0.5,0.0,1754.1,5,7,50
25/06/2026,Cainta,10,G27,1640.6,0.5,0.0,1640.1,3,4,50
25/06/2026,Cainta,10,GAUZE PAD,228.0,1.0,45.1,272.1,3,3,50
25/06/2026,Cainta,10,COTTON BALLS,6050.0,5.4,0.0,6044.6,4,4,240
25/06/2026,Cainta,10,BETADINE,17.1,0.0,0.0,17.1,3,3,50
25/06/2026,Cainta,10,ALCOHOL,9.1,0.1,0.0,9.0,5,5,50
25/06/2026,Cainta,10,FACEMASK,1852.9,2.1,0.0,1850.8,3,3,100
25/06/2026,Cainta,10,GLOVES,2599.3,1.8,0.0,2597.5,3,3,100
25/06/2026,Cainta,10,MICROPRE,82.5,0.5,0.0,82.0,6,5,50
25/06/2026,Cainta,10,STERILE WATER,211.0,0.3,0.0,210.7,6,7,50
25/06/2026,Cainta,10,REF THERMOMETER,10.5,0.1,0.0,10.4,4,4,50
25/06/2026,Cainta,10,ACRYLIC CONTAINERS,25.4,0.2,0.0,25.2,4,4,50
25/06/2026,Cainta,10,COOLER,6.2,0.0,0.0,6.2,6,8,50
25/06/2026,Cainta,10,KIDNEY BASIN,17.6,0.2,0.0,17.4,3,3,50
25/06/2026,Cainta,10,WEIGHING SCALE,2.1,0.0,0.0,2.1,4,5,50
25/06/2026,Cainta,10,FORCEPS,4.1,0.2,0.0,3.9,3,3,50
25/06/2026,Cainta,10,BETADINE CONTAINER,0.9,0.1,0.0,0.8,4,5,50
25/06/2026,Cainta,10,ALCOHOL PUMP CONTAINER,11.5,0.1,0.0,11.4,6,5,50
26/06/2026,Cainta,61,SPEEDA,2961.2,9.0,0.0,2952.2,34,27,70
26/06/2026,Cainta,61,ABHAYRAB,413.9,3.0,0.0,410.9,39,50,50
26/06/2026,Cainta,61,VAXIRAB,229.4,2.9,0.0,226.5,33,36,50
26/06/2026,Cainta,61,CHIRORAB,16.6,3.1,0.0,13.5,30,25,50
26/06/2026,Cainta,61,ERIG,11.2,2.4,0.0,8.8,34,34,50
26/06/2026,Cainta,61,HRIG,37.9,1.2,0.0,36.7,31,34,50
26/06/2026,Cainta,61,"ATS 1,500 ""IU""",23.5,1.2,0.0,22.3,27,24,50
26/06/2026,Cainta,61,"ATS 3000 ""IU""",93.3,1.2,0.0,92.1,22,25,50
26/06/2026,Cainta,61,"ATS 5,000 ""IU""",67.5,1.2,0.0,66.3,28,31,50
26/06/2026,Cainta,61,HTIG,17.3,0.6,0.0,16.7,22,26,50
26/06/2026,Cainta,61,TOXOID BETT,5414.6,5.8,0.0,5408.8,27,35,50
26/06/2026,Cainta,61,TOXOID ABHAYTOX,375.3,1.2,0.0,374.1,19,20,50
26/06/2026,Cainta,61,PPD,8.5,0.3,0.0,8.2,29,39,50
26/06/2026,Cainta,61,HEPA B,51.6,1.2,0.0,50.4,21,23,50
26/06/2026,Cainta,61,HEPA BIG,8.6,1.2,0.0,7.4,22,24,50
26/06/2026,Cainta,61,FLU,35.4,0.6,0.0,34.8,27,32,50
26/06/2026,Cainta,61,AMOXICILLIN 500MG,5902.4,23.5,0.0,5878.9,19,22,140
26/06/2026,Cainta,61,CEFALEXIN 500 MG,9189.5,11.6,178.1,9356.0,39,31,100
26/06/2026,Cainta,61,MEFENAMIC 500 MG,7348.9,14.4,0.0,7334.5,26,36,120
26/06/2026,Cainta,61,INSULIN,862.8,17.5,0.0,845.3,24,33,150
26/06/2026,Cainta,61,1CC/3CC,3044.0,5.8,113.2,3151.4,16,16,50
26/06/2026,Cainta,61,5CC/10CC,3377.0,5.6,0.0,3371.4,36,41,50
26/06/2026,Cainta,61,CETIRIZINE,5718.4,13.6,0.0,5704.8,31,39,100
26/06/2026,Cainta,61,G23,1754.1,2.9,0.0,1751.2,25,34,50
26/06/2026,Cainta,61,G27,1640.1,3.1,0.0,1637.0,21,24,50
26/06/2026,Cainta,61,GAUZE PAD,272.1,6.4,0.0,265.7,33,27,50
26/06/2026,Cainta,61,COTTON BALLS,6044.6,22.8,0.0,6021.8,38,46,240
26/06/2026,Cainta,61,BETADINE,17.1,0.3,1.0,17.8,25,21,50
26/06/2026,Cainta,61,ALCOHOL,9.0,0.3,0.0,8.7,19,23,50
26/06/2026,Cainta,61,FACEMASK,1850.8,12.9,0.0,1837.9,18,21,100
26/06/2026,Cainta,61,GLOVES,2597.5,11.5,0.0,2586.0,15,18,100
26/06/2026,Cainta,61,MICROPRE,82.0,3.2,0.0,78.8,33,30,50
26/06/2026,Cainta,61,STERILE WATER,210.7,1.9,0.0,208.8,39,43,50
26/06/2026,Cainta,61,REF THERMOMETER,10.4,0.6,0.0,9.8,39,46,50
26/06/2026,Cainta,61,ACRYLIC CONTAINERS,25.2,1.2,0.0,24.0,34,33,50
26/06/2026,Cainta,61,COOLER,6.2,0.3,0.0,5.9,19,17,50
26/06/2026,Cainta,61,KIDNEY BASIN,17.4,1.2,0.0,16.2,39,36,50
26/06/2026,Cainta,61,WEIGHING SCALE,2.1,0.3,0.0,1.8,23,30,50
26/06/2026,Cainta,61,FORCEPS,3.9,1.2,0.0,2.7,23,25,50
26/06/2026,Cainta,61,BETADINE CONTAINER,0.8,0.6,0.0,0.2,32,38,50
26/06/2026,Cainta,61,ALCOHOL PUMP CONTAINER,11.4,0.6,0.0,10.8,16,18,50
27/06/2026,Cainta,50,SPEEDA,2952.2,7.6,154.5,3099.1,29,38,70
27/06/2026,Cainta,50,ABHAYRAB,410.9,2.5,0.0,408.4,32,35,50
27/06/2026,Cainta,50,VAXIRAB,226.5,2.5,0.0,224.0,28,24,50
27/06/2026,Cainta,50,CHIRORAB,13.5,2.4,0.0,11.1,28,26,50
27/06/2026,Cainta,50,ERIG,8.8,2.0,0.0,6.8,20,16,50
27/06/2026,Cainta,50,HRIG,36.7,1.0,0.0,35.7,14,18,50
27/06/2026,Cainta,50,"ATS 1,500 ""IU""",22.3,1.0,0.0,21.3,28,34,50
27/06/2026,Cainta,50,"ATS 3000 ""IU""",92.1,1.0,0.0,91.1,24,30,50
27/06/2026,Cainta,50,"ATS 5,000 ""IU""",66.3,1.0,0.0,65.3,31,38,50
27/06/2026,Cainta,50,HTIG,16.7,0.5,0.0,16.2,15,19,50
27/06/2026,Cainta,50,TOXOID BETT,5408.8,4.7,0.0,5404.1,19,26,50
27/06/2026,Cainta,50,TOXOID ABHAYTOX,374.1,1.0,0.0,373.1,20,24,50
27/06/2026,Cainta,50,PPD,8.2,0.2,0.0,8.0,26,25,50
27/06/2026,Cainta,50,HEPA B,50.4,1.0,0.0,49.4,28,24,50
27/06/2026,Cainta,50,HEPA BIG,7.4,1.0,0.0,6.4,32,37,50
27/06/2026,Cainta,50,FLU,34.8,0.5,0.0,34.3,18,23,50
27/06/2026,Cainta,50,AMOXICILLIN 500MG,5878.9,14.9,0.0,5864.0,22,25,140
27/06/2026,Cainta,50,CEFALEXIN 500 MG,9356.0,10.0,0.0,9346.0,13,13,100
27/06/2026,Cainta,50,MEFENAMIC 500 MG,7334.5,10.9,0.0,7323.6,18,22,120
27/06/2026,Cainta,50,INSULIN,845.3,14.3,0.0,831.0,20,21,150
27/06/2026,Cainta,50,1CC/3CC,3151.4,4.8,0.0,3146.6,24,23,50
27/06/2026,Cainta,50,5CC/10CC,3371.4,5.1,0.0,3366.3,22,29,50
27/06/2026,Cainta,50,CETIRIZINE,5704.8,9.1,0.0,5695.7,20,23,100
27/06/2026,Cainta,50,G23,1751.2,2.6,0.0,1748.6,25,24,50
27/06/2026,Cainta,50,G27,1637.0,2.4,109.3,1743.9,29,29,50
27/06/2026,Cainta,50,GAUZE PAD,265.7,4.8,0.0,260.9,17,19,50
27/06/2026,Cainta,50,COTTON BALLS,6021.8,35.0,0.0,5986.8,19,20,240
27/06/2026,Cainta,50,BETADINE,17.8,0.2,0.0,17.6,27,24,50
27/06/2026,Cainta,50,ALCOHOL,8.7,0.2,0.0,8.5,28,33,50
27/06/2026,Cainta,50,FACEMASK,1837.9,10.2,0.0,1827.7,29,35,100
27/06/2026,Cainta,50,GLOVES,2586.0,9.5,0.0,2576.5,17,14,100
27/06/2026,Cainta,50,MICROPRE,78.8,2.4,0.0,76.4,23,26,50
27/06/2026,Cainta,50,STERILE WATER,208.8,1.5,0.0,207.3,31,36,50
27/06/2026,Cainta,50,REF THERMOMETER,9.8,0.5,0.0,9.3,20,20,50
27/06/2026,Cainta,50,ACRYLIC CONTAINERS,24.0,1.0,20.4,43.4,21,21,50
27/06/2026,Cainta,50,COOLER,5.9,0.2,0.0,5.7,32,32,50
27/06/2026,Cainta,50,KIDNEY BASIN,16.2,1.0,0.0,15.2,15,16,50
27/06/2026,Cainta,50,WEIGHING SCALE,1.8,0.3,0.0,1.5,27,35,50
27/06/2026,Cainta,50,FORCEPS,2.7,1.0,0.0,1.7,30,32,50
27/06/2026,Cainta,50,BETADINE CONTAINER,0.2,0.5,10.3,10.0,16,22,50
27/06/2026,Cainta,50,ALCOHOL PUMP CONTAINER,10.8,0.5,0.0,10.3,27,28,50
28/06/2026,Cainta,10,SPEEDA,3099.1,1.5,0.0,3097.6,4,5,70
28/06/2026,Cainta,10,ABHAYRAB,408.4,0.5,0.0,407.9,6,7,50
28/06/2026,Cainta,10,VAXIRAB,224.0,0.5,0.0,223.5,6,8,50
28/06/2026,Cainta,10,CHIRORAB,11.1,0.5,0.0,10.6,6,8,50
28/06/2026,Cainta,10,ERIG,6.8,0.4,0.0,6.4,3,3,50
28/06/2026,Cainta,10,HRIG,35.7,0.2,0.0,35.5,6,7,50
28/06/2026,Cainta,10,"ATS 1,500 ""IU""",21.3,0.2,0.0,21.1,6,8,50
28/06/2026,Cainta,10,"ATS 3000 ""IU""",91.1,0.2,0.0,90.9,5,7,50
28/06/2026,Cainta,10,"ATS 5,000 ""IU""",65.3,0.2,0.0,65.1,5,7,50
28/06/2026,Cainta,10,HTIG,16.2,0.1,0.0,16.1,3,3,50
28/06/2026,Cainta,10,TOXOID BETT,5404.1,1.0,0.0,5403.1,6,5,50
28/06/2026,Cainta,10,TOXOID ABHAYTOX,373.1,0.2,0.0,372.9,3,3,50
28/06/2026,Cainta,10,PPD,8.0,0.0,0.0,8.0,4,5,50
28/06/2026,Cainta,10,HEPA B,49.4,0.2,0.0,49.2,6,5,50
28/06/2026,Cainta,10,HEPA BIG,6.4,0.2,0.0,6.2,6,6,50
28/06/2026,Cainta,10,FLU,34.3,0.1,0.0,34.2,6,7,50
28/06/2026,Cainta,10,AMOXICILLIN 500MG,5864.0,2.6,0.0,5861.4,4,4,140
28/06/2026,Cainta,10,CEFALEXIN 500 MG,9346.0,2.1,0.0,9343.9,3,4,100
28/06/2026,Cainta,10,MEFENAMIC 500 MG,7323.6,2.6,0.0,7321.0,4,4,120
28/06/2026,Cainta,10,INSULIN,831.0,2.1,81.0,909.9,3,4,150
28/06/2026,Cainta,10,1CC/3CC,3146.6,1.0,0.0,3145.6,6,6,50
28/06/2026,Cainta,10,5CC/10CC,3366.3,1.0,0.0,3365.3,5,6,50
28/06/2026,Cainta,10,CETIRIZINE,5695.7,2.0,280.5,5974.2,4,5,100
28/06/2026,Cainta,10,G23,1748.6,0.5,0.0,1748.1,3,3,50
28/06/2026,Cainta,10,G27,1743.9,0.5,0.0,1743.4,4,4,50
28/06/2026,Cainta,10,GAUZE PAD,260.9,1.0,0.0,259.9,6,8,50
28/06/2026,Cainta,10,COTTON BALLS,5986.8,3.7,433.0,6416.1,5,6,240
28/06/2026,Cainta,10,BETADINE,17.6,0.1,0.0,17.5,3,3,50
28/06/2026,Cainta,10,ALCOHOL,8.5,0.1,0.0,8.4,3,4,50
28/06/2026,Cainta,10,FACEMASK,1827.7,1.8,0.0,1825.9,4,4,100
28/06/2026,Cainta,10,GLOVES,2576.5,1.9,0.0,2574.6,3,3,100
28/06/2026,Cainta,10,MICROPRE,76.4,0.5,0.0,75.9,6,6,50
28/06/2026,Cainta,10,STERILE WATER,207.3,0.3,0.0,207.0,5,5,50
28/06/2026,Cainta,10,REF THERMOMETER,9.3,0.1,0.0,9.2,3,2,50
28/06/2026,Cainta,10,ACRYLIC CONTAINERS,43.4,0.2,0.0,43.2,6,6,50
28/06/2026,Cainta,10,COOLER,5.7,0.1,0.0,5.6,4,3,50
28/06/2026,Cainta,10,KIDNEY BASIN,15.2,0.2,0.0,15.0,3,3,50
28/06/2026,Cainta,10,WEIGHING SCALE,1.5,0.0,0.0,1.5,5,6,50
28/06/2026,Cainta,10,FORCEPS,1.7,0.2,0.0,1.5,3,4,50
28/06/2026,Cainta,10,BETADINE CONTAINER,10.0,0.1,0.0,9.9,4,3,50
28/06/2026,Cainta,10,ALCOHOL PUMP CONTAINER,10.3,0.1,0.0,10.2,6,5,50
29/06/2026,Cainta,22,SPEEDA,3097.6,3.4,0.0,3094.2,14,17,70
29/06/2026,Cainta,22,ABHAYRAB,407.9,1.1,0.0,406.8,9,10,50
29/06/2026,Cainta,22,VAXIRAB,223.5,1.1,0.0,222.4,11,14,50
29/06/2026,Cainta,22,CHIRORAB,10.6,1.2,0.0,9.4,7,6,50
29/06/2026,Cainta,22,ERIG,6.4,0.9,25.9,31.4,10,9,50
29/06/2026,Cainta,22,HRIG,35.5,0.4,0.0,35.1,8,8,50
29/06/2026,Cainta,22,"ATS 1,500 ""IU""",21.1,0.4,0.0,20.7,11,13,50
29/06/2026,Cainta,22,"ATS 3000 ""IU""",90.9,0.4,0.0,90.5,7,8,50
29/06/2026,Cainta,22,"ATS 5,000 ""IU""",65.1,0.4,0.0,64.7,14,12,50
29/06/2026,Cainta,22,HTIG,16.1,0.2,0.0,15.9,13,11,50
29/06/2026,Cainta,22,TOXOID BETT,5403.1,2.1,0.0,5401.0,8,10,50
29/06/2026,Cainta,22,TOXOID ABHAYTOX,372.9,0.4,0.0,372.5,12,12,50
29/06/2026,Cainta,22,PPD,8.0,0.1,0.0,7.9,6,7,50
29/06/2026,Cainta,22,HEPA B,49.2,0.4,0.0,48.8,12,12,50
29/06/2026,Cainta,22,HEPA BIG,6.2,0.4,0.0,5.8,8,8,50
29/06/2026,Cainta,22,FLU,34.2,0.2,0.0,34.0,7,6,50
29/06/2026,Cainta,22,AMOXICILLIN 500MG,5861.4,5.2,0.0,5856.2,11,15,140
29/06/2026,Cainta,22,CEFALEXIN 500 MG,9343.9,3.8,0.0,9340.1,10,8,100
29/06/2026,Cainta,22,MEFENAMIC 500 MG,7321.0,5.7,0.0,7315.3,10,9,120
29/06/2026,Cainta,22,INSULIN,909.9,5.9,0.0,904.0,10,13,150
29/06/2026,Cainta,22,1CC/3CC,3145.6,2.3,0.0,3143.3,6,5,50
29/06/2026,Cainta,22,5CC/10CC,3365.3,2.2,0.0,3363.1,6,6,50
29/06/2026,Cainta,22,CETIRIZINE,5974.2,4.7,226.9,6196.4,11,11,100
29/06/2026,Cainta,22,G23,1748.1,1.1,63.7,1810.7,11,13,50
29/06/2026,Cainta,22,G27,1743.4,1.1,0.0,1742.3,6,6,50
29/06/2026,Cainta,22,GAUZE PAD,259.9,2.1,0.0,257.8,9,12,50
29/06/2026,Cainta,22,COTTON BALLS,6416.1,13.1,0.0,6403.0,11,14,240
29/06/2026,Cainta,22,BETADINE,17.5,0.1,0.0,17.4,11,12,50
29/06/2026,Cainta,22,ALCOHOL,8.4,0.1,0.0,8.3,13,12,50
29/06/2026,Cainta,22,FACEMASK,1825.9,5.1,0.0,1820.8,9,11,100
29/06/2026,Cainta,22,GLOVES,2574.6,4.3,0.0,2570.3,10,13,100
29/06/2026,Cainta,22,MICROPRE,75.9,1.1,0.0,74.8,11,14,50
29/06/2026,Cainta,22,STERILE WATER,207.0,0.7,0.0,206.3,8,7,50
29/06/2026,Cainta,22,REF THERMOMETER,9.2,0.2,0.0,9.0,6,7,50
29/06/2026,Cainta,22,ACRYLIC CONTAINERS,43.2,0.4,0.0,42.8,6,7,50
29/06/2026,Cainta,22,COOLER,5.6,0.1,0.0,5.5,13,18,50
29/06/2026,Cainta,22,KIDNEY BASIN,15.0,0.4,0.0,14.6,7,7,50
29/06/2026,Cainta,22,WEIGHING SCALE,1.5,0.1,1.1,2.5,11,14,50
29/06/2026,Cainta,22,FORCEPS,1.5,0.4,0.0,1.1,11,13,50
29/06/2026,Cainta,22,BETADINE CONTAINER,9.9,0.2,0.0,9.7,9,12,50
29/06/2026,Cainta,22,ALCOHOL PUMP CONTAINER,10.2,0.2,0.0,10.0,13,16,50
30/06/2026,Cainta,58,SPEEDA,3094.2,9.1,0.0,3085.1,31,41,70
30/06/2026,Cainta,58,ABHAYRAB,406.8,2.9,0.0,403.9,15,15,50
30/06/2026,Cainta,58,VAXIRAB,222.4,2.9,0.0,219.5,33,30,50
30/06/2026,Cainta,58,CHIRORAB,9.4,2.9,0.0,6.5,26,26,50
30/06/2026,Cainta,58,ERIG,31.4,2.3,0.0,29.1,23,30,50
30/06/2026,Cainta,58,HRIG,35.1,1.2,0.0,33.9,31,27,50
30/06/2026,Cainta,58,"ATS 1,500 ""IU""",20.7,1.1,0.0,19.6,30,35,50
30/06/2026,Cainta,58,"ATS 3000 ""IU""",90.5,1.2,0.0,89.3,22,31,50
30/06/2026,Cainta,58,"ATS 5,000 ""IU""",64.7,1.2,0.0,63.5,37,49,50
30/06/2026,Cainta,58,HTIG,15.9,0.6,0.0,15.3,30,36,50
30/06/2026,Cainta,58,TOXOID BETT,5401.0,5.7,0.0,5395.3,29,37,50
30/06/2026,Cainta,58,TOXOID ABHAYTOX,372.5,1.2,0.0,371.3,16,14,50
30/06/2026,Cainta,58,PPD,7.9,0.3,0.0,7.6,21,23,50
30/06/2026,Cainta,58,HEPA B,48.8,1.2,0.0,47.6,25,28,50
30/06/2026,Cainta,58,HEPA BIG,5.8,1.2,0.0,4.6,29,37,50
30/06/2026,Cainta,58,FLU,34.0,0.6,0.0,33.4,26,25,50
30/06/2026,Cainta,58,AMOXICILLIN 500MG,5856.2,20.6,0.0,5835.6,32,28,140
30/06/2026,Cainta,58,CEFALEXIN 500 MG,9340.1,10.0,0.0,9330.1,21,26,100
30/06/2026,Cainta,58,MEFENAMIC 500 MG,7315.3,13.9,0.0,7301.4,31,34,120
30/06/2026,Cainta,58,INSULIN,904.0,21.3,0.0,882.7,33,43,150
30/06/2026,Cainta,58,1CC/3CC,3143.3,6.1,0.0,3137.2,32,35,50
30/06/2026,Cainta,58,5CC/10CC,3363.1,5.9,0.0,3357.2,32,42,50
30/06/2026,Cainta,58,CETIRIZINE,6196.4,10.0,0.0,6186.4,35,39,100
30/06/2026,Cainta,58,G23,1810.7,2.9,0.0,1807.8,16,20,50
30/06/2026,Cainta,58,G27,1742.3,2.8,0.0,1739.5,31,38,50
30/06/2026,Cainta,58,GAUZE PAD,257.8,5.9,0.0,251.9,37,36,50
30/06/2026,Cainta,58,COTTON BALLS,6403.0,24.7,0.0,6378.3,28,28,240
30/06/2026,Cainta,58,BETADINE,17.4,0.3,0.0,17.1,20,27,50
30/06/2026,Cainta,58,ALCOHOL,8.3,0.3,0.0,8.0,38,36,50
30/06/2026,Cainta,58,FACEMASK,1820.8,13.1,182.3,1990.0,19,23,100
30/06/2026,Cainta,58,GLOVES,2570.3,11.1,0.0,2559.2,22,20,100
30/06/2026,Cainta,58,MICROPRE,74.8,2.9,0.0,71.9,18,23,50
30/06/2026,Cainta,58,STERILE WATER,206.3,1.7,0.0,204.6,25,23,50
30/06/2026,Cainta,58,REF THERMOMETER,9.0,0.6,0.0,8.4,24,28,50
30/06/2026,Cainta,58,ACRYLIC CONTAINERS,42.8,1.1,15.4,57.1,26,30,50
30/06/2026,Cainta,58,COOLER,5.5,0.3,0.0,5.2,36,33,50
30/06/2026,Cainta,58,KIDNEY BASIN,14.6,1.2,0.0,13.4,26,28,50
30/06/2026,Cainta,58,WEIGHING SCALE,2.5,0.3,0.0,2.2,26,35,50
30/06/2026,Cainta,58,FORCEPS,1.1,1.2,15.1,15.0,35,42,50
30/06/2026,Cainta,58,BETADINE CONTAINER,9.7,0.6,0.0,9.1,33,46,50
30/06/2026,Cainta,58,ALCOHOL PUMP CONTAINER,10.0,0.6,0.0,9.4,20,25,50
01/07/2026,Cainta,55,SPEEDA,3085.1,8.8,0.0,3076.3,14,17,70
01/07/2026,Cainta,55,ABHAYRAB,403.9,2.7,0.0,401.2,28,32,50
01/07/2026,Cainta,55,VAXIRAB,219.5,2.9,0.0,216.6,32,44,50
01/07/2026,Cainta,55,CHIRORAB,6.5,2.7,29.4,33.2,26,29,50
01/07/2026,Cainta,55,ERIG,29.1,2.2,0.0,26.9,18,19,50
01/07/2026,Cainta,55,HRIG,33.9,1.1,0.0,32.8,30,39,50
01/07/2026,Cainta,55,"ATS 1,500 ""IU""",19.6,1.1,19.0,37.5,28,38,50
01/07/2026,Cainta,55,"ATS 3000 ""IU""",89.3,1.1,0.0,88.2,26,28,50
01/07/2026,Cainta,55,"ATS 5,000 ""IU""",63.5,1.1,0.0,62.4,33,29,50
01/07/2026,Cainta,55,HTIG,15.3,0.5,0.0,14.8,31,36,50
01/07/2026,Cainta,55,TOXOID BETT,5395.3,5.7,0.0,5389.6,28,35,50
01/07/2026,Cainta,55,TOXOID ABHAYTOX,371.3,1.1,0.0,370.2,28,29,50
01/07/2026,Cainta,55,PPD,7.6,0.3,0.0,7.3,28,35,50
01/07/2026,Cainta,55,HEPA B,47.6,1.1,0.0,46.5,25,28,50
01/07/2026,Cainta,55,HEPA BIG,4.6,1.1,0.0,3.5,24,24,50
01/07/2026,Cainta,55,FLU,33.4,0.6,0.0,32.8,29,34,50
01/07/2026,Cainta,55,AMOXICILLIN 500MG,5835.6,21.6,0.0,5814.0,27,28,140
01/07/2026,Cainta,55,CEFALEXIN 500 MG,9330.1,9.8,213.8,9534.1,25,32,100
01/07/2026,Cainta,55,MEFENAMIC 500 MG,7301.4,13.1,0.0,7288.3,17,14,120
01/07/2026,Cainta,55,INSULIN,882.7,15.6,0.0,867.1,29,37,150
01/07/2026,Cainta,55,1CC/3CC,3137.2,5.9,0.0,3131.3,28,28,50
01/07/2026,Cainta,55,5CC/10CC,3357.2,5.5,0.0,3351.7,21,29,50
01/07/2026,Cainta,55,CETIRIZINE,6186.4,10.0,109.8,6286.2,22,28,100
01/07/2026,Cainta,55,G23,1807.8,2.8,0.0,1805.0,19,18,50
01/07/2026,Cainta,55,G27,1739.5,2.7,0.0,1736.8,35,49,50
01/07/2026,Cainta,55,GAUZE PAD,251.9,5.2,0.0,246.7,33,36,50
01/07/2026,Cainta,55,COTTON BALLS,6378.3,23.0,0.0,6355.3,26,29,240
01/07/2026,Cainta,55,BETADINE,17.1,0.3,0.0,16.8,23,31,50
01/07/2026,Cainta,55,ALCOHOL,8.0,0.3,0.0,7.7,30,41,50
01/07/2026,Cainta,55,FACEMASK,1990.0,11.1,0.0,1978.9,25,30,100
01/07/2026,Cainta,55,GLOVES,2559.2,10.7,0.0,2548.5,35,49,100
01/07/2026,Cainta,55,MICROPRE,71.9,2.8,0.0,69.1,15,15,50
01/07/2026,Cainta,55,STERILE WATER,204.6,1.7,0.0,202.9,15,14,50
01/07/2026,Cainta,55,REF THERMOMETER,8.4,0.6,0.0,7.8,26,21,50
01/07/2026,Cainta,55,ACRYLIC CONTAINERS,57.1,1.1,0.0,56.0,18,18,50
01/07/2026,Cainta,55,COOLER,5.2,0.3,4.4,9.3,27,31,50
01/07/2026,Cainta,55,KIDNEY BASIN,13.4,1.1,0.0,12.3,31,30,50
01/07/2026,Cainta,55,WEIGHING SCALE,2.2,0.3,0.0,1.9,17,20,50
01/07/2026,Cainta,55,FORCEPS,15.0,1.1,0.0,13.9,23,19,50
01/07/2026,Cainta,55,BETADINE CONTAINER,9.1,0.5,0.0,8.6,29,29,50
01/07/2026,Cainta,55,ALCOHOL PUMP CONTAINER,9.4,0.6,0.0,8.8,32,40,50
02/07/2026,Cainta,41,SPEEDA,3076.3,6.6,0.0,3069.7,18,16,70
02/07/2026,Cainta,41,ABHAYRAB,401.2,2.0,0.0,399.2,14,17,50
02/07/2026,Cainta,41,VAXIRAB,216.6,2.0,0.0,214.6,20,25,50
02/07/2026,Cainta,41,CHIRORAB,33.2,2.0,0.0,31.2,18,21,50
02/07/2026,Cainta,41,ERIG,26.9,1.7,0.0,25.2,23,31,50
02/07/2026,Cainta,41,HRIG,32.8,0.8,0.0,32.0,19,26,50
02/07/2026,Cainta,41,"ATS 1,500 ""IU""",37.5,0.8,0.0,36.7,15,12,50
02/07/2026,Cainta,41,"ATS 3000 ""IU""",88.2,0.8,0.0,87.4,23,28,50
02/07/2026,Cainta,41,"ATS 5,000 ""IU""",62.4,0.8,0.0,61.6,19,18,50
02/07/2026,Cainta,41,HTIG,14.8,0.4,0.0,14.4,13,14,50
02/07/2026,Cainta,41,TOXOID BETT,5389.6,3.8,0.0,5385.8,19,22,50
02/07/2026,Cainta,41,TOXOID ABHAYTOX,370.2,0.8,13.0,382.4,26,32,50
02/07/2026,Cainta,41,PPD,7.3,0.2,0.0,7.1,22,29,50
02/07/2026,Cainta,41,HEPA B,46.5,0.8,0.0,45.7,15,18,50
02/07/2026,Cainta,41,HEPA BIG,3.5,0.8,0.0,2.7,22,28,50
02/07/2026,Cainta,41,FLU,32.8,0.4,18.3,50.7,15,17,50
02/07/2026,Cainta,41,AMOXICILLIN 500MG,5814.0,10.9,0.0,5803.1,19,17,140
02/07/2026,Cainta,41,CEFALEXIN 500 MG,9534.1,7.8,0.0,9526.3,19,15,100
02/07/2026,Cainta,41,MEFENAMIC 500 MG,7288.3,9.8,0.0,7278.5,14,16,120
02/07/2026,Cainta,41,INSULIN,867.1,13.7,0.0,853.4,16,20,150
02/07/2026,Cainta,41,1CC/3CC,3131.3,4.1,0.0,3127.2,26,22,50
02/07/2026,Cainta,41,5CC/10CC,3351.7,4.2,0.0,3347.5,14,15,50
02/07/2026,Cainta,41,CETIRIZINE,6286.2,7.7,0.0,6278.5,23,22,100
02/07/2026,Cainta,41,G23,1805.0,2.1,0.0,1802.9,21,24,50
02/07/2026,Cainta,41,G27,1736.8,2.1,0.0,1734.7,19,20,50
02/07/2026,Cainta,41,GAUZE PAD,246.7,4.0,21.0,263.7,13,12,50
02/07/2026,Cainta,41,COTTON BALLS,6355.3,24.0,0.0,6331.3,14,11,240
02/07/2026,Cainta,41,BETADINE,16.8,0.2,0.0,16.6,13,13,50
02/07/2026,Cainta,41,ALCOHOL,7.7,0.2,0.0,7.5,20,22,50
02/07/2026,Cainta,41,FACEMASK,1978.9,8.0,0.0,1970.9,26,35,100
02/07/2026,Cainta,41,GLOVES,2548.5,8.5,0.0,2540.0,25,23,100
02/07/2026,Cainta,41,MICROPRE,69.1,2.0,48.7,115.8,11,12,50
02/07/2026,Cainta,41,STERILE WATER,202.9,1.2,0.0,201.7,15,17,50
02/07/2026,Cainta,41,REF THERMOMETER,7.8,0.4,0.0,7.4,13,15,50
02/07/2026,Cainta,41,ACRYLIC CONTAINERS,56.0,0.8,0.0,55.2,26,26,50
02/07/2026,Cainta,41,COOLER,9.3,0.2,0.0,9.1,14,12,50
02/07/2026,Cainta,41,KIDNEY BASIN,12.3,0.8,0.0,11.5,14,19,50
02/07/2026,Cainta,41,WEIGHING SCALE,1.9,0.2,2.0,3.7,20,27,50
02/07/2026,Cainta,41,FORCEPS,13.9,0.8,0.0,13.1,19,20,50
02/07/2026,Cainta,41,BETADINE CONTAINER,8.6,0.4,0.0,8.2,14,16,50
02/07/2026,Cainta,41,ALCOHOL PUMP CONTAINER,8.8,0.4,0.0,8.4,21,17,50
03/07/2026,Cainta,18,SPEEDA,3069.7,3.1,0.0,3066.6,5,4,70
03/07/2026,Cainta,18,ABHAYRAB,399.2,0.9,0.0,398.3,5,4,50
03/07/2026,Cainta,18,VAXIRAB,214.6,0.9,40.8,254.5,5,6,50
03/07/2026,Cainta,18,CHIRORAB,31.2,0.8,0.0,30.4,7,7,50
03/07/2026,Cainta,18,ERIG,25.2,0.7,0.0,24.5,12,11,50
03/07/2026,Cainta,18,HRIG,32.0,0.4,0.0,31.6,8,6,50
03/07/2026,Cainta,18,"ATS 1,500 ""IU""",36.7,0.4,0.0,36.3,10,8,50
03/07/2026,Cainta,18,"ATS 3000 ""IU""",87.4,0.4,0.0,87.0,7,7,50
03/07/2026,Cainta,18,"ATS 5,000 ""IU""",61.6,0.4,0.0,61.2,10,11,50
03/07/2026,Cainta,18,HTIG,14.4,0.2,0.0,14.2,11,13,50
03/07/2026,Cainta,18,TOXOID BETT,5385.8,1.8,0.0,5384.0,7,8,50
03/07/2026,Cainta,18,TOXOID ABHAYTOX,382.4,0.4,0.0,382.0,12,13,50
03/07/2026,Cainta,18,PPD,7.1,0.1,0.0,7.0,9,11,50
03/07/2026,Cainta,18,HEPA B,45.7,0.4,0.0,45.3,10,10,50
03/07/2026,Cainta,18,HEPA BIG,2.7,0.4,0.0,2.3,6,6,50
03/07/2026,Cainta,18,FLU,50.7,0.2,0.0,50.5,9,12,50
03/07/2026,Cainta,18,AMOXICILLIN 500MG,5803.1,6.5,0.0,5796.6,8,10,140
03/07/2026,Cainta,18,CEFALEXIN 500 MG,9526.3,3.4,0.0,9522.9,11,12,100
03/07/2026,Cainta,18,MEFENAMIC 500 MG,7278.5,4.6,0.0,7273.9,11,11,120
03/07/2026,Cainta,18,INSULIN,853.4,5.6,0.0,847.8,7,6,150
03/07/2026,Cainta,18,1CC/3CC,3127.2,1.8,124.0,3249.4,11,9,50
03/07/2026,Cainta,18,5CC/10CC,3347.5,1.8,0.0,3345.7,11,14,50
03/07/2026,Cainta,18,CETIRIZINE,6278.5,3.7,0.0,6274.8,9,10,100
03/07/2026,Cainta,18,G23,1802.9,0.9,0.0,1802.0,5,4,50
03/07/2026,Cainta,18,G27,1734.7,0.9,118.9,1852.7,6,5,50
03/07/2026,Cainta,18,GAUZE PAD,263.7,1.9,0.0,261.8,5,5,50
03/07/2026,Cainta,18,COTTON BALLS,6331.3,10.4,0.0,6320.9,5,5,240
03/07/2026,Cainta,18,BETADINE,16.6,0.1,0.0,16.5,12,14,50
03/07/2026,Cainta,18,ALCOHOL,7.5,0.1,0.0,7.4,6,6,50
03/07/2026,Cainta,18,FACEMASK,1970.9,3.5,0.0,1967.4,9,12,100
03/07/2026,Cainta,18,GLOVES,2540.0,4.1,0.0,2535.9,9,11,100
03/07/2026,Cainta,18,MICROPRE,115.8,0.9,0.0,114.9,9,12,50
03/07/2026,Cainta,18,STERILE WATER,201.7,0.5,0.0,201.2,6,8,50
03/07/2026,Cainta,18,REF THERMOMETER,7.4,0.2,0.0,7.2,9,12,50
03/07/2026,Cainta,18,ACRYLIC CONTAINERS,55.2,0.4,0.0,54.8,9,12,50
03/07/2026,Cainta,18,COOLER,9.1,0.1,0.0,9.0,9,9,50
03/07/2026,Cainta,18,KIDNEY BASIN,11.5,0.4,0.0,11.1,6,6,50
03/07/2026,Cainta,18,WEIGHING SCALE,3.7,0.1,0.0,3.6,10,9,50
03/07/2026,Cainta,18,FORCEPS,13.1,0.4,0.0,12.7,5,6,50
03/07/2026,Cainta,18,BETADINE CONTAINER,8.2,0.2,0.0,8.0,9,11,50
03/07/2026,Cainta,18,ALCOHOL PUMP CONTAINER,8.4,0.2,0.0,8.2,8,7,50
04/07/2026,Cainta,14,SPEEDA,3066.6,2.3,0.0,3064.3,5,6,70
04/07/2026,Cainta,14,ABHAYRAB,398.3,0.7,0.0,397.6,8,10,50
04/07/2026,Cainta,14,VAXIRAB,254.5,0.7,0.0,253.8,4,5,50
04/07/2026,Cainta,14,CHIRORAB,30.4,0.7,0.0,29.7,9,10,50
04/07/2026,Cainta,14,ERIG,24.5,0.6,0.0,23.9,8,7,50
04/07/2026,Cainta,14,HRIG,31.6,0.3,0.0,31.3,6,7,50
04/07/2026,Cainta,14,"ATS 1,500 ""IU""",36.3,0.3,0.0,36.0,5,4,50
04/07/2026,Cainta,14,"ATS 3000 ""IU""",87.0,0.3,18.5,105.2,4,5,50
04/07/2026,Cainta,14,"ATS 5,000 ""IU""",61.2,0.3,0.0,60.9,9,9,50
04/07/2026,Cainta,14,HTIG,14.2,0.1,0.0,14.1,7,7,50
04/07/2026,Cainta,14,TOXOID BETT,5384.0,1.5,0.0,5382.5,4,4,50
04/07/2026,Cainta,14,TOXOID ABHAYTOX,382.0,0.3,0.0,381.7,6,7,50
04/07/2026,Cainta,14,PPD,7.0,0.1,0.0,6.9,4,4,50
04/07/2026,Cainta,14,HEPA B,45.3,0.3,0.0,45.0,7,10,50
04/07/2026,Cainta,14,HEPA BIG,2.3,0.3,0.0,2.0,6,5,50
04/07/2026,Cainta,14,FLU,50.5,0.1,0.0,50.4,4,5,50
04/07/2026,Cainta,14,AMOXICILLIN 500MG,5796.6,4.3,0.0,5792.3,8,6,140
04/07/2026,Cainta,14,CEFALEXIN 500 MG,9522.9,2.8,0.0,9520.1,5,5,100
04/07/2026,Cainta,14,MEFENAMIC 500 MG,7273.9,3.9,0.0,7270.0,7,10,120
04/07/2026,Cainta,14,INSULIN,847.8,5.1,0.0,842.7,7,9,150
04/07/2026,Cainta,14,1CC/3CC,3249.4,1.3,0.0,3248.1,9,11,50
04/07/2026,Cainta,14,5CC/10CC,3345.7,1.4,0.0,3344.3,6,7,50
04/07/2026,Cainta,14,CETIRIZINE,6274.8,3.0,0.0,6271.8,9,9,100
04/07/2026,Cainta,14,G23,1802.0,0.7,0.0,1801.3,5,6,50
04/07/2026,Cainta,14,G27,1852.7,0.7,0.0,1852.0,8,7,50
04/07/2026,Cainta,14,GAUZE PAD,261.8,1.5,0.0,260.3,5,6,50
04/07/2026,Cainta,14,COTTON BALLS,6320.9,5.4,0.0,6315.5,7,10,240
04/07/2026,Cainta,14,BETADINE,16.5,0.1,0.0,16.4,4,5,50
04/07/2026,Cainta,14,ALCOHOL,7.4,0.1,0.0,7.3,9,11,50
04/07/2026,Cainta,14,FACEMASK,1967.4,2.6,0.0,1964.8,9,11,100
04/07/2026,Cainta,14,GLOVES,2535.9,3.0,0.0,2532.9,6,7,100
04/07/2026,Cainta,14,MICROPRE,114.9,0.7,0.0,114.2,6,6,50
04/07/2026,Cainta,14,STERILE WATER,201.2,0.4,0.0,200.8,7,9,50
04/07/2026,Cainta,14,REF THERMOMETER,7.2,0.1,0.0,7.1,5,6,50
04/07/2026,Cainta,14,ACRYLIC CONTAINERS,54.8,0.3,0.0,54.5,7,7,50
04/07/2026,Cainta,14,COOLER,9.0,0.1,0.0,8.9,7,9,50
04/07/2026,Cainta,14,KIDNEY BASIN,11.1,0.3,0.0,10.8,6,5,50
04/07/2026,Cainta,14,WEIGHING SCALE,3.6,0.1,0.0,3.5,4,5,50
04/07/2026,Cainta,14,FORCEPS,12.7,0.3,9.2,21.6,9,12,50
04/07/2026,Cainta,14,BETADINE CONTAINER,8.0,0.1,0.0,7.9,4,4,50
04/07/2026,Cainta,14,ALCOHOL PUMP CONTAINER,8.2,0.1,0.0,8.1,7,6,50
05/07/2026,Cainta,5,SPEEDA,3064.3,0.7,0.0,3063.6,1,1,70
05/07/2026,Cainta,5,ABHAYRAB,397.6,0.2,0.0,397.4,2,2,50
05/07/2026,Cainta,5,VAXIRAB,253.8,0.3,0.0,253.5,1,1,50
05/07/2026,Cainta,5,CHIRORAB,29.7,0.2,0.0,29.5,2,2,50
05/07/2026,Cainta,5,ERIG,23.9,0.2,0.0,23.7,3,3,50
05/07/2026,Cainta,5,HRIG,31.3,0.1,0.0,31.2,2,2,50
05/07/2026,Cainta,5,"ATS 1,500 ""IU""",36.0,0.1,0.0,35.9,3,4,50
05/07/2026,Cainta,5,"ATS 3000 ""IU""",105.2,0.1,0.0,105.1,3,3,50
05/07/2026,Cainta,5,"ATS 5,000 ""IU""",60.9,0.1,0.0,60.8,2,3,50
05/07/2026,Cainta,5,HTIG,14.1,0.1,0.0,14.0,1,1,50
05/07/2026,Cainta,5,TOXOID BETT,5382.5,0.5,0.0,5382.0,3,3,50
05/07/2026,Cainta,5,TOXOID ABHAYTOX,381.7,0.1,0.0,381.6,3,3,50
05/07/2026,Cainta,5,PPD,6.9,0.0,0.0,6.9,2,2,50
05/07/2026,Cainta,5,HEPA B,45.0,0.1,0.0,44.9,2,3,50
05/07/2026,Cainta,5,HEPA BIG,2.0,0.1,0.0,1.9,3,3,50
05/07/2026,Cainta,5,FLU,50.4,0.1,0.0,50.3,1,1,50
05/07/2026,Cainta,5,AMOXICILLIN 500MG,5792.3,1.4,0.0,5790.9,3,4,140
05/07/2026,Cainta,5,CEFALEXIN 500 MG,9520.1,1.0,0.0,9519.1,1,1,100
05/07/2026,Cainta,5,MEFENAMIC 500 MG,7270.0,1.2,0.0,7268.8,3,3,120
05/07/2026,Cainta,5,INSULIN,842.7,1.4,0.0,841.3,2,3,150
05/07/2026,Cainta,5,1CC/3CC,3248.1,0.4,0.0,3247.7,3,4,50
05/07/2026,Cainta,5,5CC/10CC,3344.3,0.5,0.0,3343.8,1,1,50
05/07/2026,Cainta,5,CETIRIZINE,6271.8,0.9,0.0,6270.9,2,2,100
05/07/2026,Cainta,5,G23,1801.3,0.2,65.2,1866.3,2,2,50
05/07/2026,Cainta,5,G27,1852.0,0.3,0.0,1851.7,3,3,50
05/07/2026,Cainta,5,GAUZE PAD,260.3,0.5,0.0,259.8,1,1,50
05/07/2026,Cainta,5,COTTON BALLS,6315.5,2.3,0.0,6313.2,1,1,240
05/07/2026,Cainta,5,BETADINE,16.4,0.0,0.0,16.4,3,4,50
05/07/2026,Cainta,5,ALCOHOL,7.3,0.0,0.0,7.3,1,1,50
05/07/2026,Cainta,5,FACEMASK,1964.8,0.9,0.0,1963.9,2,3,100
05/07/2026,Cainta,5,GLOVES,2532.9,1.0,0.0,2531.9,3,3,100
05/07/2026,Cainta,5,MICROPRE,114.2,0.3,0.0,113.9,3,4,50
05/07/2026,Cainta,5,STERILE WATER,200.8,0.1,0.0,200.7,3,2,50
05/07/2026,Cainta,5,REF THERMOMETER,7.1,0.1,0.0,7.0,2,3,50
05/07/2026,Cainta,5,ACRYLIC CONTAINERS,54.5,0.1,0.0,54.4,2,2,50
05/07/2026,Cainta,5,COOLER,8.9,0.0,0.0,8.9,3,3,50
05/07/2026,Cainta,5,KIDNEY BASIN,10.8,0.1,0.0,10.7,2,2,50
05/07/2026,Cainta,5,WEIGHING SCALE,3.5,0.0,0.0,3.5,3,3,50
05/07/2026,Cainta,5,FORCEPS,21.6,0.1,0.0,21.5,1,1,50
05/07/2026,Cainta,5,BETADINE CONTAINER,7.9,0.1,0.0,7.8,3,3,50
05/07/2026,Cainta,5,ALCOHOL PUMP CONTAINER,8.1,0.1,0.0,8.0,3,3,50
06/07/2026,Cainta,32,SPEEDA,3063.6,4.8,170.5,3229.3,14,15,70
06/07/2026,Cainta,32,ABHAYRAB,397.4,1.6,0.0,395.8,14,15,50
06/07/2026,Cainta,32,VAXIRAB,253.5,1.6,0.0,251.9,10,12,50
06/07/2026,Cainta,32,CHIRORAB,29.5,1.6,0.0,27.9,12,13,50
06/07/2026,Cainta,32,ERIG,23.7,1.3,0.0,22.4,17,15,50
06/07/2026,Cainta,32,HRIG,31.2,0.6,0.0,30.6,15,20,50
06/07/2026,Cainta,32,"ATS 1,500 ""IU""",35.9,0.6,0.0,35.3,15,16,50
06/07/2026,Cainta,32,"ATS 3000 ""IU""",105.1,0.6,0.0,104.5,10,12,50
06/07/2026,Cainta,32,"ATS 5,000 ""IU""",60.8,0.6,0.0,60.2,17,23,50
06/07/2026,Cainta,32,HTIG,14.0,0.3,0.0,13.7,13,16,50
06/07/2026,Cainta,32,TOXOID BETT,5382.0,3.3,0.0,5378.7,10,11,50
06/07/2026,Cainta,32,TOXOID ABHAYTOX,381.6,0.6,0.0,381.0,20,23,50
06/07/2026,Cainta,32,PPD,6.9,0.2,0.0,6.7,14,18,50
06/07/2026,Cainta,32,HEPA B,44.9,0.6,0.0,44.3,15,19,50
06/07/2026,Cainta,32,HEPA BIG,1.9,0.6,0.0,1.3,21,19,50
06/07/2026,Cainta,32,FLU,50.3,0.3,0.0,50.0,13,15,50
06/07/2026,Cainta,32,AMOXICILLIN 500MG,5790.9,9.8,0.0,5781.1,20,26,140
06/07/2026,Cainta,32,CEFALEXIN 500 MG,9519.1,6.8,0.0,9512.3,17,22,100
06/07/2026,Cainta,32,MEFENAMIC 500 MG,7268.8,7.5,0.0,7261.3,16,14,120
06/07/2026,Cainta,32,INSULIN,841.3,7.2,0.0,834.1,11,12,150
06/07/2026,Cainta,32,1CC/3CC,3247.7,3.1,0.0,3244.6,9,10,50
06/07/2026,Cainta,32,5CC/10CC,3343.8,3.3,0.0,3340.5,14,13,50
06/07/2026,Cainta,32,CETIRIZINE,6270.9,7.1,0.0,6263.8,8,10,100
06/07/2026,Cainta,32,G23,1866.3,1.5,0.0,1864.8,9,10,50
06/07/2026,Cainta,32,G27,1851.7,1.7,0.0,1850.0,16,16,50
06/07/2026,Cainta,32,GAUZE PAD,259.8,3.1,0.0,256.7,17,17,50
06/07/2026,Cainta,32,COTTON BALLS,6313.2,17.2,0.0,6296.0,10,13,240
06/07/2026,Cainta,32,BETADINE,16.4,0.2,0.0,16.2,17,22,50
06/07/2026,Cainta,32,ALCOHOL,7.3,0.2,0.0,7.1,20,26,50
06/07/2026,Cainta,32,FACEMASK,1963.9,7.0,0.0,1956.9,18,24,100
06/07/2026,Cainta,32,GLOVES,2531.9,5.7,0.0,2526.2,18,25,100
06/07/2026,Cainta,32,MICROPRE,113.9,1.6,0.0,112.3,17,19,50
06/07/2026,Cainta,32,STERILE WATER,200.7,1.0,0.0,199.7,11,9,50
06/07/2026,Cainta,32,REF THERMOMETER,7.0,0.3,0.0,6.7,13,17,50
06/07/2026,Cainta,32,ACRYLIC CONTAINERS,54.4,0.6,17.3,71.1,20,24,50
06/07/2026,Cainta,32,COOLER,8.9,0.2,0.0,8.7,16,16,50
06/07/2026,Cainta,32,KIDNEY BASIN,10.7,0.7,0.0,10.0,18,25,50
06/07/2026,Cainta,32,WEIGHING SCALE,3.5,0.2,0.0,3.3,20,20,50
06/07/2026,Cainta,32,FORCEPS,21.5,0.6,0.0,20.9,11,15,50
06/07/2026,Cainta,32,BETADINE CONTAINER,7.8,0.3,0.0,7.5,12,14,50
06/07/2026,Cainta,32,ALCOHOL PUMP CONTAINER,8.0,0.3,0.0,7.7,16,13,50
07/07/2026,Cainta,29,SPEEDA,3229.3,3.9,0.0,3225.4,8,11,70
07/07/2026,Cainta,29,ABHAYRAB,395.8,1.4,0.0,394.4,14,18,50
07/07/2026,Cainta,29,VAXIRAB,251.9,1.5,0.0,250.4,17,20,50
07/07/2026,Cainta,29,CHIRORAB,27.9,1.4,27.7,54.2,14,16,50
07/07/2026,Cainta,29,ERIG,22.4,1.2,0.0,21.2,11,10,50
07/07/2026,Cainta,29,HRIG,30.6,0.6,9.7,39.7,16,15,50
07/07/2026,Cainta,29,"ATS 1,500 ""IU""",35.3,0.6,0.0,34.7,9,7,50
07/07/2026,Cainta,29,"ATS 3000 ""IU""",104.5,0.6,0.0,103.9,18,16,50
07/07/2026,Cainta,29,"ATS 5,000 ""IU""",60.2,0.6,0.0,59.6,8,8,50
07/07/2026,Cainta,29,HTIG,13.7,0.3,0.0,13.4,17,19,50
07/07/2026,Cainta,29,TOXOID BETT,5378.7,2.9,0.0,5375.8,13,11,50
07/07/2026,Cainta,29,TOXOID ABHAYTOX,381.0,0.6,21.0,401.4,12,14,50
07/07/2026,Cainta,29,PPD,6.7,0.1,0.0,6.6,13,12,50
07/07/2026,Cainta,29,HEPA B,44.3,0.6,23.9,67.6,10,10,50
07/07/2026,Cainta,29,HEPA BIG,1.3,0.6,0.0,0.7,13,18,50
07/07/2026,Cainta,29,FLU,50.0,0.3,0.0,49.7,17,24,50
07/07/2026,Cainta,29,AMOXICILLIN 500MG,5781.1,9.6,0.0,5771.5,17,22,140
07/07/2026,Cainta,29,CEFALEXIN 500 MG,9512.3,5.9,0.0,9506.4,9,7,100
07/07/2026,Cainta,29,MEFENAMIC 500 MG,7261.3,8.7,0.0,7252.6,15,19,120
07/07/2026,Cainta,29,INSULIN,834.1,9.3,0.0,824.8,17,15,150
07/07/2026,Cainta,29,1CC/3CC,3244.6,3.1,0.0,3241.5,17,19,50
07/07/2026,Cainta,29,5CC/10CC,3340.5,3.0,0.0,3337.5,12,16,50
07/07/2026,Cainta,29,CETIRIZINE,6263.8,4.8,0.0,6259.0,8,8,100
07/07/2026,Cainta,29,G23,1864.8,1.5,0.0,1863.3,18,24,50
07/07/2026,Cainta,29,G27,1850.0,1.5,0.0,1848.5,12,15,50
07/07/2026,Cainta,29,GAUZE PAD,256.7,2.9,0.0,253.8,11,11,50
07/07/2026,Cainta,29,COTTON BALLS,6296.0,15.3,0.0,6280.7,16,14,240
07/07/2026,Cainta,29,BETADINE,16.2,0.1,0.0,16.1,10,13,50
07/07/2026,Cainta,29,ALCOHOL,7.1,0.1,0.0,7.0,17,18,50
07/07/2026,Cainta,29,FACEMASK,1956.9,5.5,0.0,1951.4,8,7,100
07/07/2026,Cainta,29,GLOVES,2526.2,6.6,0.0,2519.6,16,14,100
07/07/2026,Cainta,29,MICROPRE,112.3,1.4,0.0,110.9,18,25,50
07/07/2026,Cainta,29,STERILE WATER,199.7,0.9,0.0,198.8,19,18,50
07/07/2026,Cainta,29,REF THERMOMETER,6.7,0.3,0.0,6.4,18,25,50
07/07/2026,Cainta,29,ACRYLIC CONTAINERS,71.1,0.6,0.0,70.5,17,21,50
07/07/2026,Cainta,29,COOLER,8.7,0.1,0.0,8.6,10,10,50
07/07/2026,Cainta,29,KIDNEY BASIN,10.0,0.6,0.0,9.4,18,19,50
07/07/2026,Cainta,29,WEIGHING SCALE,3.3,0.1,0.0,3.2,18,23,50
07/07/2026,Cainta,29,FORCEPS,20.9,0.6,0.0,20.3,13,14,50
07/07/2026,Cainta,29,BETADINE CONTAINER,7.5,0.3,0.0,7.2,12,10,50
07/07/2026,Cainta,29,ALCOHOL PUMP CONTAINER,7.7,0.3,0.0,7.4,9,8,50
08/07/2026,Cainta,29,SPEEDA,3225.4,4.0,0.0,3221.4,14,18,70
08/07/2026,Cainta,29,ABHAYRAB,394.4,1.5,0.0,392.9,15,18,50
08/07/2026,Cainta,29,VAXIRAB,250.4,1.5,0.0,248.9,12,13,50
08/07/2026,Cainta,29,CHIRORAB,54.2,1.4,0.0,52.8,12,11,50
08/07/2026,Cainta,29,ERIG,21.2,1.2,0.0,20.0,14,15,50
08/07/2026,Cainta,29,HRIG,39.7,0.6,0.0,39.1,8,10,50
08/07/2026,Cainta,29,"ATS 1,500 ""IU""",34.7,0.6,0.0,34.1,18,15,50
08/07/2026,Cainta,29,"ATS 3000 ""IU""",103.9,0.6,0.0,103.3,11,15,50
08/07/2026,Cainta,29,"ATS 5,000 ""IU""",59.6,0.6,0.0,59.0,9,12,50
08/07/2026,Cainta,29,HTIG,13.4,0.3,0.0,13.1,7,7,50
08/07/2026,Cainta,29,TOXOID BETT,5375.8,2.6,149.7,5522.9,17,22,50
08/07/2026,Cainta,29,TOXOID ABHAYTOX,401.4,0.6,0.0,400.8,17,21,50
08/07/2026,Cainta,29,PPD,6.6,0.1,0.0,6.5,8,10,50
08/07/2026,Cainta,29,HEPA B,67.6,0.6,0.0,67.0,9,8,50
08/07/2026,Cainta,29,HEPA BIG,0.7,0.6,0.0,0.1,12,16,50
08/07/2026,Cainta,29,FLU,49.7,0.3,0.0,49.4,9,10,50
08/07/2026,Cainta,29,AMOXICILLIN 500MG,5771.5,12.7,206.7,5965.5,16,21,140
08/07/2026,Cainta,29,CEFALEXIN 500 MG,9506.4,5.7,0.0,9500.7,8,8,100
08/07/2026,Cainta,29,MEFENAMIC 500 MG,7252.6,7.1,282.6,7528.1,14,14,120
08/07/2026,Cainta,29,INSULIN,824.8,7.7,0.0,817.1,12,17,150
08/07/2026,Cainta,29,1CC/3CC,3241.5,2.9,0.0,3238.6,13,14,50
08/07/2026,Cainta,29,5CC/10CC,3337.5,3.0,0.0,3334.5,12,10,50
08/07/2026,Cainta,29,CETIRIZINE,6259.0,6.5,0.0,6252.5,9,12,100
08/07/2026,Cainta,29,G23,1863.3,1.4,0.0,1861.9,10,9,50
08/07/2026,Cainta,29,G27,1848.5,1.4,0.0,1847.1,8,11,50
08/07/2026,Cainta,29,GAUZE PAD,253.8,3.0,0.0,250.8,9,12,50
08/07/2026,Cainta,29,COTTON BALLS,6280.7,16.3,286.5,6550.9,19,16,240
08/07/2026,Cainta,29,BETADINE,16.1,0.1,0.0,16.0,10,11,50
08/07/2026,Cainta,29,ALCOHOL,7.0,0.1,0.0,6.9,11,15,50
08/07/2026,Cainta,29,FACEMASK,1951.4,5.3,0.0,1946.1,9,12,100
08/07/2026,Cainta,29,GLOVES,2519.6,6.8,187.7,2700.5,16,18,100
08/07/2026,Cainta,29,MICROPRE,110.9,1.5,0.0,109.4,18,22,50
08/07/2026,Cainta,29,STERILE WATER,198.8,0.8,16.4,214.4,16,19,50
08/07/2026,Cainta,29,REF THERMOMETER,6.4,0.3,0.0,6.1,14,13,50
08/07/2026,Cainta,29,ACRYLIC CONTAINERS,70.5,0.6,13.4,83.3,17,20,50
08/07/2026,Cainta,29,COOLER,8.6,0.1,3.6,12.1,12,12,50
08/07/2026,Cainta,29,KIDNEY BASIN,9.4,0.6,0.0,8.8,17,17,50
08/07/2026,Cainta,29,WEIGHING SCALE,3.2,0.1,0.0,3.1,17,18,50
08/07/2026,Cainta,29,FORCEPS,20.3,0.6,0.0,19.7,7,9,50
08/07/2026,Cainta,29,BETADINE CONTAINER,7.2,0.3,0.0,6.9,13,12,50
08/07/2026,Cainta,29,ALCOHOL PUMP CONTAINER,7.4,0.3,0.0,7.1,10,10,50
09/07/2026,Cainta,29,SPEEDA,3221.4,4.0,0.0,3217.4,8,6,70
09/07/2026,Cainta,29,ABHAYRAB,392.9,1.5,0.0,391.4,17,15,50
09/07/2026,Cainta,29,VAXIRAB,248.9,1.4,0.0,247.5,7,10,50
09/07/2026,Cainta,29,CHIRORAB,52.8,1.4,0.0,51.4,16,17,50
09/07/2026,Cainta,29,ERIG,20.0,1.2,0.0,18.8,19,17,50
09/07/2026,Cainta,29,HRIG,39.1,0.6,0.0,38.5,13,18,50
09/07/2026,Cainta,29,"ATS 1,500 ""IU""",34.1,0.6,0.0,33.5,12,10,50
09/07/2026,Cainta,29,"ATS 3000 ""IU""",103.3,0.6,0.0,102.7,14,15,50
09/07/2026,Cainta,29,"ATS 5,000 ""IU""",59.0,0.6,0.0,58.4,17,22,50
09/07/2026,Cainta,29,HTIG,13.1,0.3,0.0,12.8,10,13,50
09/07/2026,Cainta,29,TOXOID BETT,5522.9,2.7,196.9,5717.1,10,9,50
09/07/2026,Cainta,29,TOXOID ABHAYTOX,400.8,0.6,0.0,400.2,14,17,50
09/07/2026,Cainta,29,PPD,6.5,0.1,0.0,6.4,18,21,50
09/07/2026,Cainta,29,HEPA B,67.0,0.6,0.0,66.4,11,13,50
09/07/2026,Cainta,29,HEPA BIG,0.1,0.6,16.5,16.0,12,12,50
09/07/2026,Cainta,29,FLU,49.4,0.3,0.0,49.1,19,24,50
09/07/2026,Cainta,29,AMOXICILLIN 500MG,5965.5,7.2,0.0,5958.3,9,10,140
09/07/2026,Cainta,29,CEFALEXIN 500 MG,9500.7,6.6,0.0,9494.1,8,10,100
09/07/2026,Cainta,29,MEFENAMIC 500 MG,7528.1,7.1,0.0,7521.0,14,19,120
09/07/2026,Cainta,29,INSULIN,817.1,9.3,0.0,807.8,8,11,150
09/07/2026,Cainta,29,1CC/3CC,3238.6,2.8,175.2,3411.0,9,11,50
09/07/2026,Cainta,29,5CC/10CC,3334.5,3.0,0.0,3331.5,14,14,50
09/07/2026,Cainta,29,CETIRIZINE,6252.5,6.0,0.0,6246.5,15,12,100
09/07/2026,Cainta,29,G23,1861.9,1.4,0.0,1860.5,13,15,50
09/07/2026,Cainta,29,G27,1847.1,1.4,0.0,1845.7,12,10,50
09/07/2026,Cainta,29,GAUZE PAD,250.8,2.7,0.0,248.1,14,17,50
09/07/2026,Cainta,29,COTTON BALLS,6550.9,15.1,0.0,6535.8,15,19,240
09/07/2026,Cainta,29,BETADINE,16.0,0.1,0.0,15.9,17,19,50
09/07/2026,Cainta,29,ALCOHOL,6.9,0.1,0.0,6.8,16,14,50
09/07/2026,Cainta,29,FACEMASK,1946.1,5.7,0.0,1940.4,15,20,100
09/07/2026,Cainta,29,GLOVES,2700.5,5.2,0.0,2695.3,18,21,100
09/07/2026,Cainta,29,MICROPRE,109.4,1.4,0.0,108.0,17,19,50
09/07/2026,Cainta,29,STERILE WATER,214.4,0.9,0.0,213.5,9,10,50
09/07/2026,Cainta,29,REF THERMOMETER,6.1,0.3,0.0,5.8,18,15,50
09/07/2026,Cainta,29,ACRYLIC CONTAINERS,83.3,0.6,0.0,82.7,18,22,50
09/07/2026,Cainta,29,COOLER,12.1,0.1,0.0,12.0,11,9,50
09/07/2026,Cainta,29,KIDNEY BASIN,8.8,0.6,0.0,8.2,7,8,50
09/07/2026,Cainta,29,WEIGHING SCALE,3.1,0.1,0.0,3.0,14,13,50
09/07/2026,Cainta,29,FORCEPS,19.7,0.6,0.0,19.1,12,11,50
09/07/2026,Cainta,29,BETADINE CONTAINER,6.9,0.3,0.0,6.6,16,15,50
09/07/2026,Cainta,29,ALCOHOL PUMP CONTAINER,7.1,0.3,0.0,6.8,13,11,50
10/07/2026,Cainta,22,SPEEDA,3217.4,3.3,0.0,3214.1,6,8,70
10/07/2026,Cainta,22,ABHAYRAB,391.4,1.1,0.0,390.3,8,10,50
10/07/2026,Cainta,22,VAXIRAB,247.5,1.1,0.0,246.4,13,11,50
10/07/2026,Cainta,22,CHIRORAB,51.4,1.1,0.0,50.3,6,5,50
10/07/2026,Cainta,22,ERIG,18.8,0.9,0.0,17.9,12,15,50
10/07/2026,Cainta,22,HRIG,38.5,0.4,0.0,38.1,8,6,50
10/07/2026,Cainta,22,"ATS 1,500 ""IU""",33.5,0.4,0.0,33.1,9,10,50
10/07/2026,Cainta,22,"ATS 3000 ""IU""",102.7,0.4,0.0,102.3,10,9,50
10/07/2026,Cainta,22,"ATS 5,000 ""IU""",58.4,0.4,0.0,58.0,8,9,50
10/07/2026,Cainta,22,HTIG,12.8,0.2,0.0,12.6,11,15,50
10/07/2026,Cainta,22,TOXOID BETT,5717.1,2.3,0.0,5714.8,12,11,50
10/07/2026,Cainta,22,TOXOID ABHAYTOX,400.2,0.4,0.0,399.8,6,8,50
10/07/2026,Cainta,22,PPD,6.4,0.1,0.0,6.3,9,12,50
10/07/2026,Cainta,22,HEPA B,66.4,0.4,0.0,66.0,12,17,50
10/07/2026,Cainta,22,HEPA BIG,16.0,0.4,0.0,15.6,12,15,50
10/07/2026,Cainta,22,FLU,49.1,0.2,0.0,48.9,10,13,50
10/07/2026,Cainta,22,AMOXICILLIN 500MG,5958.3,6.3,0.0,5952.0,12,14,140
10/07/2026,Cainta,22,CEFALEXIN 500 MG,9494.1,5.2,0.0,9488.9,6,8,100
10/07/2026,Cainta,22,MEFENAMIC 500 MG,7521.0,5.8,0.0,7515.2,7,6,120
10/07/2026,Cainta,22,INSULIN,807.8,6.8,0.0,801.0,11,14,150
10/07/2026,Cainta,22,1CC/3CC,3411.0,2.3,0.0,3408.7,12,14,50
10/07/2026,Cainta,22,5CC/10CC,3331.5,2.2,0.0,3329.3,13,11,50
10/07/2026,Cainta,22,CETIRIZINE,6246.5,4.2,0.0,6242.3,7,7,100
10/07/2026,Cainta,22,G23,1860.5,1.1,0.0,1859.4,10,9,50
10/07/2026,Cainta,22,G27,1845.7,1.1,0.0,1844.6,11,11,50
10/07/2026,Cainta,22,GAUZE PAD,248.1,2.2,0.0,245.9,7,6,50
10/07/2026,Cainta,22,COTTON BALLS,6535.8,8.1,0.0,6527.7,10,10,240
10/07/2026,Cainta,22,BETADINE,15.9,0.1,0.0,15.8,11,11,50
10/07/2026,Cainta,22,ALCOHOL,6.8,0.1,0.0,6.7,7,8,50
10/07/2026,Cainta,22,FACEMASK,1940.4,5.2,189.3,2124.5,9,8,100
10/07/2026,Cainta,22,GLOVES,2695.3,3.8,0.0,2691.5,7,7,100
10/07/2026,Cainta,22,MICROPRE,108.0,1.1,0.0,106.9,13,13,50
10/07/2026,Cainta,22,STERILE WATER,213.5,0.7,0.0,212.8,8,9,50
10/07/2026,Cainta,22,REF THERMOMETER,5.8,0.2,0.0,5.6,7,6,50
10/07/2026,Cainta,22,ACRYLIC CONTAINERS,82.7,0.4,0.0,82.3,6,8,50
10/07/2026,Cainta,22,COOLER,12.0,0.1,0.0,11.9,6,6,50
10/07/2026,Cainta,22,KIDNEY BASIN,8.2,0.4,0.0,7.8,7,7,50
10/07/2026,Cainta,22,WEIGHING SCALE,3.0,0.1,0.0,2.9,11,12,50
10/07/2026,Cainta,22,FORCEPS,19.1,0.4,0.0,18.7,6,8,50
10/07/2026,Cainta,22,BETADINE CONTAINER,6.6,0.2,0.0,6.4,8,9,50
10/07/2026,Cainta,22,ALCOHOL PUMP CONTAINER,6.8,0.2,0.0,6.6,6,6,50
